
/Users/dtope/projects/CS122/CS122-FinalProject/ppmRead/ppmRead.elf:     file format elf32-littlearm

Sections:
Idx Name          Size      VMA       LMA       File off  Algn
  0 .text         000068e8  10000000  10000000  00001000  2**3
                  CONTENTS, ALLOC, LOAD, READONLY, CODE
  1 .rodata       000004d0  100068e8  100068e8  000078e8  2**3
                  CONTENTS, ALLOC, LOAD, READONLY, DATA
  2 .ARM.exidx    00000008  10006db8  10006db8  00007db8  2**2
                  CONTENTS, ALLOC, LOAD, READONLY, DATA
  3 .binary_info  00000030  10006dc0  10006dc0  00007dc0  2**2
                  CONTENTS, ALLOC, LOAD, READONLY, DATA
  4 .ram_vector_table 00000110  20000000  20000000  0000a000  2**2
                  ALLOC
  5 .uninitialized_data 00000000  20000110  20000110  00009f38  2**0
                  CONTENTS
  6 .data         00001134  20000110  10006df0  00008110  2**3
                  CONTENTS, ALLOC, LOAD, READONLY, CODE
  7 .tdata        00000000  20001244  20001244  00009f38  2**0
                  CONTENTS, ALLOC, LOAD, DATA, THREAD_LOCAL
  8 .tbss         00000000  20001244  20001244  00000000  2**0
                  ALLOC, THREAD_LOCAL
  9 .bss          00000c70  20001248  10007f24  0000a248  2**3
                  ALLOC
 10 .heap         00000800  20001eb8  10007f24  0000aeb8  2**2
                  ALLOC, READONLY
 11 .scratch_x    00000000  20080000  20080000  00009f38  2**0
                  CONTENTS
 12 .scratch_y    00000000  20081000  20081000  00009f38  2**0
                  CONTENTS
 13 .stack_dummy  00000800  20081000  20081000  0000a000  2**5
                  ALLOC, READONLY
 14 .flash_end    00000014  10007f24  10007f24  00009f24  2**2
                  CONTENTS, ALLOC, LOAD, READONLY, DATA
 15 .ARM.attributes 00000034  00000000  00000000  00009f38  2**0
                  CONTENTS, READONLY
 16 .comment      00000045  00000000  00000000  00009f6c  2**0
                  CONTENTS, READONLY
 17 .debug_info   000383a4  00000000  00000000  00009fb1  2**0
                  CONTENTS, READONLY, DEBUGGING, OCTETS
 18 .debug_abbrev 00009a4e  00000000  00000000  00042355  2**0
                  CONTENTS, READONLY, DEBUGGING, OCTETS
 19 .debug_loclists 0001b059  00000000  00000000  0004bda3  2**0
                  CONTENTS, READONLY, DEBUGGING, OCTETS
 20 .debug_aranges 000013e8  00000000  00000000  00066e00  2**3
                  CONTENTS, READONLY, DEBUGGING, OCTETS
 21 .debug_rnglists 00004c48  00000000  00000000  000681e8  2**0
                  CONTENTS, READONLY, DEBUGGING, OCTETS
 22 .debug_line   00023610  00000000  00000000  0006ce30  2**0
                  CONTENTS, READONLY, DEBUGGING, OCTETS
 23 .debug_str    00009c43  00000000  00000000  00090440  2**0
                  CONTENTS, READONLY, DEBUGGING, OCTETS
 24 .debug_frame  00003484  00000000  00000000  0009a084  2**2
                  CONTENTS, READONLY, DEBUGGING, OCTETS
 25 .debug_line_str 0000029d  00000000  00000000  0009d508  2**0
                  CONTENTS, READONLY, DEBUGGING, OCTETS

/Users/dtope/projects/CS122/CS122-FinalProject/ppmRead/ppmRead.elf:     file format elf32-littlearm


Disassembly of section .text:

10000000 <__VECTOR_TABLE>:
10000000:	20082000 	.word	0x20082000
10000004:	1000015d 	.word	0x1000015d
10000008:	1000011b 	.word	0x1000011b
1000000c:	1000011d 	.word	0x1000011d
10000010:	10000111 	.word	0x10000111
10000014:	10000111 	.word	0x10000111
10000018:	10000111 	.word	0x10000111
1000001c:	10000111 	.word	0x10000111
10000020:	10000119 	.word	0x10000119
10000024:	10000119 	.word	0x10000119
10000028:	10000119 	.word	0x10000119
1000002c:	1000011f 	.word	0x1000011f
10000030:	10000111 	.word	0x10000111
10000034:	10000119 	.word	0x10000119
10000038:	10000121 	.word	0x10000121
1000003c:	10000123 	.word	0x10000123
10000040:	10000111 	.word	0x10000111
10000044:	10000111 	.word	0x10000111
10000048:	10000111 	.word	0x10000111
1000004c:	10000111 	.word	0x10000111
10000050:	10000111 	.word	0x10000111
10000054:	10000111 	.word	0x10000111
10000058:	10000111 	.word	0x10000111
1000005c:	10000111 	.word	0x10000111
10000060:	10000111 	.word	0x10000111
10000064:	10000111 	.word	0x10000111
10000068:	10000111 	.word	0x10000111
1000006c:	10000111 	.word	0x10000111
10000070:	10000111 	.word	0x10000111
10000074:	10000111 	.word	0x10000111
10000078:	10000111 	.word	0x10000111
1000007c:	10000111 	.word	0x10000111
10000080:	10000111 	.word	0x10000111
10000084:	10000111 	.word	0x10000111
10000088:	10000111 	.word	0x10000111
1000008c:	10000111 	.word	0x10000111
10000090:	10000111 	.word	0x10000111
10000094:	10000111 	.word	0x10000111
10000098:	10000111 	.word	0x10000111
1000009c:	10000111 	.word	0x10000111
100000a0:	10000111 	.word	0x10000111
100000a4:	10000111 	.word	0x10000111
100000a8:	10000111 	.word	0x10000111
100000ac:	10000111 	.word	0x10000111
100000b0:	10000111 	.word	0x10000111
100000b4:	10000111 	.word	0x10000111
100000b8:	10000111 	.word	0x10000111
100000bc:	10000111 	.word	0x10000111
100000c0:	10000111 	.word	0x10000111
100000c4:	10000111 	.word	0x10000111
100000c8:	10000111 	.word	0x10000111
100000cc:	10000111 	.word	0x10000111
100000d0:	10000111 	.word	0x10000111
100000d4:	10000111 	.word	0x10000111
100000d8:	10000111 	.word	0x10000111
100000dc:	10000111 	.word	0x10000111
100000e0:	10000111 	.word	0x10000111
100000e4:	10000111 	.word	0x10000111
100000e8:	10000111 	.word	0x10000111
100000ec:	10000111 	.word	0x10000111
100000f0:	10000111 	.word	0x10000111
100000f4:	10000111 	.word	0x10000111
100000f8:	10000111 	.word	0x10000111
100000fc:	10000111 	.word	0x10000111
10000100:	10000111 	.word	0x10000111
10000104:	10000111 	.word	0x10000111
10000108:	10000111 	.word	0x10000111
1000010c:	10000111 	.word	0x10000111

10000110 <__unhandled_user_irq>:
10000110:	f3ef 8005 	mrs	r0, IPSR
10000114:	3810      	subs	r0, #16

10000116 <unhandled_user_irq_num_in_r0>:
10000116:	be00      	bkpt	0x0000

10000118 <isr_invalid>:
10000118:	be00      	bkpt	0x0000

1000011a <isr_nmi>:
1000011a:	be00      	bkpt	0x0000

1000011c <isr_hardfault>:
1000011c:	be00      	bkpt	0x0000

1000011e <isr_svcall>:
1000011e:	be00      	bkpt	0x0000

10000120 <isr_pendsv>:
10000120:	be00      	bkpt	0x0000

10000122 <isr_systick>:
10000122:	be00      	bkpt	0x0000

10000124 <__default_isrs_end>:
10000124:	7188ebf2 	.word	0x7188ebf2
10000128:	10006dc0 	.word	0x10006dc0
1000012c:	10006df0 	.word	0x10006df0
10000130:	100001a0 	.word	0x100001a0
10000134:	e71aa390 	.word	0xe71aa390

10000138 <__binary_info_header_end>:
10000138:	ffffded3 	.word	0xffffded3
1000013c:	10210142 	.word	0x10210142
10000140:	000001ff 	.word	0x000001ff
10000144:	00007dec 	.word	0x00007dec
10000148:	ab123579 	.word	0xab123579

1000014c <_entry_point>:
1000014c:	f04f 0000 	mov.w	r0, #0

10000150 <_enter_vtable_in_r0>:
10000150:	491e      	ldr	r1, [pc, #120]	@ (100001cc <data_cpy_table+0x2c>)
10000152:	6008      	str	r0, [r1, #0]
10000154:	c806      	ldmia	r0!, {r1, r2}
10000156:	f381 8808 	msr	MSP, r1
1000015a:	4710      	bx	r2

1000015c <_reset_handler>:
1000015c:	f04f 4050 	mov.w	r0, #3489660928	@ 0xd0000000
10000160:	6800      	ldr	r0, [r0, #0]
10000162:	b110      	cbz	r0, 1000016a <hold_non_core0_in_bootrom+0x6>

10000164 <hold_non_core0_in_bootrom>:
10000164:	f04f 0000 	mov.w	r0, #0
10000168:	e7f2      	b.n	10000150 <_enter_vtable_in_r0>
1000016a:	a40d      	add	r4, pc, #52	@ (adr r4, 100001a0 <data_cpy_table>)
1000016c:	cc0e      	ldmia	r4!, {r1, r2, r3}
1000016e:	2900      	cmp	r1, #0
10000170:	d002      	beq.n	10000178 <hold_non_core0_in_bootrom+0x14>
10000172:	f000 f812 	bl	1000019a <data_cpy>
10000176:	e7f9      	b.n	1000016c <hold_non_core0_in_bootrom+0x8>
10000178:	4915      	ldr	r1, [pc, #84]	@ (100001d0 <data_cpy_table+0x30>)
1000017a:	4a16      	ldr	r2, [pc, #88]	@ (100001d4 <data_cpy_table+0x34>)
1000017c:	2000      	movs	r0, #0
1000017e:	e000      	b.n	10000182 <bss_fill_test>

10000180 <bss_fill_loop>:
10000180:	c101      	stmia	r1!, {r0}

10000182 <bss_fill_test>:
10000182:	4291      	cmp	r1, r2
10000184:	d1fc      	bne.n	10000180 <bss_fill_loop>

10000186 <platform_entry>:
10000186:	4914      	ldr	r1, [pc, #80]	@ (100001d8 <data_cpy_table+0x38>)
10000188:	4788      	blx	r1
1000018a:	4914      	ldr	r1, [pc, #80]	@ (100001dc <data_cpy_table+0x3c>)
1000018c:	4788      	blx	r1
1000018e:	4914      	ldr	r1, [pc, #80]	@ (100001e0 <data_cpy_table+0x40>)
10000190:	4788      	blx	r1
10000192:	be00      	bkpt	0x0000
10000194:	e7fd      	b.n	10000192 <platform_entry+0xc>

10000196 <data_cpy_loop>:
10000196:	c901      	ldmia	r1!, {r0}
10000198:	c201      	stmia	r2!, {r0}

1000019a <data_cpy>:
1000019a:	429a      	cmp	r2, r3
1000019c:	d3fb      	bcc.n	10000196 <data_cpy_loop>
1000019e:	4770      	bx	lr

100001a0 <data_cpy_table>:
100001a0:	10006df0 	.word	0x10006df0
100001a4:	20000110 	.word	0x20000110
100001a8:	20001244 	.word	0x20001244
100001ac:	10007f24 	.word	0x10007f24
100001b0:	20080000 	.word	0x20080000
100001b4:	20080000 	.word	0x20080000
100001b8:	10007f24 	.word	0x10007f24
100001bc:	20081000 	.word	0x20081000
100001c0:	20081000 	.word	0x20081000
100001c4:	00000000 	.word	0x00000000
100001c8:	4770      	bx	lr
100001ca:	0000      	.short	0x0000
100001cc:	e000ed08 	.word	0xe000ed08
100001d0:	20001244 	.word	0x20001244
100001d4:	20001eb8 	.word	0x20001eb8
100001d8:	10003985 	.word	0x10003985
100001dc:	100002b9 	.word	0x100002b9
100001e0:	1000397d 	.word	0x1000397d

100001e4 <_init>:
100001e4:	b5f8      	push	{r3, r4, r5, r6, r7, lr}
100001e6:	bf00      	nop

100001e8 <register_tm_clones>:
100001e8:	4b06      	ldr	r3, [pc, #24]	@ (10000204 <register_tm_clones+0x1c>)
100001ea:	4907      	ldr	r1, [pc, #28]	@ (10000208 <register_tm_clones+0x20>)
100001ec:	1ac9      	subs	r1, r1, r3
100001ee:	1089      	asrs	r1, r1, #2
100001f0:	bf48      	it	mi
100001f2:	3101      	addmi	r1, #1
100001f4:	1049      	asrs	r1, r1, #1
100001f6:	d003      	beq.n	10000200 <register_tm_clones+0x18>
100001f8:	4b04      	ldr	r3, [pc, #16]	@ (1000020c <register_tm_clones+0x24>)
100001fa:	b10b      	cbz	r3, 10000200 <register_tm_clones+0x18>
100001fc:	4801      	ldr	r0, [pc, #4]	@ (10000204 <register_tm_clones+0x1c>)
100001fe:	4718      	bx	r3
10000200:	4770      	bx	lr
10000202:	bf00      	nop
10000204:	20001244 	.word	0x20001244
10000208:	20001244 	.word	0x20001244
1000020c:	00000000 	.word	0x00000000

10000210 <frame_dummy>:
10000210:	b508      	push	{r3, lr}
10000212:	4b05      	ldr	r3, [pc, #20]	@ (10000228 <frame_dummy+0x18>)
10000214:	b11b      	cbz	r3, 1000021e <frame_dummy+0xe>
10000216:	4905      	ldr	r1, [pc, #20]	@ (1000022c <frame_dummy+0x1c>)
10000218:	4805      	ldr	r0, [pc, #20]	@ (10000230 <frame_dummy+0x20>)
1000021a:	f3af 8000 	nop.w
1000021e:	e8bd 4008 	ldmia.w	sp!, {r3, lr}
10000222:	f7ff bfe1 	b.w	100001e8 <register_tm_clones>
10000226:	bf00      	nop
10000228:	00000000 	.word	0x00000000
1000022c:	20001e18 	.word	0x20001e18
10000230:	100068e8 	.word	0x100068e8

10000234 <_Z13setup_pwm_pinj>:
10000234:	b538      	push	{r3, r4, r5, lr}
10000236:	4604      	mov	r4, r0
10000238:	2104      	movs	r1, #4
1000023a:	f000 faa9 	bl	10000790 <gpio_set_function>
1000023e:	f44f 65fa 	mov.w	r5, #2000	@ 0x7d0
10000242:	f644 6020 	movw	r0, #20000	@ 0x4e20
10000246:	0862      	lsrs	r2, r4, #1
10000248:	2c1f      	cmp	r4, #31
1000024a:	bf8a      	itet	hi
1000024c:	f002 0203 	andhi.w	r2, r2, #3
10000250:	f002 0207 	andls.w	r2, r2, #7
10000254:	3208      	addhi	r2, #8
10000256:	eb02 0182 	add.w	r1, r2, r2, lsl #2
1000025a:	0093      	lsls	r3, r2, #2
1000025c:	0089      	lsls	r1, r1, #2
1000025e:	4413      	add	r3, r2
10000260:	f101 4180 	add.w	r1, r1, #1073741824	@ 0x40000000
10000264:	07e2      	lsls	r2, r4, #31
10000266:	f501 2128 	add.w	r1, r1, #688128	@ 0xa8000
1000026a:	bf58      	it	pl
1000026c:	f240 54dc 	movwpl	r4, #1500	@ 0x5dc
10000270:	604d      	str	r5, [r1, #4]
10000272:	6108      	str	r0, [r1, #16]
10000274:	bf58      	it	pl
10000276:	f64f 70ff 	movwpl	r0, #65535	@ 0xffff
1000027a:	490c      	ldr	r1, [pc, #48]	@ (100002ac <_Z13setup_pwm_pinj+0x78>)
1000027c:	ea4f 0383 	mov.w	r3, r3, lsl #2
10000280:	4419      	add	r1, r3
10000282:	680a      	ldr	r2, [r1, #0]
10000284:	bf44      	itt	mi
10000286:	4c0a      	ldrmi	r4, [pc, #40]	@ (100002b0 <_Z13setup_pwm_pinj+0x7c>)
10000288:	480a      	ldrmi	r0, [pc, #40]	@ (100002b4 <_Z13setup_pwm_pinj+0x80>)
1000028a:	4062      	eors	r2, r4
1000028c:	f103 4380 	add.w	r3, r3, #1073741824	@ 0x40000000
10000290:	4002      	ands	r2, r0
10000292:	f501 5180 	add.w	r1, r1, #4096	@ 0x1000
10000296:	600a      	str	r2, [r1, #0]
10000298:	f503 2228 	add.w	r2, r3, #688128	@ 0xa8000
1000029c:	6812      	ldr	r2, [r2, #0]
1000029e:	f503 2329 	add.w	r3, r3, #692224	@ 0xa9000
100002a2:	43d2      	mvns	r2, r2
100002a4:	f002 0201 	and.w	r2, r2, #1
100002a8:	601a      	str	r2, [r3, #0]
100002aa:	bd38      	pop	{r3, r4, r5, pc}
100002ac:	400a800c 	.word	0x400a800c
100002b0:	05dc0000 	.word	0x05dc0000
100002b4:	ffff0000 	.word	0xffff0000

100002b8 <main>:
100002b8:	b5f0      	push	{r4, r5, r6, r7, lr}
100002ba:	b08d      	sub	sp, #52	@ 0x34
100002bc:	f003 fc8a 	bl	10003bd4 <stdio_init_all>
100002c0:	4846      	ldr	r0, [pc, #280]	@ (100003dc <main+0x124>)
100002c2:	f003 fcd1 	bl	10003c68 <__wrap_puts>
100002c6:	4c46      	ldr	r4, [pc, #280]	@ (100003e0 <main+0x128>)
100002c8:	f104 0620 	add.w	r6, r4, #32
100002cc:	f854 0f04 	ldr.w	r0, [r4, #4]!
100002d0:	f7ff ffb0 	bl	10000234 <_Z13setup_pwm_pinj>
100002d4:	42a6      	cmp	r6, r4
100002d6:	d1f9      	bne.n	100002cc <main+0x14>
100002d8:	f44f 637a 	mov.w	r3, #4000	@ 0xfa0
100002dc:	2208      	movs	r2, #8
100002de:	210f      	movs	r1, #15
100002e0:	a801      	add	r0, sp, #4
100002e2:	f000 f8cd 	bl	10000480 <_ZN9PPMReaderC1Eiii>
100002e6:	a801      	add	r0, sp, #4
100002e8:	f000 f8e2 	bl	100004b0 <_ZN9PPMReader5beginEv>
100002ec:	4c3d      	ldr	r4, [pc, #244]	@ (100003e4 <main+0x12c>)
100002ee:	a801      	add	r0, sp, #4
100002f0:	f000 f93c 	bl	1000056c <_ZN9PPMReader19updateChannelValuesEv>
100002f4:	a801      	add	r0, sp, #4
100002f6:	f000 f949 	bl	1000058c <_ZNK9PPMReader11signalValidEv>
100002fa:	2800      	cmp	r0, #0
100002fc:	d044      	beq.n	10000388 <main+0xd0>
100002fe:	483a      	ldr	r0, [pc, #232]	@ (100003e8 <main+0x130>)
10000300:	f003 fd32 	bl	10003d68 <__wrap_printf>
10000304:	2700      	movs	r7, #0
10000306:	4e36      	ldr	r6, [pc, #216]	@ (100003e0 <main+0x128>)
10000308:	3701      	adds	r7, #1
1000030a:	f240 52dc 	movw	r2, #1500	@ 0x5dc
1000030e:	4639      	mov	r1, r7
10000310:	a801      	add	r0, sp, #4
10000312:	f000 f91d 	bl	10000550 <_ZNK9PPMReader23latestValidChannelValueEit>
10000316:	f640 0334 	movw	r3, #2100	@ 0x834
1000031a:	4298      	cmp	r0, r3
1000031c:	bf28      	it	cs
1000031e:	4618      	movcs	r0, r3
10000320:	f856 1f04 	ldr.w	r1, [r6, #4]!
10000324:	084a      	lsrs	r2, r1, #1
10000326:	f002 0307 	and.w	r3, r2, #7
1000032a:	f002 0c03 	and.w	ip, r2, #3
1000032e:	b282      	uxth	r2, r0
10000330:	f5b2 7f61 	cmp.w	r2, #900	@ 0x384
10000334:	bf38      	it	cc
10000336:	f44f 7261 	movcc.w	r2, #900	@ 0x384
1000033a:	291f      	cmp	r1, #31
1000033c:	bf88      	it	hi
1000033e:	f10c 0308 	addhi.w	r3, ip, #8
10000342:	482a      	ldr	r0, [pc, #168]	@ (100003ec <main+0x134>)
10000344:	eb03 0383 	add.w	r3, r3, r3, lsl #2
10000348:	009b      	lsls	r3, r3, #2
1000034a:	4418      	add	r0, r3
1000034c:	4694      	mov	ip, r2
1000034e:	07cb      	lsls	r3, r1, #31
10000350:	bf4c      	ite	mi
10000352:	46a6      	movmi	lr, r4
10000354:	f64f 7eff 	movwpl	lr, #65535	@ 0xffff
10000358:	6801      	ldr	r1, [r0, #0]
1000035a:	bf48      	it	mi
1000035c:	ea4f 4c02 	movmi.w	ip, r2, lsl #16
10000360:	ea81 0c0c 	eor.w	ip, r1, ip
10000364:	f500 5380 	add.w	r3, r0, #4096	@ 0x1000
10000368:	ea0c 050e 	and.w	r5, ip, lr
1000036c:	4639      	mov	r1, r7
1000036e:	4820      	ldr	r0, [pc, #128]	@ (100003f0 <main+0x138>)
10000370:	601d      	str	r5, [r3, #0]
10000372:	f003 fcf9 	bl	10003d68 <__wrap_printf>
10000376:	2f08      	cmp	r7, #8
10000378:	d1c6      	bne.n	10000308 <main+0x50>
1000037a:	200a      	movs	r0, #10
1000037c:	f003 fc32 	bl	10003be4 <__wrap_putchar>
10000380:	2014      	movs	r0, #20
10000382:	f001 f9d5 	bl	10001730 <sleep_ms>
10000386:	e7b2      	b.n	100002ee <main+0x36>
10000388:	f240 56dc 	movw	r6, #1500	@ 0x5dc
1000038c:	4819      	ldr	r0, [pc, #100]	@ (100003f4 <main+0x13c>)
1000038e:	f003 fc6b 	bl	10003c68 <__wrap_puts>
10000392:	4a19      	ldr	r2, [pc, #100]	@ (100003f8 <main+0x140>)
10000394:	4b19      	ldr	r3, [pc, #100]	@ (100003fc <main+0x144>)
10000396:	6a11      	ldr	r1, [r2, #32]
10000398:	4819      	ldr	r0, [pc, #100]	@ (10000400 <main+0x148>)
1000039a:	4071      	eors	r1, r6
1000039c:	b289      	uxth	r1, r1
1000039e:	6219      	str	r1, [r3, #32]
100003a0:	6a11      	ldr	r1, [r2, #32]
100003a2:	4041      	eors	r1, r0
100003a4:	4021      	ands	r1, r4
100003a6:	6219      	str	r1, [r3, #32]
100003a8:	6b51      	ldr	r1, [r2, #52]	@ 0x34
100003aa:	4071      	eors	r1, r6
100003ac:	b289      	uxth	r1, r1
100003ae:	6359      	str	r1, [r3, #52]	@ 0x34
100003b0:	6b51      	ldr	r1, [r2, #52]	@ 0x34
100003b2:	4041      	eors	r1, r0
100003b4:	4021      	ands	r1, r4
100003b6:	6359      	str	r1, [r3, #52]	@ 0x34
100003b8:	6c91      	ldr	r1, [r2, #72]	@ 0x48
100003ba:	4071      	eors	r1, r6
100003bc:	b289      	uxth	r1, r1
100003be:	6499      	str	r1, [r3, #72]	@ 0x48
100003c0:	6c91      	ldr	r1, [r2, #72]	@ 0x48
100003c2:	4041      	eors	r1, r0
100003c4:	4021      	ands	r1, r4
100003c6:	6499      	str	r1, [r3, #72]	@ 0x48
100003c8:	6dd1      	ldr	r1, [r2, #92]	@ 0x5c
100003ca:	4071      	eors	r1, r6
100003cc:	b289      	uxth	r1, r1
100003ce:	65d9      	str	r1, [r3, #92]	@ 0x5c
100003d0:	6dd2      	ldr	r2, [r2, #92]	@ 0x5c
100003d2:	4042      	eors	r2, r0
100003d4:	4022      	ands	r2, r4
100003d6:	65da      	str	r2, [r3, #92]	@ 0x5c
100003d8:	e7d2      	b.n	10000380 <main+0xc8>
100003da:	bf00      	nop
100003dc:	100068e8 	.word	0x100068e8
100003e0:	10006b08 	.word	0x10006b08
100003e4:	ffff0000 	.word	0xffff0000
100003e8:	10006914 	.word	0x10006914
100003ec:	400a800c 	.word	0x400a800c
100003f0:	10006924 	.word	0x10006924
100003f4:	10006938 	.word	0x10006938
100003f8:	400a8000 	.word	0x400a8000
100003fc:	400a9000 	.word	0x400a9000
10000400:	05dc0000 	.word	0x05dc0000

10000404 <_Z6ppmISRjm>:
10000404:	4b16      	ldr	r3, [pc, #88]	@ (10000460 <_Z6ppmISRjm+0x5c>)
10000406:	681b      	ldr	r3, [r3, #0]
10000408:	4283      	cmp	r3, r0
1000040a:	d128      	bne.n	1000045e <_Z6ppmISRjm+0x5a>
1000040c:	074b      	lsls	r3, r1, #29
1000040e:	d526      	bpl.n	1000045e <_Z6ppmISRjm+0x5a>
10000410:	4b14      	ldr	r3, [pc, #80]	@ (10000464 <_Z6ppmISRjm+0x60>)
10000412:	4915      	ldr	r1, [pc, #84]	@ (10000468 <_Z6ppmISRjm+0x64>)
10000414:	6a9a      	ldr	r2, [r3, #40]	@ 0x28
10000416:	4815      	ldr	r0, [pc, #84]	@ (1000046c <_Z6ppmISRjm+0x68>)
10000418:	680b      	ldr	r3, [r1, #0]
1000041a:	600a      	str	r2, [r1, #0]
1000041c:	6801      	ldr	r1, [r0, #0]
1000041e:	1ad3      	subs	r3, r2, r3
10000420:	428b      	cmp	r3, r1
10000422:	d307      	bcc.n	10000434 <_Z6ppmISRjm+0x30>
10000424:	4b12      	ldr	r3, [pc, #72]	@ (10000470 <_Z6ppmISRjm+0x6c>)
10000426:	7819      	ldrb	r1, [r3, #0]
10000428:	b109      	cbz	r1, 1000042e <_Z6ppmISRjm+0x2a>
1000042a:	4912      	ldr	r1, [pc, #72]	@ (10000474 <_Z6ppmISRjm+0x70>)
1000042c:	600a      	str	r2, [r1, #0]
1000042e:	2200      	movs	r2, #0
10000430:	701a      	strb	r2, [r3, #0]
10000432:	4770      	bx	lr
10000434:	4a0e      	ldr	r2, [pc, #56]	@ (10000470 <_Z6ppmISRjm+0x6c>)
10000436:	4910      	ldr	r1, [pc, #64]	@ (10000478 <_Z6ppmISRjm+0x74>)
10000438:	7810      	ldrb	r0, [r2, #0]
1000043a:	7809      	ldrb	r1, [r1, #0]
1000043c:	4288      	cmp	r0, r1
1000043e:	d20e      	bcs.n	1000045e <_Z6ppmISRjm+0x5a>
10000440:	f64f 7cff 	movw	ip, #65535	@ 0xffff
10000444:	4563      	cmp	r3, ip
10000446:	bf28      	it	cs
10000448:	4663      	movcs	r3, ip
1000044a:	7811      	ldrb	r1, [r2, #0]
1000044c:	480b      	ldr	r0, [pc, #44]	@ (1000047c <_Z6ppmISRjm+0x78>)
1000044e:	b29b      	uxth	r3, r3
10000450:	b2c9      	uxtb	r1, r1
10000452:	f820 3011 	strh.w	r3, [r0, r1, lsl #1]
10000456:	7813      	ldrb	r3, [r2, #0]
10000458:	3301      	adds	r3, #1
1000045a:	b2db      	uxtb	r3, r3
1000045c:	7013      	strb	r3, [r2, #0]
1000045e:	4770      	bx	lr
10000460:	20001180 	.word	0x20001180
10000464:	400b0000 	.word	0x400b0000
10000468:	20001e08 	.word	0x20001e08
1000046c:	20001184 	.word	0x20001184
10000470:	20001eb0 	.word	0x20001eb0
10000474:	200013d0 	.word	0x200013d0
10000478:	20001188 	.word	0x20001188
1000047c:	20001e58 	.word	0x20001e58

10000480 <_ZN9PPMReaderC1Eiii>:
10000480:	b510      	push	{r4, lr}
10000482:	4604      	mov	r4, r0
10000484:	6001      	str	r1, [r0, #0]
10000486:	b18a      	cbz	r2, 100004ac <_ZN9PPMReaderC1Eiii+0x2c>
10000488:	2a10      	cmp	r2, #16
1000048a:	bfa8      	it	ge
1000048c:	2210      	movge	r2, #16
1000048e:	4610      	mov	r0, r2
10000490:	2b00      	cmp	r3, #0
10000492:	bfd8      	it	le
10000494:	f44f 637a 	movle.w	r3, #4000	@ 0xfa0
10000498:	6060      	str	r0, [r4, #4]
1000049a:	2220      	movs	r2, #32
1000049c:	2100      	movs	r1, #0
1000049e:	f104 000c 	add.w	r0, r4, #12
100004a2:	60a3      	str	r3, [r4, #8]
100004a4:	f006 f8e0 	bl	10006668 <memset>
100004a8:	4620      	mov	r0, r4
100004aa:	bd10      	pop	{r4, pc}
100004ac:	2008      	movs	r0, #8
100004ae:	e7ef      	b.n	10000490 <_ZN9PPMReaderC1Eiii+0x10>

100004b0 <_ZN9PPMReader5beginEv>:
100004b0:	e92d 47f0 	stmdb	sp!, {r4, r5, r6, r7, r8, r9, sl, lr}
100004b4:	4605      	mov	r5, r0
100004b6:	2400      	movs	r4, #0
100004b8:	6800      	ldr	r0, [r0, #0]
100004ba:	4f1c      	ldr	r7, [pc, #112]	@ (1000052c <_ZN9PPMReader5beginEv+0x7c>)
100004bc:	f8df 9084 	ldr.w	r9, [pc, #132]	@ 10000544 <_ZN9PPMReader5beginEv+0x94>
100004c0:	6038      	str	r0, [r7, #0]
100004c2:	792f      	ldrb	r7, [r5, #4]
100004c4:	491a      	ldr	r1, [pc, #104]	@ (10000530 <_ZN9PPMReader5beginEv+0x80>)
100004c6:	f889 7000 	strb.w	r7, [r9]
100004ca:	4e1a      	ldr	r6, [pc, #104]	@ (10000534 <_ZN9PPMReader5beginEv+0x84>)
100004cc:	68af      	ldr	r7, [r5, #8]
100004ce:	4a1a      	ldr	r2, [pc, #104]	@ (10000538 <_ZN9PPMReader5beginEv+0x88>)
100004d0:	f8df e074 	ldr.w	lr, [pc, #116]	@ 10000548 <_ZN9PPMReader5beginEv+0x98>
100004d4:	6037      	str	r7, [r6, #0]
100004d6:	700c      	strb	r4, [r1, #0]
100004d8:	6014      	str	r4, [r2, #0]
100004da:	f8de 2028 	ldr.w	r2, [lr, #40]	@ 0x28
100004de:	4b17      	ldr	r3, [pc, #92]	@ (1000053c <_ZN9PPMReader5beginEv+0x8c>)
100004e0:	f8df c068 	ldr.w	ip, [pc, #104]	@ 1000054c <_ZN9PPMReader5beginEv+0x9c>
100004e4:	f8cc 2000 	str.w	r2, [ip]
100004e8:	801c      	strh	r4, [r3, #0]
100004ea:	805c      	strh	r4, [r3, #2]
100004ec:	809c      	strh	r4, [r3, #4]
100004ee:	80dc      	strh	r4, [r3, #6]
100004f0:	811c      	strh	r4, [r3, #8]
100004f2:	815c      	strh	r4, [r3, #10]
100004f4:	819c      	strh	r4, [r3, #12]
100004f6:	81dc      	strh	r4, [r3, #14]
100004f8:	821c      	strh	r4, [r3, #16]
100004fa:	825c      	strh	r4, [r3, #18]
100004fc:	829c      	strh	r4, [r3, #20]
100004fe:	82dc      	strh	r4, [r3, #22]
10000500:	831c      	strh	r4, [r3, #24]
10000502:	835c      	strh	r4, [r3, #26]
10000504:	839c      	strh	r4, [r3, #28]
10000506:	83dc      	strh	r4, [r3, #30]
10000508:	f000 f9c8 	bl	1000089c <gpio_init>
1000050c:	6828      	ldr	r0, [r5, #0]
1000050e:	ec44 0044 	gpioc_bit_oe_put r0, r4
10000512:	2101      	movs	r1, #1
10000514:	4622      	mov	r2, r4
10000516:	f000 f959 	bl	100007cc <gpio_set_pulls>
1000051a:	6828      	ldr	r0, [r5, #0]
1000051c:	2201      	movs	r2, #1
1000051e:	e8bd 47f0 	ldmia.w	sp!, {r4, r5, r6, r7, r8, r9, sl, lr}
10000522:	2104      	movs	r1, #4
10000524:	4b06      	ldr	r3, [pc, #24]	@ (10000540 <_ZN9PPMReader5beginEv+0x90>)
10000526:	f000 b965 	b.w	100007f4 <gpio_set_irq_enabled_with_callback>
1000052a:	bf00      	nop
1000052c:	20001180 	.word	0x20001180
10000530:	20001eb0 	.word	0x20001eb0
10000534:	20001184 	.word	0x20001184
10000538:	200013d0 	.word	0x200013d0
1000053c:	20001e58 	.word	0x20001e58
10000540:	10000405 	.word	0x10000405
10000544:	20001188 	.word	0x20001188
10000548:	400b0000 	.word	0x400b0000
1000054c:	20001e08 	.word	0x20001e08

10000550 <_ZNK9PPMReader23latestValidChannelValueEit>:
10000550:	4603      	mov	r3, r0
10000552:	4610      	mov	r0, r2
10000554:	b141      	cbz	r1, 10000568 <_ZNK9PPMReader23latestValidChannelValueEit+0x18>
10000556:	685a      	ldr	r2, [r3, #4]
10000558:	4291      	cmp	r1, r2
1000055a:	dc05      	bgt.n	10000568 <_ZNK9PPMReader23latestValidChannelValueEit+0x18>
1000055c:	eb03 0341 	add.w	r3, r3, r1, lsl #1
10000560:	895b      	ldrh	r3, [r3, #10]
10000562:	2b00      	cmp	r3, #0
10000564:	bf18      	it	ne
10000566:	4618      	movne	r0, r3
10000568:	4770      	bx	lr
1000056a:	bf00      	nop

1000056c <_ZN9PPMReader19updateChannelValuesEv>:
1000056c:	b510      	push	{r4, lr}
1000056e:	f3ef 8410 	mrs	r4, PRIMASK
10000572:	b672      	cpsid	i
10000574:	6842      	ldr	r2, [r0, #4]
10000576:	4904      	ldr	r1, [pc, #16]	@ (10000588 <_ZN9PPMReader19updateChannelValuesEv+0x1c>)
10000578:	0052      	lsls	r2, r2, #1
1000057a:	300c      	adds	r0, #12
1000057c:	f006 f8c2 	bl	10006704 <memcpy>
10000580:	f384 8810 	msr	PRIMASK, r4
10000584:	bd10      	pop	{r4, pc}
10000586:	bf00      	nop
10000588:	20001e58 	.word	0x20001e58

1000058c <_ZNK9PPMReader11signalValidEv>:
1000058c:	f3ef 8310 	mrs	r3, PRIMASK
10000590:	b672      	cpsid	i
10000592:	4a07      	ldr	r2, [pc, #28]	@ (100005b0 <_ZNK9PPMReader11signalValidEv+0x24>)
10000594:	6810      	ldr	r0, [r2, #0]
10000596:	f383 8810 	msr	PRIMASK, r3
1000059a:	b138      	cbz	r0, 100005ac <_ZNK9PPMReader11signalValidEv+0x20>
1000059c:	4b05      	ldr	r3, [pc, #20]	@ (100005b4 <_ZNK9PPMReader11signalValidEv+0x28>)
1000059e:	4a06      	ldr	r2, [pc, #24]	@ (100005b8 <_ZNK9PPMReader11signalValidEv+0x2c>)
100005a0:	6a9b      	ldr	r3, [r3, #40]	@ 0x28
100005a2:	1a1b      	subs	r3, r3, r0
100005a4:	4293      	cmp	r3, r2
100005a6:	bf8c      	ite	hi
100005a8:	2000      	movhi	r0, #0
100005aa:	2001      	movls	r0, #1
100005ac:	4770      	bx	lr
100005ae:	bf00      	nop
100005b0:	200013d0 	.word	0x200013d0
100005b4:	400b0000 	.word	0x400b0000
100005b8:	000186a0 	.word	0x000186a0

100005bc <gpio_default_irq_handler>:
100005bc:	f04f 4250 	mov.w	r2, #3489660928	@ 0xd0000000
100005c0:	e92d 4ff8 	stmdb	sp!, {r3, r4, r5, r6, r7, r8, r9, sl, fp, lr}
100005c4:	4b6d      	ldr	r3, [pc, #436]	@ (1000077c <gpio_default_irq_handler+0x1c0>)
100005c6:	f8d2 a000 	ldr.w	sl, [r2]
100005ca:	f853 702a 	ldr.w	r7, [r3, sl, lsl #2]
100005ce:	f1ba 0f00 	cmp.w	sl, #0
100005d2:	d02c      	beq.n	1000062e <gpio_default_irq_handler+0x72>
100005d4:	f8df 81b0 	ldr.w	r8, [pc, #432]	@ 10000788 <gpio_default_irq_handler+0x1cc>
100005d8:	b36f      	cbz	r7, 10000636 <gpio_default_irq_handler+0x7a>
100005da:	2600      	movs	r6, #0
100005dc:	f8df b1a0 	ldr.w	fp, [pc, #416]	@ 10000780 <gpio_default_irq_handler+0x1c4>
100005e0:	f8df 91a0 	ldr.w	r9, [pc, #416]	@ 10000784 <gpio_default_irq_handler+0x1c8>
100005e4:	08f3      	lsrs	r3, r6, #3
100005e6:	330c      	adds	r3, #12
100005e8:	f858 5023 	ldr.w	r5, [r8, r3, lsl #2]
100005ec:	4634      	mov	r4, r6
100005ee:	3608      	adds	r6, #8
100005f0:	b1cd      	cbz	r5, 10000626 <gpio_default_irq_handler+0x6a>
100005f2:	f005 010f 	and.w	r1, r5, #15
100005f6:	4620      	mov	r0, r4
100005f8:	092d      	lsrs	r5, r5, #4
100005fa:	3401      	adds	r4, #1
100005fc:	b189      	cbz	r1, 10000622 <gpio_default_irq_handler+0x66>
100005fe:	f85b 202a 	ldr.w	r2, [fp, sl, lsl #2]
10000602:	f000 0307 	and.w	r3, r0, #7
10000606:	40c2      	lsrs	r2, r0
10000608:	ea4f 0cd0 	mov.w	ip, r0, lsr #3
1000060c:	009b      	lsls	r3, r3, #2
1000060e:	07d2      	lsls	r2, r2, #31
10000610:	fa01 f303 	lsl.w	r3, r1, r3
10000614:	f10c 0c8c 	add.w	ip, ip, #140	@ 0x8c
10000618:	d402      	bmi.n	10000620 <gpio_default_irq_handler+0x64>
1000061a:	f849 302c 	str.w	r3, [r9, ip, lsl #2]
1000061e:	47b8      	blx	r7
10000620:	b10d      	cbz	r5, 10000626 <gpio_default_irq_handler+0x6a>
10000622:	42b4      	cmp	r4, r6
10000624:	d3e5      	bcc.n	100005f2 <gpio_default_irq_handler+0x36>
10000626:	2e20      	cmp	r6, #32
10000628:	d1dc      	bne.n	100005e4 <gpio_default_irq_handler+0x28>
1000062a:	e8bd 8ff8 	ldmia.w	sp!, {r3, r4, r5, r6, r7, r8, r9, sl, fp, pc}
1000062e:	f8df 815c 	ldr.w	r8, [pc, #348]	@ 1000078c <gpio_default_irq_handler+0x1d0>
10000632:	2f00      	cmp	r7, #0
10000634:	d1d1      	bne.n	100005da <gpio_default_irq_handler+0x1e>
10000636:	4852      	ldr	r0, [pc, #328]	@ (10000780 <gpio_default_irq_handler+0x1c4>)
10000638:	08f9      	lsrs	r1, r7, #3
1000063a:	f101 030c 	add.w	r3, r1, #12
1000063e:	f858 3023 	ldr.w	r3, [r8, r3, lsl #2]
10000642:	2b00      	cmp	r3, #0
10000644:	d07b      	beq.n	1000073e <gpio_default_irq_handler+0x182>
10000646:	f013 050f 	ands.w	r5, r3, #15
1000064a:	ea4f 1213 	mov.w	r2, r3, lsr #4
1000064e:	d00a      	beq.n	10000666 <gpio_default_irq_handler+0xaa>
10000650:	f850 402a 	ldr.w	r4, [r0, sl, lsl #2]
10000654:	40fc      	lsrs	r4, r7
10000656:	07e6      	lsls	r6, r4, #31
10000658:	d403      	bmi.n	10000662 <gpio_default_irq_handler+0xa6>
1000065a:	4c4a      	ldr	r4, [pc, #296]	@ (10000784 <gpio_default_irq_handler+0x1c8>)
1000065c:	318c      	adds	r1, #140	@ 0x8c
1000065e:	f844 5021 	str.w	r5, [r4, r1, lsl #2]
10000662:	2a00      	cmp	r2, #0
10000664:	d06b      	beq.n	1000073e <gpio_default_irq_handler+0x182>
10000666:	f012 020f 	ands.w	r2, r2, #15
1000066a:	ea4f 2113 	mov.w	r1, r3, lsr #8
1000066e:	d00d      	beq.n	1000068c <gpio_default_irq_handler+0xd0>
10000670:	f850 402a 	ldr.w	r4, [r0, sl, lsl #2]
10000674:	1c7d      	adds	r5, r7, #1
10000676:	40ec      	lsrs	r4, r5
10000678:	07e4      	lsls	r4, r4, #31
1000067a:	d405      	bmi.n	10000688 <gpio_default_irq_handler+0xcc>
1000067c:	08ec      	lsrs	r4, r5, #3
1000067e:	4d41      	ldr	r5, [pc, #260]	@ (10000784 <gpio_default_irq_handler+0x1c8>)
10000680:	0112      	lsls	r2, r2, #4
10000682:	348c      	adds	r4, #140	@ 0x8c
10000684:	f845 2024 	str.w	r2, [r5, r4, lsl #2]
10000688:	2900      	cmp	r1, #0
1000068a:	d058      	beq.n	1000073e <gpio_default_irq_handler+0x182>
1000068c:	f011 010f 	ands.w	r1, r1, #15
10000690:	ea4f 3213 	mov.w	r2, r3, lsr #12
10000694:	d007      	beq.n	100006a6 <gpio_default_irq_handler+0xea>
10000696:	f850 402a 	ldr.w	r4, [r0, sl, lsl #2]
1000069a:	1cbd      	adds	r5, r7, #2
1000069c:	40ec      	lsrs	r4, r5
1000069e:	07e6      	lsls	r6, r4, #31
100006a0:	d557      	bpl.n	10000752 <gpio_default_irq_handler+0x196>
100006a2:	2a00      	cmp	r2, #0
100006a4:	d04b      	beq.n	1000073e <gpio_default_irq_handler+0x182>
100006a6:	f012 020f 	ands.w	r2, r2, #15
100006aa:	ea4f 4113 	mov.w	r1, r3, lsr #16
100006ae:	d007      	beq.n	100006c0 <gpio_default_irq_handler+0x104>
100006b0:	f850 402a 	ldr.w	r4, [r0, sl, lsl #2]
100006b4:	1cfd      	adds	r5, r7, #3
100006b6:	40ec      	lsrs	r4, r5
100006b8:	07e4      	lsls	r4, r4, #31
100006ba:	d551      	bpl.n	10000760 <gpio_default_irq_handler+0x1a4>
100006bc:	2900      	cmp	r1, #0
100006be:	d03e      	beq.n	1000073e <gpio_default_irq_handler+0x182>
100006c0:	f011 010f 	ands.w	r1, r1, #15
100006c4:	ea4f 5213 	mov.w	r2, r3, lsr #20
100006c8:	d007      	beq.n	100006da <gpio_default_irq_handler+0x11e>
100006ca:	4c2d      	ldr	r4, [pc, #180]	@ (10000780 <gpio_default_irq_handler+0x1c4>)
100006cc:	f854 502a 	ldr.w	r5, [r4, sl, lsl #2]
100006d0:	1d3c      	adds	r4, r7, #4
100006d2:	40e5      	lsrs	r5, r4
100006d4:	07ee      	lsls	r6, r5, #31
100006d6:	d54a      	bpl.n	1000076e <gpio_default_irq_handler+0x1b2>
100006d8:	b38a      	cbz	r2, 1000073e <gpio_default_irq_handler+0x182>
100006da:	f012 020f 	ands.w	r2, r2, #15
100006de:	ea4f 6113 	mov.w	r1, r3, lsr #24
100006e2:	d00d      	beq.n	10000700 <gpio_default_irq_handler+0x144>
100006e4:	4c26      	ldr	r4, [pc, #152]	@ (10000780 <gpio_default_irq_handler+0x1c4>)
100006e6:	f854 502a 	ldr.w	r5, [r4, sl, lsl #2]
100006ea:	1d7c      	adds	r4, r7, #5
100006ec:	40e5      	lsrs	r5, r4
100006ee:	07ed      	lsls	r5, r5, #31
100006f0:	d405      	bmi.n	100006fe <gpio_default_irq_handler+0x142>
100006f2:	4d24      	ldr	r5, [pc, #144]	@ (10000784 <gpio_default_irq_handler+0x1c8>)
100006f4:	08e4      	lsrs	r4, r4, #3
100006f6:	0512      	lsls	r2, r2, #20
100006f8:	348c      	adds	r4, #140	@ 0x8c
100006fa:	f845 2024 	str.w	r2, [r5, r4, lsl #2]
100006fe:	b1f1      	cbz	r1, 1000073e <gpio_default_irq_handler+0x182>
10000700:	f011 010f 	ands.w	r1, r1, #15
10000704:	ea4f 7313 	mov.w	r3, r3, lsr #28
10000708:	d01f      	beq.n	1000074a <gpio_default_irq_handler+0x18e>
1000070a:	4c1d      	ldr	r4, [pc, #116]	@ (10000780 <gpio_default_irq_handler+0x1c4>)
1000070c:	1dbd      	adds	r5, r7, #6
1000070e:	f854 202a 	ldr.w	r2, [r4, sl, lsl #2]
10000712:	40ea      	lsrs	r2, r5
10000714:	07d6      	lsls	r6, r2, #31
10000716:	d405      	bmi.n	10000724 <gpio_default_irq_handler+0x168>
10000718:	08ea      	lsrs	r2, r5, #3
1000071a:	4d1a      	ldr	r5, [pc, #104]	@ (10000784 <gpio_default_irq_handler+0x1c8>)
1000071c:	0609      	lsls	r1, r1, #24
1000071e:	328c      	adds	r2, #140	@ 0x8c
10000720:	f845 1022 	str.w	r1, [r5, r2, lsl #2]
10000724:	b15b      	cbz	r3, 1000073e <gpio_default_irq_handler+0x182>
10000726:	f854 102a 	ldr.w	r1, [r4, sl, lsl #2]
1000072a:	1dfa      	adds	r2, r7, #7
1000072c:	40d1      	lsrs	r1, r2
1000072e:	07c9      	lsls	r1, r1, #31
10000730:	d405      	bmi.n	1000073e <gpio_default_irq_handler+0x182>
10000732:	4914      	ldr	r1, [pc, #80]	@ (10000784 <gpio_default_irq_handler+0x1c8>)
10000734:	08d2      	lsrs	r2, r2, #3
10000736:	071b      	lsls	r3, r3, #28
10000738:	328c      	adds	r2, #140	@ 0x8c
1000073a:	f841 3022 	str.w	r3, [r1, r2, lsl #2]
1000073e:	3708      	adds	r7, #8
10000740:	2f20      	cmp	r7, #32
10000742:	f47f af79 	bne.w	10000638 <gpio_default_irq_handler+0x7c>
10000746:	e8bd 8ff8 	ldmia.w	sp!, {r3, r4, r5, r6, r7, r8, r9, sl, fp, pc}
1000074a:	2b00      	cmp	r3, #0
1000074c:	d0f7      	beq.n	1000073e <gpio_default_irq_handler+0x182>
1000074e:	4c0c      	ldr	r4, [pc, #48]	@ (10000780 <gpio_default_irq_handler+0x1c4>)
10000750:	e7e9      	b.n	10000726 <gpio_default_irq_handler+0x16a>
10000752:	08ec      	lsrs	r4, r5, #3
10000754:	4d0b      	ldr	r5, [pc, #44]	@ (10000784 <gpio_default_irq_handler+0x1c8>)
10000756:	0209      	lsls	r1, r1, #8
10000758:	348c      	adds	r4, #140	@ 0x8c
1000075a:	f845 1024 	str.w	r1, [r5, r4, lsl #2]
1000075e:	e7a0      	b.n	100006a2 <gpio_default_irq_handler+0xe6>
10000760:	08ec      	lsrs	r4, r5, #3
10000762:	4d08      	ldr	r5, [pc, #32]	@ (10000784 <gpio_default_irq_handler+0x1c8>)
10000764:	0312      	lsls	r2, r2, #12
10000766:	348c      	adds	r4, #140	@ 0x8c
10000768:	f845 2024 	str.w	r2, [r5, r4, lsl #2]
1000076c:	e7a6      	b.n	100006bc <gpio_default_irq_handler+0x100>
1000076e:	4d05      	ldr	r5, [pc, #20]	@ (10000784 <gpio_default_irq_handler+0x1c8>)
10000770:	08e4      	lsrs	r4, r4, #3
10000772:	0409      	lsls	r1, r1, #16
10000774:	348c      	adds	r4, #140	@ 0x8c
10000776:	f845 1024 	str.w	r1, [r5, r4, lsl #2]
1000077a:	e7ad      	b.n	100006d8 <gpio_default_irq_handler+0x11c>
1000077c:	2000198c 	.word	0x2000198c
10000780:	20001e78 	.word	0x20001e78
10000784:	40028000 	.word	0x40028000
10000788:	40028290 	.word	0x40028290
1000078c:	40028248 	.word	0x40028248

10000790 <gpio_set_function>:
10000790:	b410      	push	{r4}
10000792:	f44f 7480 	mov.w	r4, #256	@ 0x100
10000796:	4b0c      	ldr	r3, [pc, #48]	@ (100007c8 <gpio_set_function+0x38>)
10000798:	f853 2020 	ldr.w	r2, [r3, r0, lsl #2]
1000079c:	eb03 0380 	add.w	r3, r3, r0, lsl #2
100007a0:	00c0      	lsls	r0, r0, #3
100007a2:	f082 0240 	eor.w	r2, r2, #64	@ 0x40
100007a6:	f100 4080 	add.w	r0, r0, #1073741824	@ 0x40000000
100007aa:	f503 5c80 	add.w	ip, r3, #4096	@ 0x1000
100007ae:	f002 02c0 	and.w	r2, r2, #192	@ 0xc0
100007b2:	f500 3020 	add.w	r0, r0, #163840	@ 0x28000
100007b6:	f503 5340 	add.w	r3, r3, #12288	@ 0x3000
100007ba:	f8cc 2000 	str.w	r2, [ip]
100007be:	6041      	str	r1, [r0, #4]
100007c0:	601c      	str	r4, [r3, #0]
100007c2:	f85d 4b04 	ldr.w	r4, [sp], #4
100007c6:	4770      	bx	lr
100007c8:	40038004 	.word	0x40038004

100007cc <gpio_set_pulls>:
100007cc:	b410      	push	{r4}
100007ce:	4c08      	ldr	r4, [pc, #32]	@ (100007f0 <gpio_set_pulls+0x24>)
100007d0:	00c9      	lsls	r1, r1, #3
100007d2:	ea41 0182 	orr.w	r1, r1, r2, lsl #2
100007d6:	f854 2020 	ldr.w	r2, [r4, r0, lsl #2]
100007da:	eb04 0380 	add.w	r3, r4, r0, lsl #2
100007de:	4051      	eors	r1, r2
100007e0:	f503 5380 	add.w	r3, r3, #4096	@ 0x1000
100007e4:	f001 010c 	and.w	r1, r1, #12
100007e8:	f85d 4b04 	ldr.w	r4, [sp], #4
100007ec:	6019      	str	r1, [r3, #0]
100007ee:	4770      	bx	lr
100007f0:	40038004 	.word	0x40038004

100007f4 <gpio_set_irq_enabled_with_callback>:
100007f4:	e92d 43f0 	stmdb	sp!, {r4, r5, r6, r7, r8, r9, lr}
100007f8:	f04f 4950 	mov.w	r9, #3489660928	@ 0xd0000000
100007fc:	461f      	mov	r7, r3
100007fe:	f8df 8098 	ldr.w	r8, [pc, #152]	@ 10000898 <gpio_set_irq_enabled_with_callback+0xa4>
10000802:	f8d9 3000 	ldr.w	r3, [r9]
10000806:	4616      	mov	r6, r2
10000808:	f858 2023 	ldr.w	r2, [r8, r3, lsl #2]
1000080c:	4604      	mov	r4, r0
1000080e:	460d      	mov	r5, r1
10000810:	b083      	sub	sp, #12
10000812:	b332      	cbz	r2, 10000862 <gpio_set_irq_enabled_with_callback+0x6e>
10000814:	b387      	cbz	r7, 10000878 <gpio_set_irq_enabled_with_callback+0x84>
10000816:	f848 7023 	str.w	r7, [r8, r3, lsl #2]
1000081a:	f04f 4350 	mov.w	r3, #3489660928	@ 0xd0000000
1000081e:	681b      	ldr	r3, [r3, #0]
10000820:	b1bb      	cbz	r3, 10000852 <gpio_set_irq_enabled_with_callback+0x5e>
10000822:	4b19      	ldr	r3, [pc, #100]	@ (10000888 <gpio_set_irq_enabled_with_callback+0x94>)
10000824:	08e1      	lsrs	r1, r4, #3
10000826:	f004 0407 	and.w	r4, r4, #7
1000082a:	4a18      	ldr	r2, [pc, #96]	@ (1000088c <gpio_set_irq_enabled_with_callback+0x98>)
1000082c:	00a4      	lsls	r4, r4, #2
1000082e:	fa05 f404 	lsl.w	r4, r5, r4
10000832:	eb03 0381 	add.w	r3, r3, r1, lsl #2
10000836:	318c      	adds	r1, #140	@ 0x8c
10000838:	f842 4021 	str.w	r4, [r2, r1, lsl #2]
1000083c:	b15e      	cbz	r6, 10000856 <gpio_set_irq_enabled_with_callback+0x62>
1000083e:	2101      	movs	r1, #1
10000840:	2015      	movs	r0, #21
10000842:	f503 5300 	add.w	r3, r3, #8192	@ 0x2000
10000846:	601c      	str	r4, [r3, #0]
10000848:	b003      	add	sp, #12
1000084a:	e8bd 43f0 	ldmia.w	sp!, {r4, r5, r6, r7, r8, r9, lr}
1000084e:	f000 b91d 	b.w	10000a8c <irq_set_enabled>
10000852:	4b0f      	ldr	r3, [pc, #60]	@ (10000890 <gpio_set_irq_enabled_with_callback+0x9c>)
10000854:	e7e6      	b.n	10000824 <gpio_set_irq_enabled_with_callback+0x30>
10000856:	f503 5340 	add.w	r3, r3, #12288	@ 0x3000
1000085a:	601c      	str	r4, [r3, #0]
1000085c:	b003      	add	sp, #12
1000085e:	e8bd 83f0 	ldmia.w	sp!, {r4, r5, r6, r7, r8, r9, pc}
10000862:	2f00      	cmp	r7, #0
10000864:	d0dc      	beq.n	10000820 <gpio_set_irq_enabled_with_callback+0x2c>
10000866:	2015      	movs	r0, #21
10000868:	490a      	ldr	r1, [pc, #40]	@ (10000894 <gpio_set_irq_enabled_with_callback+0xa0>)
1000086a:	f848 7023 	str.w	r7, [r8, r3, lsl #2]
1000086e:	f000 f97f 	bl	10000b70 <irq_add_shared_handler>
10000872:	f8d9 3000 	ldr.w	r3, [r9]
10000876:	e7d3      	b.n	10000820 <gpio_set_irq_enabled_with_callback+0x2c>
10000878:	2015      	movs	r0, #21
1000087a:	4906      	ldr	r1, [pc, #24]	@ (10000894 <gpio_set_irq_enabled_with_callback+0xa0>)
1000087c:	9301      	str	r3, [sp, #4]
1000087e:	f000 fa6b 	bl	10000d58 <irq_remove_handler>
10000882:	9b01      	ldr	r3, [sp, #4]
10000884:	e7c7      	b.n	10000816 <gpio_set_irq_enabled_with_callback+0x22>
10000886:	bf00      	nop
10000888:	40028290 	.word	0x40028290
1000088c:	40028000 	.word	0x40028000
10000890:	40028248 	.word	0x40028248
10000894:	100005bd 	.word	0x100005bd
10000898:	2000198c 	.word	0x2000198c

1000089c <gpio_init>:
1000089c:	b430      	push	{r4, r5}
1000089e:	f04f 0300 	mov.w	r3, #0
100008a2:	ec43 0044 	gpioc_bit_oe_put r0, r3
100008a6:	ec43 0040 	gpioc_bit_out_put r0, r3
100008aa:	2505      	movs	r5, #5
100008ac:	f44f 7480 	mov.w	r4, #256	@ 0x100
100008b0:	4b0b      	ldr	r3, [pc, #44]	@ (100008e0 <gpio_init+0x44>)
100008b2:	00c2      	lsls	r2, r0, #3
100008b4:	f853 1020 	ldr.w	r1, [r3, r0, lsl #2]
100008b8:	eb03 0080 	add.w	r0, r3, r0, lsl #2
100008bc:	f081 0140 	eor.w	r1, r1, #64	@ 0x40
100008c0:	f102 4380 	add.w	r3, r2, #1073741824	@ 0x40000000
100008c4:	f503 3320 	add.w	r3, r3, #163840	@ 0x28000
100008c8:	f001 02c0 	and.w	r2, r1, #192	@ 0xc0
100008cc:	f500 5180 	add.w	r1, r0, #4096	@ 0x1000
100008d0:	f500 5040 	add.w	r0, r0, #12288	@ 0x3000
100008d4:	600a      	str	r2, [r1, #0]
100008d6:	605d      	str	r5, [r3, #4]
100008d8:	6004      	str	r4, [r0, #0]
100008da:	bc30      	pop	{r4, r5}
100008dc:	4770      	bx	lr
100008de:	bf00      	nop
100008e0:	40038004 	.word	0x40038004

100008e4 <panic>:
100008e4:	b40f      	push	{r0, r1, r2, r3}
100008e6:	b500      	push	{lr}
100008e8:	b083      	sub	sp, #12
100008ea:	9c04      	ldr	r4, [sp, #16]
100008ec:	4807      	ldr	r0, [pc, #28]	@ (1000090c <panic+0x28>)
100008ee:	f003 f9bb 	bl	10003c68 <__wrap_puts>
100008f2:	b13c      	cbz	r4, 10000904 <panic+0x20>
100008f4:	a905      	add	r1, sp, #20
100008f6:	4620      	mov	r0, r4
100008f8:	9101      	str	r1, [sp, #4]
100008fa:	f003 f825 	bl	10003948 <weak_raw_vprintf>
100008fe:	4804      	ldr	r0, [pc, #16]	@ (10000910 <panic+0x2c>)
10000900:	f003 f9b2 	bl	10003c68 <__wrap_puts>
10000904:	2001      	movs	r0, #1
10000906:	f003 f837 	bl	10003978 <_exit>
1000090a:	bf00      	nop
1000090c:	10006970 	.word	0x10006970
10000910:	10006980 	.word	0x10006980

10000914 <hw_claim_or_assert>:
10000914:	b570      	push	{r4, r5, r6, lr}
10000916:	4686      	mov	lr, r0
10000918:	f3ef 8510 	mrs	r5, PRIMASK
1000091c:	b672      	cpsid	i
1000091e:	4c12      	ldr	r4, [pc, #72]	@ (10000968 <hw_claim_or_assert+0x54>)
10000920:	e8d4 6fcf 	ldaexb	r6, [r4]
10000924:	2001      	movs	r0, #1
10000926:	2e00      	cmp	r6, #0
10000928:	d1fa      	bne.n	10000920 <hw_claim_or_assert+0xc>
1000092a:	e8c4 0f46 	strexb	r6, r0, [r4]
1000092e:	2e00      	cmp	r6, #0
10000930:	d1f6      	bne.n	10000920 <hw_claim_or_assert+0xc>
10000932:	f3bf 8f5f 	dmb	sy
10000936:	f04f 0c01 	mov.w	ip, #1
1000093a:	08c8      	lsrs	r0, r1, #3
1000093c:	f001 0307 	and.w	r3, r1, #7
10000940:	fa0c f303 	lsl.w	r3, ip, r3
10000944:	f81e c000 	ldrb.w	ip, [lr, r0]
10000948:	ea1c 0603 	ands.w	r6, ip, r3
1000094c:	d108      	bne.n	10000960 <hw_claim_or_assert+0x4c>
1000094e:	ea4c 0c03 	orr.w	ip, ip, r3
10000952:	f80e c000 	strb.w	ip, [lr, r0]
10000956:	e8c4 6f8f 	stlb	r6, [r4]
1000095a:	f385 8810 	msr	PRIMASK, r5
1000095e:	bd70      	pop	{r4, r5, r6, pc}
10000960:	4610      	mov	r0, r2
10000962:	f7ff ffbf 	bl	100008e4 <panic>
10000966:	bf00      	nop
10000968:	20001583 	.word	0x20001583

1000096c <hw_claim_unused_from_range>:
1000096c:	b5f8      	push	{r3, r4, r5, r6, r7, lr}
1000096e:	f3ef 8710 	mrs	r7, PRIMASK
10000972:	b672      	cpsid	i
10000974:	4e1c      	ldr	r6, [pc, #112]	@ (100009e8 <hw_claim_unused_from_range+0x7c>)
10000976:	e8d6 5fcf 	ldaexb	r5, [r6]
1000097a:	2401      	movs	r4, #1
1000097c:	2d00      	cmp	r5, #0
1000097e:	d1fa      	bne.n	10000976 <hw_claim_unused_from_range+0xa>
10000980:	e8c6 4f45 	strexb	r5, r4, [r6]
10000984:	2d00      	cmp	r5, #0
10000986:	d1f6      	bne.n	10000976 <hw_claim_unused_from_range+0xa>
10000988:	f3bf 8f5f 	dmb	sy
1000098c:	429a      	cmp	r2, r3
1000098e:	d81b      	bhi.n	100009c8 <hw_claim_unused_from_range+0x5c>
10000990:	2501      	movs	r5, #1
10000992:	e002      	b.n	1000099a <hw_claim_unused_from_range+0x2e>
10000994:	3201      	adds	r2, #1
10000996:	4293      	cmp	r3, r2
10000998:	d322      	bcc.n	100009e0 <hw_claim_unused_from_range+0x74>
1000099a:	08d4      	lsrs	r4, r2, #3
1000099c:	f810 e004 	ldrb.w	lr, [r0, r4]
100009a0:	f002 0c07 	and.w	ip, r2, #7
100009a4:	fa05 fc0c 	lsl.w	ip, r5, ip
100009a8:	ea1e 0f0c 	tst.w	lr, ip
100009ac:	d1f2      	bne.n	10000994 <hw_claim_unused_from_range+0x28>
100009ae:	ea4e 0e0c 	orr.w	lr, lr, ip
100009b2:	f800 e004 	strb.w	lr, [r0, r4]
100009b6:	4610      	mov	r0, r2
100009b8:	2300      	movs	r3, #0
100009ba:	e8c6 3f8f 	stlb	r3, [r6]
100009be:	f387 8810 	msr	PRIMASK, r7
100009c2:	4298      	cmp	r0, r3
100009c4:	db07      	blt.n	100009d6 <hw_claim_unused_from_range+0x6a>
100009c6:	bdf8      	pop	{r3, r4, r5, r6, r7, pc}
100009c8:	2300      	movs	r3, #0
100009ca:	e8c6 3f8f 	stlb	r3, [r6]
100009ce:	f387 8810 	msr	PRIMASK, r7
100009d2:	f04f 30ff 	mov.w	r0, #4294967295	@ 0xffffffff
100009d6:	2900      	cmp	r1, #0
100009d8:	d0f5      	beq.n	100009c6 <hw_claim_unused_from_range+0x5a>
100009da:	9806      	ldr	r0, [sp, #24]
100009dc:	f7ff ff82 	bl	100008e4 <panic>
100009e0:	f04f 30ff 	mov.w	r0, #4294967295	@ 0xffffffff
100009e4:	e7e8      	b.n	100009b8 <hw_claim_unused_from_range+0x4c>
100009e6:	bf00      	nop
100009e8:	20001583 	.word	0x20001583

100009ec <next_striped_spin_lock_num>:
100009ec:	4a04      	ldr	r2, [pc, #16]	@ (10000a00 <next_striped_spin_lock_num+0x14>)
100009ee:	7810      	ldrb	r0, [r2, #0]
100009f0:	1c43      	adds	r3, r0, #1
100009f2:	b2db      	uxtb	r3, r3
100009f4:	2b18      	cmp	r3, #24
100009f6:	bf28      	it	cs
100009f8:	2310      	movcs	r3, #16
100009fa:	7013      	strb	r3, [r2, #0]
100009fc:	4770      	bx	lr
100009fe:	bf00      	nop
10000a00:	20001189 	.word	0x20001189

10000a04 <spin_lock_claim_unused>:
10000a04:	b510      	push	{r4, lr}
10000a06:	4c05      	ldr	r4, [pc, #20]	@ (10000a1c <spin_lock_claim_unused+0x18>)
10000a08:	b082      	sub	sp, #8
10000a0a:	4601      	mov	r1, r0
10000a0c:	231f      	movs	r3, #31
10000a0e:	2218      	movs	r2, #24
10000a10:	9400      	str	r4, [sp, #0]
10000a12:	4803      	ldr	r0, [pc, #12]	@ (10000a20 <spin_lock_claim_unused+0x1c>)
10000a14:	f7ff ffaa 	bl	1000096c <hw_claim_unused_from_range>
10000a18:	b002      	add	sp, #8
10000a1a:	bd10      	pop	{r4, pc}
10000a1c:	10006984 	.word	0x10006984
10000a20:	200019a4 	.word	0x200019a4

10000a24 <spinlock_set_extexclall>:
10000a24:	f04f 22e0 	mov.w	r2, #3758153728	@ 0xe000e000
10000a28:	6893      	ldr	r3, [r2, #8]
10000a2a:	f043 5300 	orr.w	r3, r3, #536870912	@ 0x20000000
10000a2e:	6093      	str	r3, [r2, #8]
10000a30:	4770      	bx	lr
10000a32:	bf00      	nop

10000a34 <spin_locks_reset>:
10000a34:	2100      	movs	r1, #0
10000a36:	4b04      	ldr	r3, [pc, #16]	@ (10000a48 <spin_locks_reset+0x14>)
10000a38:	f103 0220 	add.w	r2, r3, #32
10000a3c:	e8c3 1f8f 	stlb	r1, [r3]
10000a40:	3301      	adds	r3, #1
10000a42:	4293      	cmp	r3, r2
10000a44:	d1fa      	bne.n	10000a3c <spin_locks_reset+0x8>
10000a46:	4770      	bx	lr
10000a48:	20001578 	.word	0x20001578

10000a4c <runtime_init_per_core_irq_priorities>:
10000a4c:	f04f 23e0 	mov.w	r3, #3758153728	@ 0xe000e000
10000a50:	f04f 3280 	mov.w	r2, #2155905152	@ 0x80808080
10000a54:	f8c3 2400 	str.w	r2, [r3, #1024]	@ 0x400
10000a58:	f8c3 2404 	str.w	r2, [r3, #1028]	@ 0x404
10000a5c:	f8c3 2408 	str.w	r2, [r3, #1032]	@ 0x408
10000a60:	f8c3 240c 	str.w	r2, [r3, #1036]	@ 0x40c
10000a64:	f8c3 2410 	str.w	r2, [r3, #1040]	@ 0x410
10000a68:	f8c3 2414 	str.w	r2, [r3, #1044]	@ 0x414
10000a6c:	f8c3 2418 	str.w	r2, [r3, #1048]	@ 0x418
10000a70:	f8c3 241c 	str.w	r2, [r3, #1052]	@ 0x41c
10000a74:	f8c3 2420 	str.w	r2, [r3, #1056]	@ 0x420
10000a78:	f8c3 2424 	str.w	r2, [r3, #1060]	@ 0x424
10000a7c:	f8c3 2428 	str.w	r2, [r3, #1064]	@ 0x428
10000a80:	f8c3 242c 	str.w	r2, [r3, #1068]	@ 0x42c
10000a84:	f8c3 2430 	str.w	r2, [r3, #1072]	@ 0x430
10000a88:	b662      	cpsie	i
10000a8a:	4770      	bx	lr

10000a8c <irq_set_enabled>:
10000a8c:	2301      	movs	r3, #1
10000a8e:	f000 021f 	and.w	r2, r0, #31
10000a92:	4093      	lsls	r3, r2
10000a94:	0940      	lsrs	r0, r0, #5
10000a96:	b141      	cbz	r1, 10000aaa <irq_set_enabled+0x1e>
10000a98:	0080      	lsls	r0, r0, #2
10000a9a:	f100 4060 	add.w	r0, r0, #3758096384	@ 0xe0000000
10000a9e:	f500 4061 	add.w	r0, r0, #57600	@ 0xe100
10000aa2:	f8c0 3180 	str.w	r3, [r0, #384]	@ 0x180
10000aa6:	6003      	str	r3, [r0, #0]
10000aa8:	4770      	bx	lr
10000aaa:	4a02      	ldr	r2, [pc, #8]	@ (10000ab4 <irq_set_enabled+0x28>)
10000aac:	3020      	adds	r0, #32
10000aae:	f842 3020 	str.w	r3, [r2, r0, lsl #2]
10000ab2:	4770      	bx	lr
10000ab4:	e000e100 	.word	0xe000e100

10000ab8 <irq_is_enabled>:
10000ab8:	2301      	movs	r3, #1
10000aba:	4a06      	ldr	r2, [pc, #24]	@ (10000ad4 <irq_is_enabled+0x1c>)
10000abc:	0941      	lsrs	r1, r0, #5
10000abe:	f852 2021 	ldr.w	r2, [r2, r1, lsl #2]
10000ac2:	f000 001f 	and.w	r0, r0, #31
10000ac6:	fa03 f000 	lsl.w	r0, r3, r0
10000aca:	4010      	ands	r0, r2
10000acc:	3800      	subs	r0, #0
10000ace:	bf18      	it	ne
10000ad0:	2001      	movne	r0, #1
10000ad2:	4770      	bx	lr
10000ad4:	e000e100 	.word	0xe000e100

10000ad8 <irq_set_pending>:
10000ad8:	2201      	movs	r2, #1
10000ada:	0943      	lsrs	r3, r0, #5
10000adc:	4903      	ldr	r1, [pc, #12]	@ (10000aec <irq_set_pending+0x14>)
10000ade:	f000 001f 	and.w	r0, r0, #31
10000ae2:	4082      	lsls	r2, r0
10000ae4:	3340      	adds	r3, #64	@ 0x40
10000ae6:	f841 2023 	str.w	r2, [r1, r3, lsl #2]
10000aea:	4770      	bx	lr
10000aec:	e000e100 	.word	0xe000e100

10000af0 <irq_has_shared_handler>:
10000af0:	4a05      	ldr	r2, [pc, #20]	@ (10000b08 <irq_has_shared_handler+0x18>)
10000af2:	3010      	adds	r0, #16
10000af4:	6892      	ldr	r2, [r2, #8]
10000af6:	4b05      	ldr	r3, [pc, #20]	@ (10000b0c <irq_has_shared_handler+0x1c>)
10000af8:	f852 0020 	ldr.w	r0, [r2, r0, lsl #2]
10000afc:	1ac0      	subs	r0, r0, r3
10000afe:	282f      	cmp	r0, #47	@ 0x2f
10000b00:	bf8c      	ite	hi
10000b02:	2000      	movhi	r0, #0
10000b04:	2001      	movls	r0, #1
10000b06:	4770      	bx	lr
10000b08:	e000ed00 	.word	0xe000ed00
10000b0c:	2000118c 	.word	0x2000118c

10000b10 <irq_set_exclusive_handler>:
10000b10:	b5f8      	push	{r3, r4, r5, r6, r7, lr}
10000b12:	460d      	mov	r5, r1
10000b14:	f3ef 8710 	mrs	r7, PRIMASK
10000b18:	b672      	cpsid	i
10000b1a:	4e12      	ldr	r6, [pc, #72]	@ (10000b64 <irq_set_exclusive_handler+0x54>)
10000b1c:	e8d6 2fcf 	ldaexb	r2, [r6]
10000b20:	2301      	movs	r3, #1
10000b22:	2a00      	cmp	r2, #0
10000b24:	d1fa      	bne.n	10000b1c <irq_set_exclusive_handler+0xc>
10000b26:	e8c6 3f42 	strexb	r2, r3, [r6]
10000b2a:	2a00      	cmp	r2, #0
10000b2c:	d1f6      	bne.n	10000b1c <irq_set_exclusive_handler+0xc>
10000b2e:	f3bf 8f5f 	dmb	sy
10000b32:	4b0d      	ldr	r3, [pc, #52]	@ (10000b68 <irq_set_exclusive_handler+0x58>)
10000b34:	f100 0410 	add.w	r4, r0, #16
10000b38:	689b      	ldr	r3, [r3, #8]
10000b3a:	4a0c      	ldr	r2, [pc, #48]	@ (10000b6c <irq_set_exclusive_handler+0x5c>)
10000b3c:	f853 3024 	ldr.w	r3, [r3, r4, lsl #2]
10000b40:	4293      	cmp	r3, r2
10000b42:	d003      	beq.n	10000b4c <irq_set_exclusive_handler+0x3c>
10000b44:	4299      	cmp	r1, r3
10000b46:	d001      	beq.n	10000b4c <irq_set_exclusive_handler+0x3c>
10000b48:	f001 f922 	bl	10001d90 <hard_assertion_failure>
10000b4c:	4b06      	ldr	r3, [pc, #24]	@ (10000b68 <irq_set_exclusive_handler+0x58>)
10000b4e:	689b      	ldr	r3, [r3, #8]
10000b50:	f843 5024 	str.w	r5, [r3, r4, lsl #2]
10000b54:	f3bf 8f5f 	dmb	sy
10000b58:	2300      	movs	r3, #0
10000b5a:	e8c6 3f8f 	stlb	r3, [r6]
10000b5e:	f387 8810 	msr	PRIMASK, r7
10000b62:	bdf8      	pop	{r3, r4, r5, r6, r7, pc}
10000b64:	20001581 	.word	0x20001581
10000b68:	e000ed00 	.word	0xe000ed00
10000b6c:	10000111 	.word	0x10000111

10000b70 <irq_add_shared_handler>:
10000b70:	e92d 4ff0 	stmdb	sp!, {r4, r5, r6, r7, r8, r9, sl, fp, lr}
10000b74:	4681      	mov	r9, r0
10000b76:	468b      	mov	fp, r1
10000b78:	4616      	mov	r6, r2
10000b7a:	b083      	sub	sp, #12
10000b7c:	f3ef 8310 	mrs	r3, PRIMASK
10000b80:	b672      	cpsid	i
10000b82:	f8df a1d0 	ldr.w	sl, [pc, #464]	@ 10000d54 <irq_add_shared_handler+0x1e4>
10000b86:	9300      	str	r3, [sp, #0]
10000b88:	e8da 1fcf 	ldaexb	r1, [sl]
10000b8c:	2301      	movs	r3, #1
10000b8e:	2900      	cmp	r1, #0
10000b90:	d1fa      	bne.n	10000b88 <irq_add_shared_handler+0x18>
10000b92:	e8ca 3f41 	strexb	r1, r3, [sl]
10000b96:	2900      	cmp	r1, #0
10000b98:	d1f6      	bne.n	10000b88 <irq_add_shared_handler+0x18>
10000b9a:	f3bf 8f5f 	dmb	sy
10000b9e:	4b66      	ldr	r3, [pc, #408]	@ (10000d38 <irq_add_shared_handler+0x1c8>)
10000ba0:	f993 4000 	ldrsb.w	r4, [r3]
10000ba4:	2c00      	cmp	r4, #0
10000ba6:	f2c0 80a0 	blt.w	10000cea <irq_add_shared_handler+0x17a>
10000baa:	4d64      	ldr	r5, [pc, #400]	@ (10000d3c <irq_add_shared_handler+0x1cc>)
10000bac:	eb04 0744 	add.w	r7, r4, r4, lsl #1
10000bb0:	eb05 0887 	add.w	r8, r5, r7, lsl #2
10000bb4:	f898 1006 	ldrb.w	r1, [r8, #6]
10000bb8:	f109 0910 	add.w	r9, r9, #16
10000bbc:	7019      	strb	r1, [r3, #0]
10000bbe:	4b60      	ldr	r3, [pc, #384]	@ (10000d40 <irq_add_shared_handler+0x1d0>)
10000bc0:	00bf      	lsls	r7, r7, #2
10000bc2:	689b      	ldr	r3, [r3, #8]
10000bc4:	f853 0029 	ldr.w	r0, [r3, r9, lsl #2]
10000bc8:	0063      	lsls	r3, r4, #1
10000bca:	1b41      	subs	r1, r0, r5
10000bcc:	292f      	cmp	r1, #47	@ 0x2f
10000bce:	d92f      	bls.n	10000c30 <irq_add_shared_handler+0xc0>
10000bd0:	495c      	ldr	r1, [pc, #368]	@ (10000d44 <irq_add_shared_handler+0x1d4>)
10000bd2:	4288      	cmp	r0, r1
10000bd4:	f040 80a4 	bne.w	10000d20 <irq_add_shared_handler+0x1b0>
10000bd8:	441c      	add	r4, r3
10000bda:	4b5b      	ldr	r3, [pc, #364]	@ (10000d48 <irq_add_shared_handler+0x1d8>)
10000bdc:	3702      	adds	r7, #2
10000bde:	442f      	add	r7, r5
10000be0:	3b04      	subs	r3, #4
10000be2:	1bdb      	subs	r3, r3, r7
10000be4:	f3c3 034a 	ubfx	r3, r3, #1, #11
10000be8:	ea6f 43c3 	mvn.w	r3, r3, lsl #19
10000bec:	f44f 4121 	mov.w	r1, #41216	@ 0xa100
10000bf0:	ea6f 43d3 	mvn.w	r3, r3, lsr #19
10000bf4:	f825 1024 	strh.w	r1, [r5, r4, lsl #2]
10000bf8:	eb05 0484 	add.w	r4, r5, r4, lsl #2
10000bfc:	8063      	strh	r3, [r4, #2]
10000bfe:	f64b 5301 	movw	r3, #48385	@ 0xbd01
10000c02:	80a3      	strh	r3, [r4, #4]
10000c04:	23ff      	movs	r3, #255	@ 0xff
10000c06:	f048 0001 	orr.w	r0, r8, #1
10000c0a:	71e6      	strb	r6, [r4, #7]
10000c0c:	f8c4 b008 	str.w	fp, [r4, #8]
10000c10:	71a3      	strb	r3, [r4, #6]
10000c12:	4b4b      	ldr	r3, [pc, #300]	@ (10000d40 <irq_add_shared_handler+0x1d0>)
10000c14:	689b      	ldr	r3, [r3, #8]
10000c16:	f843 0029 	str.w	r0, [r3, r9, lsl #2]
10000c1a:	f3bf 8f5f 	dmb	sy
10000c1e:	2300      	movs	r3, #0
10000c20:	e8ca 3f8f 	stlb	r3, [sl]
10000c24:	9b00      	ldr	r3, [sp, #0]
10000c26:	f383 8810 	msr	PRIMASK, r3
10000c2a:	b003      	add	sp, #12
10000c2c:	e8bd 8ff0 	ldmia.w	sp!, {r4, r5, r6, r7, r8, r9, sl, fp, pc}
10000c30:	f020 0e01 	bic.w	lr, r0, #1
10000c34:	f89e 1007 	ldrb.w	r1, [lr, #7]
10000c38:	42b1      	cmp	r1, r6
10000c3a:	d82e      	bhi.n	10000c9a <irq_add_shared_handler+0x12a>
10000c3c:	f44f 4321 	mov.w	r3, #41216	@ 0xa100
10000c40:	53eb      	strh	r3, [r5, r7]
10000c42:	4b41      	ldr	r3, [pc, #260]	@ (10000d48 <irq_add_shared_handler+0x1d8>)
10000c44:	1cb9      	adds	r1, r7, #2
10000c46:	4429      	add	r1, r5
10000c48:	3b04      	subs	r3, #4
10000c4a:	3704      	adds	r7, #4
10000c4c:	1a5b      	subs	r3, r3, r1
10000c4e:	442f      	add	r7, r5
10000c50:	f1ae 0104 	sub.w	r1, lr, #4
10000c54:	1bc9      	subs	r1, r1, r7
10000c56:	f3c1 044a 	ubfx	r4, r1, #1, #11
10000c5a:	493c      	ldr	r1, [pc, #240]	@ (10000d4c <irq_add_shared_handler+0x1dc>)
10000c5c:	f3c3 034a 	ubfx	r3, r3, #1, #11
10000c60:	430b      	orrs	r3, r1
10000c62:	4321      	orrs	r1, r4
10000c64:	f8a8 1004 	strh.w	r1, [r8, #4]
10000c68:	4939      	ldr	r1, [pc, #228]	@ (10000d50 <irq_add_shared_handler+0x1e0>)
10000c6a:	f8a8 3002 	strh.w	r3, [r8, #2]
10000c6e:	f64a 20aa 	movw	r0, #43690	@ 0xaaaa
10000c72:	4673      	mov	r3, lr
10000c74:	1b5b      	subs	r3, r3, r5
10000c76:	415b      	adcs	r3, r3
10000c78:	4358      	muls	r0, r3
10000c7a:	0d00      	lsrs	r0, r0, #20
10000c7c:	f888 6007 	strb.w	r6, [r8, #7]
10000c80:	f888 0006 	strb.w	r0, [r8, #6]
10000c84:	f8c8 b008 	str.w	fp, [r8, #8]
10000c88:	f048 0001 	orr.w	r0, r8, #1
10000c8c:	f8ce 1000 	str.w	r1, [lr]
10000c90:	e7bf      	b.n	10000c12 <irq_add_shared_handler+0xa2>
10000c92:	79d1      	ldrb	r1, [r2, #7]
10000c94:	42b1      	cmp	r1, r6
10000c96:	d92e      	bls.n	10000cf6 <irq_add_shared_handler+0x186>
10000c98:	4696      	mov	lr, r2
10000c9a:	f99e c006 	ldrsb.w	ip, [lr, #6]
10000c9e:	eb0c 024c 	add.w	r2, ip, ip, lsl #1
10000ca2:	f1bc 0f00 	cmp.w	ip, #0
10000ca6:	eb05 0282 	add.w	r2, r5, r2, lsl #2
10000caa:	daf2      	bge.n	10000c92 <irq_add_shared_handler+0x122>
10000cac:	f64b 5101 	movw	r1, #48385	@ 0xbd01
10000cb0:	f10e 0204 	add.w	r2, lr, #4
10000cb4:	f1a8 0704 	sub.w	r7, r8, #4
10000cb8:	1abf      	subs	r7, r7, r2
10000cba:	f3c7 074a 	ubfx	r7, r7, #1, #11
10000cbe:	ea6f 47c7 	mvn.w	r7, r7, lsl #19
10000cc2:	ea6f 47d7 	mvn.w	r7, r7, lsr #19
10000cc6:	f88e 4006 	strb.w	r4, [lr, #6]
10000cca:	eb03 0804 	add.w	r8, r3, r4
10000cce:	4c20      	ldr	r4, [pc, #128]	@ (10000d50 <irq_add_shared_handler+0x1e0>)
10000cd0:	eb05 0388 	add.w	r3, r5, r8, lsl #2
10000cd4:	f8ae 7004 	strh.w	r7, [lr, #4]
10000cd8:	f845 4028 	str.w	r4, [r5, r8, lsl #2]
10000cdc:	8099      	strh	r1, [r3, #4]
10000cde:	f883 c006 	strb.w	ip, [r3, #6]
10000ce2:	71de      	strb	r6, [r3, #7]
10000ce4:	f8c3 b008 	str.w	fp, [r3, #8]
10000ce8:	e793      	b.n	10000c12 <irq_add_shared_handler+0xa2>
10000cea:	f001 f851 	bl	10001d90 <hard_assertion_failure>
10000cee:	4b12      	ldr	r3, [pc, #72]	@ (10000d38 <irq_add_shared_handler+0x1c8>)
10000cf0:	f993 4000 	ldrsb.w	r4, [r3]
10000cf4:	e759      	b.n	10000baa <irq_add_shared_handler+0x3a>
10000cf6:	4672      	mov	r2, lr
10000cf8:	f832 1f04 	ldrh.w	r1, [r2, #4]!
10000cfc:	0549      	lsls	r1, r1, #21
10000cfe:	d414      	bmi.n	10000d2a <irq_add_shared_handler+0x1ba>
10000d00:	1549      	asrs	r1, r1, #21
10000d02:	3102      	adds	r1, #2
10000d04:	eb02 0141 	add.w	r1, r2, r1, lsl #1
10000d08:	9101      	str	r1, [sp, #4]
10000d0a:	f06f 0107 	mvn.w	r1, #7
10000d0e:	1bc9      	subs	r1, r1, r7
10000d10:	9f01      	ldr	r7, [sp, #4]
10000d12:	1b49      	subs	r1, r1, r5
10000d14:	4439      	add	r1, r7
10000d16:	f3c1 014a 	ubfx	r1, r1, #1, #11
10000d1a:	f441 4160 	orr.w	r1, r1, #57344	@ 0xe000
10000d1e:	e7c9      	b.n	10000cb4 <irq_add_shared_handler+0x144>
10000d20:	9301      	str	r3, [sp, #4]
10000d22:	f001 f835 	bl	10001d90 <hard_assertion_failure>
10000d26:	9b01      	ldr	r3, [sp, #4]
10000d28:	e756      	b.n	10000bd8 <irq_add_shared_handler+0x68>
10000d2a:	f501 11ff 	add.w	r1, r1, #2088960	@ 0x1fe000
10000d2e:	f501 51ff 	add.w	r1, r1, #8160	@ 0x1fe0
10000d32:	311f      	adds	r1, #31
10000d34:	e7e4      	b.n	10000d00 <irq_add_shared_handler+0x190>
10000d36:	bf00      	nop
10000d38:	20001eb1 	.word	0x20001eb1
10000d3c:	2000118c 	.word	0x2000118c
10000d40:	e000ed00 	.word	0xe000ed00
10000d44:	10000111 	.word	0x10000111
10000d48:	200011bc 	.word	0x200011bc
10000d4c:	ffffe000 	.word	0xffffe000
10000d50:	47804801 	.word	0x47804801
10000d54:	20001581 	.word	0x20001581

10000d58 <irq_remove_handler>:
10000d58:	e92d 4ff0 	stmdb	sp!, {r4, r5, r6, r7, r8, r9, sl, fp, lr}
10000d5c:	b083      	sub	sp, #12
10000d5e:	f3ef 8a10 	mrs	sl, PRIMASK
10000d62:	b672      	cpsid	i
10000d64:	4e71      	ldr	r6, [pc, #452]	@ (10000f2c <irq_remove_handler+0x1d4>)
10000d66:	e8d6 2fcf 	ldaexb	r2, [r6]
10000d6a:	2301      	movs	r3, #1
10000d6c:	2a00      	cmp	r2, #0
10000d6e:	d1fa      	bne.n	10000d66 <irq_remove_handler+0xe>
10000d70:	e8c6 3f42 	strexb	r2, r3, [r6]
10000d74:	2a00      	cmp	r2, #0
10000d76:	d1f6      	bne.n	10000d66 <irq_remove_handler+0xe>
10000d78:	f3bf 8f5f 	dmb	sy
10000d7c:	4b6c      	ldr	r3, [pc, #432]	@ (10000f30 <irq_remove_handler+0x1d8>)
10000d7e:	f100 0810 	add.w	r8, r0, #16
10000d82:	689b      	ldr	r3, [r3, #8]
10000d84:	4a6b      	ldr	r2, [pc, #428]	@ (10000f34 <irq_remove_handler+0x1dc>)
10000d86:	f853 5028 	ldr.w	r5, [r3, r8, lsl #2]
10000d8a:	4295      	cmp	r5, r2
10000d8c:	d045      	beq.n	10000e1a <irq_remove_handler+0xc2>
10000d8e:	428d      	cmp	r5, r1
10000d90:	460c      	mov	r4, r1
10000d92:	d050      	beq.n	10000e36 <irq_remove_handler+0xde>
10000d94:	4f68      	ldr	r7, [pc, #416]	@ (10000f38 <irq_remove_handler+0x1e0>)
10000d96:	1beb      	subs	r3, r5, r7
10000d98:	2b2f      	cmp	r3, #47	@ 0x2f
10000d9a:	d83e      	bhi.n	10000e1a <irq_remove_handler+0xc2>
10000d9c:	2101      	movs	r1, #1
10000d9e:	ea4f 1950 	mov.w	r9, r0, lsr #5
10000da2:	ea4f 0989 	mov.w	r9, r9, lsl #2
10000da6:	f109 4960 	add.w	r9, r9, #3758096384	@ 0xe0000000
10000daa:	f509 4961 	add.w	r9, r9, #57600	@ 0xe100
10000dae:	f000 031f 	and.w	r3, r0, #31
10000db2:	fa01 f003 	lsl.w	r0, r1, r3
10000db6:	f8d9 3000 	ldr.w	r3, [r9]
10000dba:	f8c9 0080 	str.w	r0, [r9, #128]	@ 0x80
10000dbe:	ea00 0b03 	and.w	fp, r0, r3
10000dc2:	f3bf 8f5f 	dmb	sy
10000dc6:	f3ef 8105 	mrs	r1, IPSR
10000dca:	b2c9      	uxtb	r1, r1
10000dcc:	2900      	cmp	r1, #0
10000dce:	d034      	beq.n	10000e3a <irq_remove_handler+0xe2>
10000dd0:	4588      	cmp	r8, r1
10000dd2:	d005      	beq.n	10000de0 <irq_remove_handler+0x88>
10000dd4:	e9cd 1000 	strd	r1, r0, [sp]
10000dd8:	f000 ffda 	bl	10001d90 <hard_assertion_failure>
10000ddc:	e9dd 1000 	ldrd	r1, r0, [sp]
10000de0:	f025 0e01 	bic.w	lr, r5, #1
10000de4:	f8de c008 	ldr.w	ip, [lr, #8]
10000de8:	4564      	cmp	r4, ip
10000dea:	d105      	bne.n	10000df8 <irq_remove_handler+0xa0>
10000dec:	e089      	b.n	10000f02 <irq_remove_handler+0x1aa>
10000dee:	f8d3 c008 	ldr.w	ip, [r3, #8]
10000df2:	4564      	cmp	r4, ip
10000df4:	d031      	beq.n	10000e5a <irq_remove_handler+0x102>
10000df6:	469e      	mov	lr, r3
10000df8:	f99e 2006 	ldrsb.w	r2, [lr, #6]
10000dfc:	eb02 0342 	add.w	r3, r2, r2, lsl #1
10000e00:	2a00      	cmp	r2, #0
10000e02:	eb07 0383 	add.w	r3, r7, r3, lsl #2
10000e06:	daf2      	bge.n	10000dee <irq_remove_handler+0x96>
10000e08:	4564      	cmp	r4, ip
10000e0a:	d061      	beq.n	10000ed0 <irq_remove_handler+0x178>
10000e0c:	f1bb 0f00 	cmp.w	fp, #0
10000e10:	d020      	beq.n	10000e54 <irq_remove_handler+0xfc>
10000e12:	f8c9 0180 	str.w	r0, [r9, #384]	@ 0x180
10000e16:	f8c9 0000 	str.w	r0, [r9]
10000e1a:	4b45      	ldr	r3, [pc, #276]	@ (10000f30 <irq_remove_handler+0x1d8>)
10000e1c:	689b      	ldr	r3, [r3, #8]
10000e1e:	f843 5028 	str.w	r5, [r3, r8, lsl #2]
10000e22:	f3bf 8f5f 	dmb	sy
10000e26:	2300      	movs	r3, #0
10000e28:	e8c6 3f8f 	stlb	r3, [r6]
10000e2c:	f38a 8810 	msr	PRIMASK, sl
10000e30:	b003      	add	sp, #12
10000e32:	e8bd 8ff0 	ldmia.w	sp!, {r4, r5, r6, r7, r8, r9, sl, fp, pc}
10000e36:	4615      	mov	r5, r2
10000e38:	e7ef      	b.n	10000e1a <irq_remove_handler+0xc2>
10000e3a:	f025 0e01 	bic.w	lr, r5, #1
10000e3e:	f8de c008 	ldr.w	ip, [lr, #8]
10000e42:	4564      	cmp	r4, ip
10000e44:	d1d8      	bne.n	10000df8 <irq_remove_handler+0xa0>
10000e46:	f99e 4006 	ldrsb.w	r4, [lr, #6]
10000e4a:	4673      	mov	r3, lr
10000e4c:	2c00      	cmp	r4, #0
10000e4e:	da08      	bge.n	10000e62 <irq_remove_handler+0x10a>
10000e50:	4615      	mov	r5, r2
10000e52:	e046      	b.n	10000ee2 <irq_remove_handler+0x18a>
10000e54:	f8c9 0080 	str.w	r0, [r9, #128]	@ 0x80
10000e58:	e7df      	b.n	10000e1a <irq_remove_handler+0xc2>
10000e5a:	f993 4006 	ldrsb.w	r4, [r3, #6]
10000e5e:	2c00      	cmp	r4, #0
10000e60:	db37      	blt.n	10000ed2 <irq_remove_handler+0x17a>
10000e62:	eb04 0c44 	add.w	ip, r4, r4, lsl #1
10000e66:	eb07 0c8c 	add.w	ip, r7, ip, lsl #2
10000e6a:	f89c 1007 	ldrb.w	r1, [ip, #7]
10000e6e:	f8dc 2008 	ldr.w	r2, [ip, #8]
10000e72:	71d9      	strb	r1, [r3, #7]
10000e74:	609a      	str	r2, [r3, #8]
10000e76:	f99c 2006 	ldrsb.w	r2, [ip, #6]
10000e7a:	0061      	lsls	r1, r4, #1
10000e7c:	2a00      	cmp	r2, #0
10000e7e:	719a      	strb	r2, [r3, #6]
10000e80:	db3d      	blt.n	10000efe <irq_remove_handler+0x1a6>
10000e82:	f8bc e004 	ldrh.w	lr, [ip, #4]
10000e86:	ea5f 5e4e 	movs.w	lr, lr, lsl #21
10000e8a:	d505      	bpl.n	10000e98 <irq_remove_handler+0x140>
10000e8c:	f50e 1eff 	add.w	lr, lr, #2088960	@ 0x1fe000
10000e90:	f50e 5eff 	add.w	lr, lr, #8160	@ 0x1fe0
10000e94:	f10e 0e1f 	add.w	lr, lr, #31
10000e98:	f06f 0c07 	mvn.w	ip, #7
10000e9c:	190a      	adds	r2, r1, r4
10000e9e:	ea4f 5e6e 	mov.w	lr, lr, asr #21
10000ea2:	0092      	lsls	r2, r2, #2
10000ea4:	eb02 024e 	add.w	r2, r2, lr, lsl #1
10000ea8:	3208      	adds	r2, #8
10000eaa:	443a      	add	r2, r7
10000eac:	ebac 0c03 	sub.w	ip, ip, r3
10000eb0:	4462      	add	r2, ip
10000eb2:	f3c2 024a 	ubfx	r2, r2, #1, #11
10000eb6:	ea6f 42c2 	mvn.w	r2, r2, lsl #19
10000eba:	ea6f 42d2 	mvn.w	r2, r2, lsr #19
10000ebe:	809a      	strh	r2, [r3, #4]
10000ec0:	4b1e      	ldr	r3, [pc, #120]	@ (10000f3c <irq_remove_handler+0x1e4>)
10000ec2:	4421      	add	r1, r4
10000ec4:	781a      	ldrb	r2, [r3, #0]
10000ec6:	eb07 0181 	add.w	r1, r7, r1, lsl #2
10000eca:	701c      	strb	r4, [r3, #0]
10000ecc:	718a      	strb	r2, [r1, #6]
10000ece:	e79d      	b.n	10000e0c <irq_remove_handler+0xb4>
10000ed0:	4673      	mov	r3, lr
10000ed2:	b9d9      	cbnz	r1, 10000f0c <irq_remove_handler+0x1b4>
10000ed4:	22ff      	movs	r2, #255	@ 0xff
10000ed6:	f88e 2006 	strb.w	r2, [lr, #6]
10000eda:	f64b 5201 	movw	r2, #48385	@ 0xbd01
10000ede:	f8ae 2004 	strh.w	r2, [lr, #4]
10000ee2:	4c16      	ldr	r4, [pc, #88]	@ (10000f3c <irq_remove_handler+0x1e4>)
10000ee4:	f64a 22aa 	movw	r2, #43690	@ 0xaaaa
10000ee8:	f894 c000 	ldrb.w	ip, [r4]
10000eec:	4619      	mov	r1, r3
10000eee:	1bc9      	subs	r1, r1, r7
10000ef0:	4149      	adcs	r1, r1
10000ef2:	434a      	muls	r2, r1
10000ef4:	0d12      	lsrs	r2, r2, #20
10000ef6:	f883 c006 	strb.w	ip, [r3, #6]
10000efa:	7022      	strb	r2, [r4, #0]
10000efc:	e786      	b.n	10000e0c <irq_remove_handler+0xb4>
10000efe:	4a10      	ldr	r2, [pc, #64]	@ (10000f40 <irq_remove_handler+0x1e8>)
10000f00:	e7dd      	b.n	10000ebe <irq_remove_handler+0x166>
10000f02:	f99e 4006 	ldrsb.w	r4, [lr, #6]
10000f06:	4673      	mov	r3, lr
10000f08:	2c00      	cmp	r4, #0
10000f0a:	daaa      	bge.n	10000e62 <irq_remove_handler+0x10a>
10000f0c:	4a0d      	ldr	r2, [pc, #52]	@ (10000f44 <irq_remove_handler+0x1ec>)
10000f0e:	4c0e      	ldr	r4, [pc, #56]	@ (10000f48 <irq_remove_handler+0x1f0>)
10000f10:	1ad2      	subs	r2, r2, r3
10000f12:	3a08      	subs	r2, #8
10000f14:	f3c2 310a 	ubfx	r1, r2, #12, #11
10000f18:	ea6f 5101 	mvn.w	r1, r1, lsl #20
10000f1c:	ea6f 5111 	mvn.w	r1, r1, lsr #20
10000f20:	ea44 0252 	orr.w	r2, r4, r2, lsr #1
10000f24:	80da      	strh	r2, [r3, #6]
10000f26:	8099      	strh	r1, [r3, #4]
10000f28:	e770      	b.n	10000e0c <irq_remove_handler+0xb4>
10000f2a:	bf00      	nop
10000f2c:	20001581 	.word	0x20001581
10000f30:	e000ed00 	.word	0xe000ed00
10000f34:	10000111 	.word	0x10000111
10000f38:	2000118c 	.word	0x2000118c
10000f3c:	20001eb1 	.word	0x20001eb1
10000f40:	ffffbd01 	.word	0xffffbd01
10000f44:	200011c6 	.word	0x200011c6
10000f48:	fffff800 	.word	0xfffff800

10000f4c <irq_add_tail_to_free_list>:
10000f4c:	b5f0      	push	{r4, r5, r6, r7, lr}
10000f4e:	f3ef 8505 	mrs	r5, IPSR
10000f52:	b2ed      	uxtb	r5, r5
10000f54:	f3ef 8c10 	mrs	ip, PRIMASK
10000f58:	b672      	cpsid	i
10000f5a:	4926      	ldr	r1, [pc, #152]	@ (10000ff4 <irq_add_tail_to_free_list+0xa8>)
10000f5c:	e8d1 2fcf 	ldaexb	r2, [r1]
10000f60:	2301      	movs	r3, #1
10000f62:	2a00      	cmp	r2, #0
10000f64:	d1fa      	bne.n	10000f5c <irq_add_tail_to_free_list+0x10>
10000f66:	e8c1 3f42 	strexb	r2, r3, [r1]
10000f6a:	2a00      	cmp	r2, #0
10000f6c:	d1f6      	bne.n	10000f5c <irq_add_tail_to_free_list+0x10>
10000f6e:	f3bf 8f5f 	dmb	sy
10000f72:	4e21      	ldr	r6, [pc, #132]	@ (10000ff8 <irq_add_tail_to_free_list+0xac>)
10000f74:	f040 0e01 	orr.w	lr, r0, #1
10000f78:	68b4      	ldr	r4, [r6, #8]
10000f7a:	f64a 23aa 	movw	r3, #43690	@ 0xaaaa
10000f7e:	f854 7025 	ldr.w	r7, [r4, r5, lsl #2]
10000f82:	4a1e      	ldr	r2, [pc, #120]	@ (10000ffc <irq_add_tail_to_free_list+0xb0>)
10000f84:	4604      	mov	r4, r0
10000f86:	1aa4      	subs	r4, r4, r2
10000f88:	4164      	adcs	r4, r4
10000f8a:	4363      	muls	r3, r4
10000f8c:	0d1b      	lsrs	r3, r3, #20
10000f8e:	4577      	cmp	r7, lr
10000f90:	b25b      	sxtb	r3, r3
10000f92:	d01b      	beq.n	10000fcc <irq_add_tail_to_free_list+0x80>
10000f94:	f992 4006 	ldrsb.w	r4, [r2, #6]
10000f98:	429c      	cmp	r4, r3
10000f9a:	d01c      	beq.n	10000fd6 <irq_add_tail_to_free_list+0x8a>
10000f9c:	f992 4012 	ldrsb.w	r4, [r2, #18]
10000fa0:	429c      	cmp	r4, r3
10000fa2:	d023      	beq.n	10000fec <irq_add_tail_to_free_list+0xa0>
10000fa4:	f992 401e 	ldrsb.w	r4, [r2, #30]
10000fa8:	429c      	cmp	r4, r3
10000faa:	d021      	beq.n	10000ff0 <irq_add_tail_to_free_list+0xa4>
10000fac:	f992 402a 	ldrsb.w	r4, [r2, #42]	@ 0x2a
10000fb0:	429c      	cmp	r4, r3
10000fb2:	bf08      	it	eq
10000fb4:	2403      	moveq	r4, #3
10000fb6:	d00f      	beq.n	10000fd8 <irq_add_tail_to_free_list+0x8c>
10000fb8:	4a11      	ldr	r2, [pc, #68]	@ (10001000 <irq_add_tail_to_free_list+0xb4>)
10000fba:	2400      	movs	r4, #0
10000fbc:	7815      	ldrb	r5, [r2, #0]
10000fbe:	7013      	strb	r3, [r2, #0]
10000fc0:	7185      	strb	r5, [r0, #6]
10000fc2:	e8c1 4f8f 	stlb	r4, [r1]
10000fc6:	f38c 8810 	msr	PRIMASK, ip
10000fca:	bdf0      	pop	{r4, r5, r6, r7, pc}
10000fcc:	68b2      	ldr	r2, [r6, #8]
10000fce:	4c0d      	ldr	r4, [pc, #52]	@ (10001004 <irq_add_tail_to_free_list+0xb8>)
10000fd0:	f842 4025 	str.w	r4, [r2, r5, lsl #2]
10000fd4:	e7f0      	b.n	10000fb8 <irq_add_tail_to_free_list+0x6c>
10000fd6:	2400      	movs	r4, #0
10000fd8:	eb04 0444 	add.w	r4, r4, r4, lsl #1
10000fdc:	eb02 0284 	add.w	r2, r2, r4, lsl #2
10000fe0:	24ff      	movs	r4, #255	@ 0xff
10000fe2:	7194      	strb	r4, [r2, #6]
10000fe4:	f64b 5401 	movw	r4, #48385	@ 0xbd01
10000fe8:	8094      	strh	r4, [r2, #4]
10000fea:	e7e5      	b.n	10000fb8 <irq_add_tail_to_free_list+0x6c>
10000fec:	2401      	movs	r4, #1
10000fee:	e7f3      	b.n	10000fd8 <irq_add_tail_to_free_list+0x8c>
10000ff0:	2402      	movs	r4, #2
10000ff2:	e7f1      	b.n	10000fd8 <irq_add_tail_to_free_list+0x8c>
10000ff4:	20001581 	.word	0x20001581
10000ff8:	e000ed00 	.word	0xe000ed00
10000ffc:	2000118c 	.word	0x2000118c
10001000:	20001eb1 	.word	0x20001eb1
10001004:	10000111 	.word	0x10000111

10001008 <user_irq_claim_unused>:
10001008:	b510      	push	{r4, lr}
1000100a:	4c07      	ldr	r4, [pc, #28]	@ (10001028 <user_irq_claim_unused+0x20>)
1000100c:	b082      	sub	sp, #8
1000100e:	4601      	mov	r1, r0
10001010:	2305      	movs	r3, #5
10001012:	2200      	movs	r2, #0
10001014:	9400      	str	r4, [sp, #0]
10001016:	4805      	ldr	r0, [pc, #20]	@ (1000102c <user_irq_claim_unused+0x24>)
10001018:	f7ff fca8 	bl	1000096c <hw_claim_unused_from_range>
1000101c:	2800      	cmp	r0, #0
1000101e:	bfa8      	it	ge
10001020:	f1c0 0033 	rsbge	r0, r0, #51	@ 0x33
10001024:	b002      	add	sp, #8
10001026:	bd10      	pop	{r4, pc}
10001028:	100069a0 	.word	0x100069a0
1000102c:	20001eb5 	.word	0x20001eb5

10001030 <lock_init>:
10001030:	4b01      	ldr	r3, [pc, #4]	@ (10001038 <lock_init+0x8>)
10001032:	440b      	add	r3, r1
10001034:	6003      	str	r3, [r0, #0]
10001036:	4770      	bx	lr
10001038:	20001578 	.word	0x20001578

1000103c <runtime_init_mutex>:
1000103c:	b570      	push	{r4, r5, r6, lr}
1000103e:	4c10      	ldr	r4, [pc, #64]	@ (10001080 <runtime_init_mutex+0x44>)
10001040:	4d10      	ldr	r5, [pc, #64]	@ (10001084 <runtime_init_mutex+0x48>)
10001042:	42ac      	cmp	r4, r5
10001044:	d20e      	bcs.n	10001064 <runtime_init_mutex+0x28>
10001046:	26ff      	movs	r6, #255	@ 0xff
10001048:	6823      	ldr	r3, [r4, #0]
1000104a:	b163      	cbz	r3, 10001066 <runtime_init_mutex+0x2a>
1000104c:	f7ff fcce 	bl	100009ec <next_striped_spin_lock_num>
10001050:	4601      	mov	r1, r0
10001052:	4620      	mov	r0, r4
10001054:	f7ff ffec 	bl	10001030 <lock_init>
10001058:	80a6      	strh	r6, [r4, #4]
1000105a:	f3bf 8f5f 	dmb	sy
1000105e:	3408      	adds	r4, #8
10001060:	42ac      	cmp	r4, r5
10001062:	d3f1      	bcc.n	10001048 <runtime_init_mutex+0xc>
10001064:	bd70      	pop	{r4, r5, r6, pc}
10001066:	f7ff fcc1 	bl	100009ec <next_striped_spin_lock_num>
1000106a:	4601      	mov	r1, r0
1000106c:	4620      	mov	r0, r4
1000106e:	f7ff ffdf 	bl	10001030 <lock_init>
10001072:	7126      	strb	r6, [r4, #4]
10001074:	f3bf 8f5f 	dmb	sy
10001078:	3408      	adds	r4, #8
1000107a:	42ac      	cmp	r4, r5
1000107c:	d3e4      	bcc.n	10001048 <runtime_init_mutex+0xc>
1000107e:	bd70      	pop	{r4, r5, r6, pc}
10001080:	2000123c 	.word	0x2000123c
10001084:	20001244 	.word	0x20001244

10001088 <mutex_init>:
10001088:	b510      	push	{r4, lr}
1000108a:	4604      	mov	r4, r0
1000108c:	f7ff fcae 	bl	100009ec <next_striped_spin_lock_num>
10001090:	4601      	mov	r1, r0
10001092:	4620      	mov	r0, r4
10001094:	f7ff ffcc 	bl	10001030 <lock_init>
10001098:	23ff      	movs	r3, #255	@ 0xff
1000109a:	7123      	strb	r3, [r4, #4]
1000109c:	f3bf 8f5f 	dmb	sy
100010a0:	bd10      	pop	{r4, pc}
100010a2:	bf00      	nop

100010a4 <critical_section_init>:
100010a4:	b510      	push	{r4, lr}
100010a6:	4604      	mov	r4, r0
100010a8:	2001      	movs	r0, #1
100010aa:	f7ff fcab 	bl	10000a04 <spin_lock_claim_unused>
100010ae:	4b03      	ldr	r3, [pc, #12]	@ (100010bc <critical_section_init+0x18>)
100010b0:	4403      	add	r3, r0
100010b2:	6023      	str	r3, [r4, #0]
100010b4:	f3bf 8f5f 	dmb	sy
100010b8:	bd10      	pop	{r4, pc}
100010ba:	bf00      	nop
100010bc:	20001578 	.word	0x20001578

100010c0 <critical_section_init_with_lock_num>:
100010c0:	4b02      	ldr	r3, [pc, #8]	@ (100010cc <critical_section_init_with_lock_num+0xc>)
100010c2:	440b      	add	r3, r1
100010c4:	6003      	str	r3, [r0, #0]
100010c6:	f3bf 8f5f 	dmb	sy
100010ca:	4770      	bx	lr
100010cc:	20001578 	.word	0x20001578

100010d0 <sleep_until_callback>:
100010d0:	4b0d      	ldr	r3, [pc, #52]	@ (10001108 <sleep_until_callback+0x38>)
100010d2:	681a      	ldr	r2, [r3, #0]
100010d4:	f3ef 8110 	mrs	r1, PRIMASK
100010d8:	b672      	cpsid	i
100010da:	e8d2 cfcf 	ldaexb	ip, [r2]
100010de:	2001      	movs	r0, #1
100010e0:	f1bc 0f00 	cmp.w	ip, #0
100010e4:	d1f9      	bne.n	100010da <sleep_until_callback+0xa>
100010e6:	e8c2 0f4c 	strexb	ip, r0, [r2]
100010ea:	f1bc 0f00 	cmp.w	ip, #0
100010ee:	d1f4      	bne.n	100010da <sleep_until_callback+0xa>
100010f0:	f3bf 8f5f 	dmb	sy
100010f4:	2200      	movs	r2, #0
100010f6:	681b      	ldr	r3, [r3, #0]
100010f8:	e8c3 2f8f 	stlb	r2, [r3]
100010fc:	f381 8810 	msr	PRIMASK, r1
10001100:	bf40      	sev
10001102:	2000      	movs	r0, #0
10001104:	2100      	movs	r1, #0
10001106:	4770      	bx	lr
10001108:	20001e88 	.word	0x20001e88
1000110c:	00000000 	.word	0x00000000

10001110 <alarm_pool_irq_handler>:
10001110:	e92d 4ff0 	stmdb	sp!, {r4, r5, r6, r7, r8, r9, sl, fp, lr}
10001114:	ed2d 8b02 	vpush	{d8}
10001118:	b085      	sub	sp, #20
1000111a:	f3ef 8305 	mrs	r3, IPSR
1000111e:	b2db      	uxtb	r3, r3
10001120:	3b10      	subs	r3, #16
10001122:	089a      	lsrs	r2, r3, #2
10001124:	bf18      	it	ne
10001126:	2201      	movne	r2, #1
10001128:	f04f 0101 	mov.w	r1, #1
1000112c:	f003 0b03 	and.w	fp, r3, #3
10001130:	bf18      	it	ne
10001132:	4daf      	ldrne	r5, [pc, #700]	@ (100013f0 <alarm_pool_irq_handler+0x2e0>)
10001134:	4baf      	ldr	r3, [pc, #700]	@ (100013f4 <alarm_pool_irq_handler+0x2e4>)
10001136:	bf08      	it	eq
10001138:	4daf      	ldreq	r5, [pc, #700]	@ (100013f8 <alarm_pool_irq_handler+0x2e8>)
1000113a:	eb0b 0282 	add.w	r2, fp, r2, lsl #2
1000113e:	f853 6022 	ldr.w	r6, [r3, r2, lsl #2]
10001142:	fa01 f20b 	lsl.w	r2, r1, fp
10001146:	f505 5341 	add.w	r3, r5, #12352	@ 0x3040
1000114a:	ed9f 8ba7 	vldr	d8, [pc, #668]	@ 100013e8 <alarm_pool_irq_handler+0x2d8>
1000114e:	9201      	str	r2, [sp, #4]
10001150:	605a      	str	r2, [r3, #4]
10001152:	e02f      	b.n	100011b4 <alarm_pool_irq_handler+0xa4>
10001154:	88b3      	ldrh	r3, [r6, #4]
10001156:	041c      	lsls	r4, r3, #16
10001158:	f140 8093 	bpl.w	10001282 <alarm_pool_irq_handler+0x172>
1000115c:	79b3      	ldrb	r3, [r6, #6]
1000115e:	2b00      	cmp	r3, #0
10001160:	f040 80dd 	bne.w	1000131e <alarm_pool_irq_handler+0x20e>
10001164:	f9b6 2008 	ldrsh.w	r2, [r6, #8]
10001168:	2a00      	cmp	r2, #0
1000116a:	f2c0 811e 	blt.w	100013aa <alarm_pool_irq_handler+0x29a>
1000116e:	6973      	ldr	r3, [r6, #20]
10001170:	eb02 0242 	add.w	r2, r2, r2, lsl #1
10001174:	eb03 03c2 	add.w	r3, r3, r2, lsl #3
10001178:	e9d3 4702 	ldrd	r4, r7, [r3, #8]
1000117c:	f1b7 3fff 	cmp.w	r7, #4294967295	@ 0xffffffff
10001180:	bf08      	it	eq
10001182:	f1b4 3fff 	cmpeq.w	r4, #4294967295	@ 0xffffffff
10001186:	d00e      	beq.n	100011a6 <alarm_pool_irq_handler+0x96>
10001188:	eb05 018b 	add.w	r1, r5, fp, lsl #2
1000118c:	6aab      	ldr	r3, [r5, #40]	@ 0x28
1000118e:	690a      	ldr	r2, [r1, #16]
10001190:	1ad2      	subs	r2, r2, r3
10001192:	1ae3      	subs	r3, r4, r3
10001194:	4293      	cmp	r3, r2
10001196:	d305      	bcc.n	100011a4 <alarm_pool_irq_handler+0x94>
10001198:	2301      	movs	r3, #1
1000119a:	6a2a      	ldr	r2, [r5, #32]
1000119c:	fa03 f30b 	lsl.w	r3, r3, fp
100011a0:	4213      	tst	r3, r2
100011a2:	d100      	bne.n	100011a6 <alarm_pool_irq_handler+0x96>
100011a4:	610c      	str	r4, [r1, #16]
100011a6:	4628      	mov	r0, r5
100011a8:	f000 fbac 	bl	10001904 <timer_time_us_64>
100011ac:	42a0      	cmp	r0, r4
100011ae:	41b9      	sbcs	r1, r7
100011b0:	f2c0 80fb 	blt.w	100013aa <alarm_pool_irq_handler+0x29a>
100011b4:	f9b6 3008 	ldrsh.w	r3, [r6, #8]
100011b8:	9a01      	ldr	r2, [sp, #4]
100011ba:	2b00      	cmp	r3, #0
100011bc:	9300      	str	r3, [sp, #0]
100011be:	63ea      	str	r2, [r5, #60]	@ 0x3c
100011c0:	dbc8      	blt.n	10001154 <alarm_pool_irq_handler+0x44>
100011c2:	f8d6 8014 	ldr.w	r8, [r6, #20]
100011c6:	eb03 0943 	add.w	r9, r3, r3, lsl #1
100011ca:	4628      	mov	r0, r5
100011cc:	eb08 07c9 	add.w	r7, r8, r9, lsl #3
100011d0:	e9d7 4a02 	ldrd	r4, sl, [r7, #8]
100011d4:	f000 fb96 	bl	10001904 <timer_time_us_64>
100011d8:	42a0      	cmp	r0, r4
100011da:	eb71 010a 	sbcs.w	r1, r1, sl
100011de:	dbb9      	blt.n	10001154 <alarm_pool_irq_handler+0x44>
100011e0:	f1ba 0f00 	cmp.w	sl, #0
100011e4:	f2c0 80c3 	blt.w	1000136e <alarm_pool_irq_handler+0x25e>
100011e8:	e9d7 3104 	ldrd	r3, r1, [r7, #16]
100011ec:	4a83      	ldr	r2, [pc, #524]	@ (100013fc <alarm_pool_irq_handler+0x2ec>)
100011ee:	4293      	cmp	r3, r2
100011f0:	f000 80ed 	beq.w	100013ce <alarm_pool_irq_handler+0x2be>
100011f4:	887a      	ldrh	r2, [r7, #2]
100011f6:	f9b6 0008 	ldrsh.w	r0, [r6, #8]
100011fa:	b292      	uxth	r2, r2
100011fc:	ea42 4000 	orr.w	r0, r2, r0, lsl #16
10001200:	4798      	blx	r3
10001202:	4602      	mov	r2, r0
10001204:	460b      	mov	r3, r1
10001206:	ea52 0103 	orrs.w	r1, r2, r3
1000120a:	f000 80b0 	beq.w	1000136e <alarm_pool_irq_handler+0x25e>
1000120e:	2b00      	cmp	r3, #0
10001210:	f280 80d1 	bge.w	100013b6 <alarm_pool_irq_handler+0x2a6>
10001214:	ebb4 0e02 	subs.w	lr, r4, r2
10001218:	eb6a 0a03 	sbc.w	sl, sl, r3
1000121c:	f938 3039 	ldrsh.w	r3, [r8, r9, lsl #3]
10001220:	e9c7 ea02 	strd	lr, sl, [r7, #8]
10001224:	2b00      	cmp	r3, #0
10001226:	db95      	blt.n	10001154 <alarm_pool_irq_handler+0x44>
10001228:	6971      	ldr	r1, [r6, #20]
1000122a:	eb03 0243 	add.w	r2, r3, r3, lsl #1
1000122e:	eb01 02c2 	add.w	r2, r1, r2, lsl #3
10001232:	e9d2 7002 	ldrd	r7, r0, [r2, #8]
10001236:	45be      	cmp	lr, r7
10001238:	eb7a 0c00 	sbcs.w	ip, sl, r0
1000123c:	ea4f 0243 	mov.w	r2, r3, lsl #1
10001240:	db88      	blt.n	10001154 <alarm_pool_irq_handler+0x44>
10001242:	46b4      	mov	ip, r6
10001244:	f82c 3f08 	strh.w	r3, [ip, #8]!
10001248:	e006      	b.n	10001258 <alarm_pool_irq_handler+0x148>
1000124a:	eb03 0043 	add.w	r0, r3, r3, lsl #1
1000124e:	eb01 00c0 	add.w	r0, r1, r0, lsl #3
10001252:	005a      	lsls	r2, r3, #1
10001254:	e9d0 7002 	ldrd	r7, r0, [r0, #8]
10001258:	45be      	cmp	lr, r7
1000125a:	441a      	add	r2, r3
1000125c:	eb7a 0000 	sbcs.w	r0, sl, r0
10001260:	eb01 04c2 	add.w	r4, r1, r2, lsl #3
10001264:	db04      	blt.n	10001270 <alarm_pool_irq_handler+0x160>
10001266:	f931 3032 	ldrsh.w	r3, [r1, r2, lsl #3]
1000126a:	46a4      	mov	ip, r4
1000126c:	2b00      	cmp	r3, #0
1000126e:	daec      	bge.n	1000124a <alarm_pool_irq_handler+0x13a>
10001270:	f828 3039 	strh.w	r3, [r8, r9, lsl #3]
10001274:	9b00      	ldr	r3, [sp, #0]
10001276:	f8ac 3000 	strh.w	r3, [ip]
1000127a:	88b3      	ldrh	r3, [r6, #4]
1000127c:	041c      	lsls	r4, r3, #16
1000127e:	f53f af6d 	bmi.w	1000115c <alarm_pool_irq_handler+0x4c>
10001282:	6933      	ldr	r3, [r6, #16]
10001284:	f3ef 8210 	mrs	r2, PRIMASK
10001288:	b672      	cpsid	i
1000128a:	e8d3 0fcf 	ldaexb	r0, [r3]
1000128e:	2101      	movs	r1, #1
10001290:	2800      	cmp	r0, #0
10001292:	d1fa      	bne.n	1000128a <alarm_pool_irq_handler+0x17a>
10001294:	e8c3 1f40 	strexb	r0, r1, [r3]
10001298:	2800      	cmp	r0, #0
1000129a:	d1f6      	bne.n	1000128a <alarm_pool_irq_handler+0x17a>
1000129c:	f3bf 8f5f 	dmb	sy
100012a0:	f64f 74ff 	movw	r4, #65535	@ 0xffff
100012a4:	88b0      	ldrh	r0, [r6, #4]
100012a6:	2300      	movs	r3, #0
100012a8:	6931      	ldr	r1, [r6, #16]
100012aa:	b200      	sxth	r0, r0
100012ac:	80b4      	strh	r4, [r6, #4]
100012ae:	e8c1 3f8f 	stlb	r3, [r1]
100012b2:	f382 8810 	msr	PRIMASK, r2
100012b6:	4298      	cmp	r0, r3
100012b8:	f6ff af50 	blt.w	1000115c <alarm_pool_irq_handler+0x4c>
100012bc:	4607      	mov	r7, r0
100012be:	46a9      	mov	r9, r5
100012c0:	6974      	ldr	r4, [r6, #20]
100012c2:	f106 0808 	add.w	r8, r6, #8
100012c6:	eb07 0e47 	add.w	lr, r7, r7, lsl #1
100012ca:	eb04 03ce 	add.w	r3, r4, lr, lsl #3
100012ce:	e9d3 5002 	ldrd	r5, r0, [r3, #8]
100012d2:	f9b6 3008 	ldrsh.w	r3, [r6, #8]
100012d6:	46c4      	mov	ip, r8
100012d8:	2b00      	cmp	r3, #0
100012da:	db13      	blt.n	10001304 <alarm_pool_irq_handler+0x1f4>
100012dc:	46b2      	mov	sl, r6
100012de:	9700      	str	r7, [sp, #0]
100012e0:	e004      	b.n	100012ec <alarm_pool_irq_handler+0x1dc>
100012e2:	f934 3036 	ldrsh.w	r3, [r4, r6, lsl #3]
100012e6:	4694      	mov	ip, r2
100012e8:	2b00      	cmp	r3, #0
100012ea:	db09      	blt.n	10001300 <alarm_pool_irq_handler+0x1f0>
100012ec:	eb03 0643 	add.w	r6, r3, r3, lsl #1
100012f0:	eb04 02c6 	add.w	r2, r4, r6, lsl #3
100012f4:	e9d2 7102 	ldrd	r7, r1, [r2, #8]
100012f8:	42bd      	cmp	r5, r7
100012fa:	eb70 0101 	sbcs.w	r1, r0, r1
100012fe:	daf0      	bge.n	100012e2 <alarm_pool_irq_handler+0x1d2>
10001300:	4656      	mov	r6, sl
10001302:	9f00      	ldr	r7, [sp, #0]
10001304:	f8ac 7000 	strh.w	r7, [ip]
10001308:	f934 703e 	ldrsh.w	r7, [r4, lr, lsl #3]
1000130c:	f824 303e 	strh.w	r3, [r4, lr, lsl #3]
10001310:	2f00      	cmp	r7, #0
10001312:	dad8      	bge.n	100012c6 <alarm_pool_irq_handler+0x1b6>
10001314:	79b3      	ldrb	r3, [r6, #6]
10001316:	464d      	mov	r5, r9
10001318:	2b00      	cmp	r3, #0
1000131a:	f43f af23 	beq.w	10001164 <alarm_pool_irq_handler+0x54>
1000131e:	2300      	movs	r3, #0
10001320:	71b3      	strb	r3, [r6, #6]
10001322:	f9b6 3008 	ldrsh.w	r3, [r6, #8]
10001326:	f106 0808 	add.w	r8, r6, #8
1000132a:	1c58      	adds	r0, r3, #1
1000132c:	d03d      	beq.n	100013aa <alarm_pool_irq_handler+0x29a>
1000132e:	461a      	mov	r2, r3
10001330:	6977      	ldr	r7, [r6, #20]
10001332:	e003      	b.n	1000133c <alarm_pool_irq_handler+0x22c>
10001334:	4680      	mov	r8, r0
10001336:	1c59      	adds	r1, r3, #1
10001338:	f43f af16 	beq.w	10001168 <alarm_pool_irq_handler+0x58>
1000133c:	eb03 0143 	add.w	r1, r3, r3, lsl #1
10001340:	eb07 00c1 	add.w	r0, r7, r1, lsl #3
10001344:	f8b0 c002 	ldrh.w	ip, [r0, #2]
10001348:	461c      	mov	r4, r3
1000134a:	f41c 4f00 	tst.w	ip, #32768	@ 0x8000
1000134e:	469e      	mov	lr, r3
10001350:	f937 3031 	ldrsh.w	r3, [r7, r1, lsl #3]
10001354:	d0ee      	beq.n	10001334 <alarm_pool_irq_handler+0x224>
10001356:	4294      	cmp	r4, r2
10001358:	ed80 8b02 	vstr	d8, [r0, #8]
1000135c:	d005      	beq.n	1000136a <alarm_pool_irq_handler+0x25a>
1000135e:	f8a8 3000 	strh.w	r3, [r8]
10001362:	8932      	ldrh	r2, [r6, #8]
10001364:	f827 2031 	strh.w	r2, [r7, r1, lsl #3]
10001368:	8134      	strh	r4, [r6, #8]
1000136a:	4672      	mov	r2, lr
1000136c:	e7e3      	b.n	10001336 <alarm_pool_irq_handler+0x226>
1000136e:	f838 3039 	ldrh.w	r3, [r8, r9, lsl #3]
10001372:	8133      	strh	r3, [r6, #8]
10001374:	6933      	ldr	r3, [r6, #16]
10001376:	f3ef 8210 	mrs	r2, PRIMASK
1000137a:	b672      	cpsid	i
1000137c:	e8d3 0fcf 	ldaexb	r0, [r3]
10001380:	2101      	movs	r1, #1
10001382:	2800      	cmp	r0, #0
10001384:	d1fa      	bne.n	1000137c <alarm_pool_irq_handler+0x26c>
10001386:	e8c3 1f40 	strexb	r0, r1, [r3]
1000138a:	2800      	cmp	r0, #0
1000138c:	d1f6      	bne.n	1000137c <alarm_pool_irq_handler+0x26c>
1000138e:	f3bf 8f5f 	dmb	sy
10001392:	8873      	ldrh	r3, [r6, #2]
10001394:	6931      	ldr	r1, [r6, #16]
10001396:	f828 3039 	strh.w	r3, [r8, r9, lsl #3]
1000139a:	9b00      	ldr	r3, [sp, #0]
1000139c:	8073      	strh	r3, [r6, #2]
1000139e:	2300      	movs	r3, #0
100013a0:	e8c1 3f8f 	stlb	r3, [r1]
100013a4:	f382 8810 	msr	PRIMASK, r2
100013a8:	e6d4      	b.n	10001154 <alarm_pool_irq_handler+0x44>
100013aa:	bf40      	sev
100013ac:	b005      	add	sp, #20
100013ae:	ecbd 8b02 	vpop	{d8}
100013b2:	e8bd 8ff0 	ldmia.w	sp!, {r4, r5, r6, r7, r8, r9, sl, fp, pc}
100013b6:	4628      	mov	r0, r5
100013b8:	e9cd 2302 	strd	r2, r3, [sp, #8]
100013bc:	f000 faa2 	bl	10001904 <timer_time_us_64>
100013c0:	9a02      	ldr	r2, [sp, #8]
100013c2:	9b03      	ldr	r3, [sp, #12]
100013c4:	eb10 0e02 	adds.w	lr, r0, r2
100013c8:	eb43 0a01 	adc.w	sl, r3, r1
100013cc:	e726      	b.n	1000121c <alarm_pool_irq_handler+0x10c>
100013ce:	4608      	mov	r0, r1
100013d0:	690b      	ldr	r3, [r1, #16]
100013d2:	9102      	str	r1, [sp, #8]
100013d4:	4798      	blx	r3
100013d6:	2800      	cmp	r0, #0
100013d8:	d0c9      	beq.n	1000136e <alarm_pool_irq_handler+0x25e>
100013da:	9902      	ldr	r1, [sp, #8]
100013dc:	e9d1 2300 	ldrd	r2, r3, [r1]
100013e0:	e711      	b.n	10001206 <alarm_pool_irq_handler+0xf6>
100013e2:	bf00      	nop
100013e4:	f3af 8000 	nop.w
100013e8:	ffffffff 	.word	0xffffffff
100013ec:	ffffffff 	.word	0xffffffff
100013f0:	400b8000 	.word	0x400b8000
100013f4:	20001e38 	.word	0x20001e38
100013f8:	400b0000 	.word	0x400b0000
100013fc:	10001111 	.word	0x10001111

10001400 <runtime_init_default_alarm_pool>:
10001400:	e92d 4ff8 	stmdb	sp!, {r3, r4, r5, r6, r7, r8, r9, sl, fp, lr}
10001404:	4c36      	ldr	r4, [pc, #216]	@ (100014e0 <runtime_init_default_alarm_pool+0xe0>)
10001406:	6925      	ldr	r5, [r4, #16]
10001408:	b12d      	cbz	r5, 10001416 <runtime_init_default_alarm_pool+0x16>
1000140a:	e8bd 4ff8 	ldmia.w	sp!, {r3, r4, r5, r6, r7, r8, r9, sl, fp, lr}
1000140e:	210a      	movs	r1, #10
10001410:	4834      	ldr	r0, [pc, #208]	@ (100014e4 <runtime_init_default_alarm_pool+0xe4>)
10001412:	f7ff be0d 	b.w	10001030 <lock_init>
10001416:	f8df 80e4 	ldr.w	r8, [pc, #228]	@ 100014fc <runtime_init_default_alarm_pool+0xfc>
1000141a:	2103      	movs	r1, #3
1000141c:	4640      	mov	r0, r8
1000141e:	f000 fa5f 	bl	100018e0 <timer_hardware_alarm_claim>
10001422:	2603      	movs	r6, #3
10001424:	f8c4 800c 	str.w	r8, [r4, #12]
10001428:	f7ff fae0 	bl	100009ec <next_striped_spin_lock_num>
1000142c:	f04f 4c50 	mov.w	ip, #3489660928	@ 0xd0000000
10001430:	4b2d      	ldr	r3, [pc, #180]	@ (100014e8 <runtime_init_default_alarm_pool+0xe8>)
10001432:	7026      	strb	r6, [r4, #0]
10001434:	4403      	add	r3, r0
10001436:	6123      	str	r3, [r4, #16]
10001438:	f8dc 3000 	ldr.w	r3, [ip]
1000143c:	210f      	movs	r1, #15
1000143e:	7063      	strb	r3, [r4, #1]
10001440:	6963      	ldr	r3, [r4, #20]
10001442:	8061      	strh	r1, [r4, #2]
10001444:	831d      	strh	r5, [r3, #24]
10001446:	f04f 0504 	mov.w	r5, #4
1000144a:	f8a3 5078 	strh.w	r5, [r3, #120]	@ 0x78
1000144e:	f04f 0505 	mov.w	r5, #5
10001452:	f8a3 5090 	strh.w	r5, [r3, #144]	@ 0x90
10001456:	f04f 0506 	mov.w	r5, #6
1000145a:	f8a3 50a8 	strh.w	r5, [r3, #168]	@ 0xa8
1000145e:	f04f 0507 	mov.w	r5, #7
10001462:	210e      	movs	r1, #14
10001464:	f64f 72ff 	movw	r2, #65535	@ 0xffff
10001468:	2708      	movs	r7, #8
1000146a:	f04f 0e0a 	mov.w	lr, #10
1000146e:	f8a3 50c0 	strh.w	r5, [r3, #192]	@ 0xc0
10001472:	f04f 0901 	mov.w	r9, #1
10001476:	f04f 0c0c 	mov.w	ip, #12
1000147a:	f04f 0b02 	mov.w	fp, #2
1000147e:	f04f 0a09 	mov.w	sl, #9
10001482:	200d      	movs	r0, #13
10001484:	f04f 050b 	mov.w	r5, #11
10001488:	f8a3 1168 	strh.w	r1, [r3, #360]	@ 0x168
1000148c:	4917      	ldr	r1, [pc, #92]	@ (100014ec <runtime_init_default_alarm_pool+0xec>)
1000148e:	80a2      	strh	r2, [r4, #4]
10001490:	f8a3 e108 	strh.w	lr, [r3, #264]	@ 0x108
10001494:	60a1      	str	r1, [r4, #8]
10001496:	f8a3 b048 	strh.w	fp, [r3, #72]	@ 0x48
1000149a:	f8a3 a0f0 	strh.w	sl, [r3, #240]	@ 0xf0
1000149e:	f8a3 5120 	strh.w	r5, [r3, #288]	@ 0x120
100014a2:	f8a3 c138 	strh.w	ip, [r3, #312]	@ 0x138
100014a6:	f8a3 0150 	strh.w	r0, [r3, #336]	@ 0x150
100014aa:	f8a3 9030 	strh.w	r9, [r3, #48]	@ 0x30
100014ae:	f8a3 6060 	strh.w	r6, [r3, #96]	@ 0x60
100014b2:	f8a3 70d8 	strh.w	r7, [r3, #216]	@ 0xd8
100014b6:	801a      	strh	r2, [r3, #0]
100014b8:	4b0d      	ldr	r3, [pc, #52]	@ (100014f0 <runtime_init_default_alarm_pool+0xf0>)
100014ba:	4630      	mov	r0, r6
100014bc:	f8c8 7020 	str.w	r7, [r8, #32]
100014c0:	490c      	ldr	r1, [pc, #48]	@ (100014f4 <runtime_init_default_alarm_pool+0xf4>)
100014c2:	60dc      	str	r4, [r3, #12]
100014c4:	f7ff fb24 	bl	10000b10 <irq_set_exclusive_handler>
100014c8:	4649      	mov	r1, r9
100014ca:	4630      	mov	r0, r6
100014cc:	f7ff fade 	bl	10000a8c <irq_set_enabled>
100014d0:	4b09      	ldr	r3, [pc, #36]	@ (100014f8 <runtime_init_default_alarm_pool+0xf8>)
100014d2:	210a      	movs	r1, #10
100014d4:	641f      	str	r7, [r3, #64]	@ 0x40
100014d6:	4803      	ldr	r0, [pc, #12]	@ (100014e4 <runtime_init_default_alarm_pool+0xe4>)
100014d8:	e8bd 4ff8 	ldmia.w	sp!, {r3, r4, r5, r6, r7, r8, r9, sl, fp, lr}
100014dc:	f7ff bda8 	b.w	10001030 <lock_init>
100014e0:	200011d4 	.word	0x200011d4
100014e4:	20001e88 	.word	0x20001e88
100014e8:	20001578 	.word	0x20001578
100014ec:	0010ffff 	.word	0x0010ffff
100014f0:	20001e38 	.word	0x20001e38
100014f4:	10001111 	.word	0x10001111
100014f8:	400b2000 	.word	0x400b2000
100014fc:	400b0000 	.word	0x400b0000

10001500 <alarm_pool_get_default>:
10001500:	4800      	ldr	r0, [pc, #0]	@ (10001504 <alarm_pool_get_default+0x4>)
10001502:	4770      	bx	lr
10001504:	200011d4 	.word	0x200011d4

10001508 <alarm_pool_add_alarm_at>:
10001508:	b5f8      	push	{r3, r4, r5, r6, r7, lr}
1000150a:	f89d 5020 	ldrb.w	r5, [sp, #32]
1000150e:	4604      	mov	r4, r0
10001510:	4617      	mov	r7, r2
10001512:	461e      	mov	r6, r3
10001514:	b935      	cbnz	r5, 10001524 <alarm_pool_add_alarm_at+0x1c>
10001516:	f000 f9fd 	bl	10001914 <time_us_64>
1000151a:	4287      	cmp	r7, r0
1000151c:	eb66 0101 	sbc.w	r1, r6, r1
10001520:	2900      	cmp	r1, #0
10001522:	db5c      	blt.n	100015de <alarm_pool_add_alarm_at+0xd6>
10001524:	6921      	ldr	r1, [r4, #16]
10001526:	f3ef 8310 	mrs	r3, PRIMASK
1000152a:	b672      	cpsid	i
1000152c:	e8d1 0fcf 	ldaexb	r0, [r1]
10001530:	2201      	movs	r2, #1
10001532:	2800      	cmp	r0, #0
10001534:	d1fa      	bne.n	1000152c <alarm_pool_add_alarm_at+0x24>
10001536:	e8c1 2f40 	strexb	r0, r2, [r1]
1000153a:	2800      	cmp	r0, #0
1000153c:	d1f6      	bne.n	1000152c <alarm_pool_add_alarm_at+0x24>
1000153e:	f3bf 8f5f 	dmb	sy
10001542:	f9b4 2002 	ldrsh.w	r2, [r4, #2]
10001546:	6965      	ldr	r5, [r4, #20]
10001548:	eb02 0142 	add.w	r1, r2, r2, lsl #1
1000154c:	2a00      	cmp	r2, #0
1000154e:	ea4f 0cc1 	mov.w	ip, r1, lsl #3
10001552:	6920      	ldr	r0, [r4, #16]
10001554:	eb05 01c1 	add.w	r1, r5, r1, lsl #3
10001558:	db39      	blt.n	100015ce <alarm_pool_add_alarm_at+0xc6>
1000155a:	f835 e00c 	ldrh.w	lr, [r5, ip]
1000155e:	f8a4 e002 	strh.w	lr, [r4, #2]
10001562:	f04f 0e00 	mov.w	lr, #0
10001566:	e8c0 ef8f 	stlb	lr, [r0]
1000156a:	f383 8810 	msr	PRIMASK, r3
1000156e:	8848      	ldrh	r0, [r1, #2]
10001570:	9b06      	ldr	r3, [sp, #24]
10001572:	3001      	adds	r0, #1
10001574:	f3c0 000e 	ubfx	r0, r0, #0, #15
10001578:	2801      	cmp	r0, #1
1000157a:	bf38      	it	cc
1000157c:	2001      	movcc	r0, #1
1000157e:	610b      	str	r3, [r1, #16]
10001580:	9b07      	ldr	r3, [sp, #28]
10001582:	8048      	strh	r0, [r1, #2]
10001584:	614b      	str	r3, [r1, #20]
10001586:	e9c1 7602 	strd	r7, r6, [r1, #8]
1000158a:	ea40 4002 	orr.w	r0, r0, r2, lsl #16
1000158e:	6923      	ldr	r3, [r4, #16]
10001590:	f3ef 8110 	mrs	r1, PRIMASK
10001594:	b672      	cpsid	i
10001596:	e8d3 7fcf 	ldaexb	r7, [r3]
1000159a:	2601      	movs	r6, #1
1000159c:	2f00      	cmp	r7, #0
1000159e:	d1fa      	bne.n	10001596 <alarm_pool_add_alarm_at+0x8e>
100015a0:	e8c3 6f47 	strexb	r7, r6, [r3]
100015a4:	2f00      	cmp	r7, #0
100015a6:	d1f6      	bne.n	10001596 <alarm_pool_add_alarm_at+0x8e>
100015a8:	f3bf 8f5f 	dmb	sy
100015ac:	88a3      	ldrh	r3, [r4, #4]
100015ae:	f825 300c 	strh.w	r3, [r5, ip]
100015b2:	80a2      	strh	r2, [r4, #4]
100015b4:	6923      	ldr	r3, [r4, #16]
100015b6:	e8c3 ef8f 	stlb	lr, [r3]
100015ba:	f381 8810 	msr	PRIMASK, r1
100015be:	2201      	movs	r2, #1
100015c0:	68e3      	ldr	r3, [r4, #12]
100015c2:	7821      	ldrb	r1, [r4, #0]
100015c4:	f503 5301 	add.w	r3, r3, #8256	@ 0x2040
100015c8:	408a      	lsls	r2, r1
100015ca:	605a      	str	r2, [r3, #4]
100015cc:	bdf8      	pop	{r3, r4, r5, r6, r7, pc}
100015ce:	2200      	movs	r2, #0
100015d0:	e8c0 2f8f 	stlb	r2, [r0]
100015d4:	f383 8810 	msr	PRIMASK, r3
100015d8:	f04f 30ff 	mov.w	r0, #4294967295	@ 0xffffffff
100015dc:	bdf8      	pop	{r3, r4, r5, r6, r7, pc}
100015de:	4628      	mov	r0, r5
100015e0:	bdf8      	pop	{r3, r4, r5, r6, r7, pc}
100015e2:	bf00      	nop

100015e4 <alarm_pool_add_alarm_at_force_in_context>:
100015e4:	4601      	mov	r1, r0
100015e6:	b5f0      	push	{r4, r5, r6, r7, lr}
100015e8:	6900      	ldr	r0, [r0, #16]
100015ea:	f3ef 8710 	mrs	r7, PRIMASK
100015ee:	b672      	cpsid	i
100015f0:	e8d0 5fcf 	ldaexb	r5, [r0]
100015f4:	2401      	movs	r4, #1
100015f6:	2d00      	cmp	r5, #0
100015f8:	d1fa      	bne.n	100015f0 <alarm_pool_add_alarm_at_force_in_context+0xc>
100015fa:	e8c0 4f45 	strexb	r5, r4, [r0]
100015fe:	2d00      	cmp	r5, #0
10001600:	d1f6      	bne.n	100015f0 <alarm_pool_add_alarm_at_force_in_context+0xc>
10001602:	f3bf 8f5f 	dmb	sy
10001606:	f9b1 e002 	ldrsh.w	lr, [r1, #2]
1000160a:	694c      	ldr	r4, [r1, #20]
1000160c:	eb0e 0c4e 	add.w	ip, lr, lr, lsl #1
10001610:	f1be 0f00 	cmp.w	lr, #0
10001614:	ea4f 05cc 	mov.w	r5, ip, lsl #3
10001618:	6908      	ldr	r0, [r1, #16]
1000161a:	eb04 0ccc 	add.w	ip, r4, ip, lsl #3
1000161e:	db3c      	blt.n	1000169a <alarm_pool_add_alarm_at_force_in_context+0xb6>
10001620:	5b66      	ldrh	r6, [r4, r5]
10001622:	804e      	strh	r6, [r1, #2]
10001624:	2600      	movs	r6, #0
10001626:	e8c0 6f8f 	stlb	r6, [r0]
1000162a:	f387 8810 	msr	PRIMASK, r7
1000162e:	f8bc 0002 	ldrh.w	r0, [ip, #2]
10001632:	e9cc 2302 	strd	r2, r3, [ip, #8]
10001636:	3001      	adds	r0, #1
10001638:	f3c0 000e 	ubfx	r0, r0, #0, #15
1000163c:	2801      	cmp	r0, #1
1000163e:	bf38      	it	cc
10001640:	2001      	movcc	r0, #1
10001642:	9b05      	ldr	r3, [sp, #20]
10001644:	f8ac 0002 	strh.w	r0, [ip, #2]
10001648:	f8cc 3010 	str.w	r3, [ip, #16]
1000164c:	9b06      	ldr	r3, [sp, #24]
1000164e:	ea40 400e 	orr.w	r0, r0, lr, lsl #16
10001652:	f8cc 3014 	str.w	r3, [ip, #20]
10001656:	690b      	ldr	r3, [r1, #16]
10001658:	f3ef 8210 	mrs	r2, PRIMASK
1000165c:	b672      	cpsid	i
1000165e:	e8d3 cfcf 	ldaexb	ip, [r3]
10001662:	2701      	movs	r7, #1
10001664:	f1bc 0f00 	cmp.w	ip, #0
10001668:	d1f9      	bne.n	1000165e <alarm_pool_add_alarm_at_force_in_context+0x7a>
1000166a:	e8c3 7f4c 	strexb	ip, r7, [r3]
1000166e:	f1bc 0f00 	cmp.w	ip, #0
10001672:	d1f4      	bne.n	1000165e <alarm_pool_add_alarm_at_force_in_context+0x7a>
10001674:	f3bf 8f5f 	dmb	sy
10001678:	888b      	ldrh	r3, [r1, #4]
1000167a:	5363      	strh	r3, [r4, r5]
1000167c:	f8a1 e004 	strh.w	lr, [r1, #4]
10001680:	690b      	ldr	r3, [r1, #16]
10001682:	e8c3 6f8f 	stlb	r6, [r3]
10001686:	f382 8810 	msr	PRIMASK, r2
1000168a:	2201      	movs	r2, #1
1000168c:	68cb      	ldr	r3, [r1, #12]
1000168e:	7809      	ldrb	r1, [r1, #0]
10001690:	f503 5301 	add.w	r3, r3, #8256	@ 0x2040
10001694:	408a      	lsls	r2, r1
10001696:	605a      	str	r2, [r3, #4]
10001698:	bdf0      	pop	{r4, r5, r6, r7, pc}
1000169a:	2300      	movs	r3, #0
1000169c:	e8c0 3f8f 	stlb	r3, [r0]
100016a0:	f387 8810 	msr	PRIMASK, r7
100016a4:	f04f 30ff 	mov.w	r0, #4294967295	@ 0xffffffff
100016a8:	bdf0      	pop	{r4, r5, r6, r7, pc}
100016aa:	bf00      	nop

100016ac <alarm_pool_cancel_alarm>:
100016ac:	4603      	mov	r3, r0
100016ae:	8940      	ldrh	r0, [r0, #10]
100016b0:	ebb0 4f21 	cmp.w	r0, r1, asr #16
100016b4:	dd37      	ble.n	10001726 <alarm_pool_cancel_alarm+0x7a>
100016b6:	6958      	ldr	r0, [r3, #20]
100016b8:	140a      	asrs	r2, r1, #16
100016ba:	eb02 0242 	add.w	r2, r2, r2, lsl #1
100016be:	b510      	push	{r4, lr}
100016c0:	eb00 00c2 	add.w	r0, r0, r2, lsl #3
100016c4:	691c      	ldr	r4, [r3, #16]
100016c6:	f3ef 8c10 	mrs	ip, PRIMASK
100016ca:	b672      	cpsid	i
100016cc:	e8d4 efcf 	ldaexb	lr, [r4]
100016d0:	2201      	movs	r2, #1
100016d2:	f1be 0f00 	cmp.w	lr, #0
100016d6:	d1f9      	bne.n	100016cc <alarm_pool_cancel_alarm+0x20>
100016d8:	e8c4 2f4e 	strexb	lr, r2, [r4]
100016dc:	f1be 0f00 	cmp.w	lr, #0
100016e0:	d1f4      	bne.n	100016cc <alarm_pool_cancel_alarm+0x20>
100016e2:	f3bf 8f5f 	dmb	sy
100016e6:	8842      	ldrh	r2, [r0, #2]
100016e8:	b289      	uxth	r1, r1
100016ea:	b292      	uxth	r2, r2
100016ec:	428a      	cmp	r2, r1
100016ee:	d007      	beq.n	10001700 <alarm_pool_cancel_alarm+0x54>
100016f0:	2200      	movs	r2, #0
100016f2:	691b      	ldr	r3, [r3, #16]
100016f4:	e8c3 2f8f 	stlb	r2, [r3]
100016f8:	f38c 8810 	msr	PRIMASK, ip
100016fc:	2000      	movs	r0, #0
100016fe:	bd10      	pop	{r4, pc}
10001700:	f442 4200 	orr.w	r2, r2, #32768	@ 0x8000
10001704:	8042      	strh	r2, [r0, #2]
10001706:	2101      	movs	r1, #1
10001708:	2200      	movs	r2, #0
1000170a:	6918      	ldr	r0, [r3, #16]
1000170c:	7199      	strb	r1, [r3, #6]
1000170e:	e8c0 2f8f 	stlb	r2, [r0]
10001712:	f38c 8810 	msr	PRIMASK, ip
10001716:	781c      	ldrb	r4, [r3, #0]
10001718:	68da      	ldr	r2, [r3, #12]
1000171a:	4608      	mov	r0, r1
1000171c:	f502 5301 	add.w	r3, r2, #8256	@ 0x2040
10001720:	40a1      	lsls	r1, r4
10001722:	6059      	str	r1, [r3, #4]
10001724:	bd10      	pop	{r4, pc}
10001726:	2000      	movs	r0, #0
10001728:	4770      	bx	lr
1000172a:	bf00      	nop

1000172c <alarm_pool_core_num>:
1000172c:	7840      	ldrb	r0, [r0, #1]
1000172e:	4770      	bx	lr

10001730 <sleep_ms>:
10001730:	e92d 41f0 	stmdb	sp!, {r4, r5, r6, r7, r8, lr}
10001734:	b082      	sub	sp, #8
10001736:	4606      	mov	r6, r0
10001738:	f000 f8ec 	bl	10001914 <time_us_64>
1000173c:	f44f 737a 	mov.w	r3, #1000	@ 0x3e8
10001740:	4604      	mov	r4, r0
10001742:	f04f 30ff 	mov.w	r0, #4294967295	@ 0xffffffff
10001746:	f06f 4200 	mvn.w	r2, #2147483648	@ 0x80000000
1000174a:	fbe6 4103 	umlal	r4, r1, r6, r3
1000174e:	42a0      	cmp	r0, r4
10001750:	eb72 0301 	sbcs.w	r3, r2, r1
10001754:	bf3a      	itte	cc
10001756:	4604      	movcc	r4, r0
10001758:	4615      	movcc	r5, r2
1000175a:	460d      	movcs	r5, r1
1000175c:	1fa6      	subs	r6, r4, #6
1000175e:	f145 37ff 	adc.w	r7, r5, #4294967295	@ 0xffffffff
10001762:	42b4      	cmp	r4, r6
10001764:	eb75 0307 	sbcs.w	r3, r5, r7
10001768:	bf3c      	itt	cc
1000176a:	2600      	movcc	r6, #0
1000176c:	4637      	movcc	r7, r6
1000176e:	f000 f8d1 	bl	10001914 <time_us_64>
10001772:	1a30      	subs	r0, r6, r0
10001774:	eb67 0101 	sbc.w	r1, r7, r1
10001778:	2801      	cmp	r0, #1
1000177a:	f171 0100 	sbcs.w	r1, r1, #0
1000177e:	da06      	bge.n	1000178e <sleep_ms+0x5e>
10001780:	4620      	mov	r0, r4
10001782:	4629      	mov	r1, r5
10001784:	b002      	add	sp, #8
10001786:	e8bd 41f0 	ldmia.w	sp!, {r4, r5, r6, r7, r8, lr}
1000178a:	f000 b8fb 	b.w	10001984 <busy_wait_until>
1000178e:	f000 f8c1 	bl	10001914 <time_us_64>
10001792:	4286      	cmp	r6, r0
10001794:	eb67 0101 	sbc.w	r1, r7, r1
10001798:	2900      	cmp	r1, #0
1000179a:	db0a      	blt.n	100017b2 <sleep_ms+0x82>
1000179c:	2100      	movs	r1, #0
1000179e:	4b17      	ldr	r3, [pc, #92]	@ (100017fc <sleep_ms+0xcc>)
100017a0:	4632      	mov	r2, r6
100017a2:	9300      	str	r3, [sp, #0]
100017a4:	4816      	ldr	r0, [pc, #88]	@ (10001800 <sleep_ms+0xd0>)
100017a6:	463b      	mov	r3, r7
100017a8:	9101      	str	r1, [sp, #4]
100017aa:	f7ff ff1b 	bl	100015e4 <alarm_pool_add_alarm_at_force_in_context>
100017ae:	3001      	adds	r0, #1
100017b0:	d0e6      	beq.n	10001780 <sleep_ms+0x50>
100017b2:	f04f 0c00 	mov.w	ip, #0
100017b6:	4a13      	ldr	r2, [pc, #76]	@ (10001804 <sleep_ms+0xd4>)
100017b8:	4913      	ldr	r1, [pc, #76]	@ (10001808 <sleep_ms+0xd8>)
100017ba:	6a53      	ldr	r3, [r2, #36]	@ 0x24
100017bc:	429f      	cmp	r7, r3
100017be:	d804      	bhi.n	100017ca <sleep_ms+0x9a>
100017c0:	6a90      	ldr	r0, [r2, #40]	@ 0x28
100017c2:	42b0      	cmp	r0, r6
100017c4:	d2dc      	bcs.n	10001780 <sleep_ms+0x50>
100017c6:	429f      	cmp	r7, r3
100017c8:	d1da      	bne.n	10001780 <sleep_ms+0x50>
100017ca:	680b      	ldr	r3, [r1, #0]
100017cc:	f3ef 8010 	mrs	r0, PRIMASK
100017d0:	b672      	cpsid	i
100017d2:	e8d3 8fcf 	ldaexb	r8, [r3]
100017d6:	f05f 0e01 	movs.w	lr, #1
100017da:	f1b8 0f00 	cmp.w	r8, #0
100017de:	d1f8      	bne.n	100017d2 <sleep_ms+0xa2>
100017e0:	e8c3 ef48 	strexb	r8, lr, [r3]
100017e4:	f1b8 0f00 	cmp.w	r8, #0
100017e8:	d1f3      	bne.n	100017d2 <sleep_ms+0xa2>
100017ea:	f3bf 8f5f 	dmb	sy
100017ee:	680b      	ldr	r3, [r1, #0]
100017f0:	e8c3 cf8f 	stlb	ip, [r3]
100017f4:	f380 8810 	msr	PRIMASK, r0
100017f8:	bf20      	wfe
100017fa:	e7de      	b.n	100017ba <sleep_ms+0x8a>
100017fc:	100010d1 	.word	0x100010d1
10001800:	200011d4 	.word	0x200011d4
10001804:	400b0000 	.word	0x400b0000
10001808:	20001e88 	.word	0x20001e88

1000180c <best_effort_wfe_or_timeout>:
1000180c:	e92d 43f0 	stmdb	sp!, {r4, r5, r6, r7, r8, r9, lr}
10001810:	4606      	mov	r6, r0
10001812:	460d      	mov	r5, r1
10001814:	b083      	sub	sp, #12
10001816:	f3ef 8405 	mrs	r4, IPSR
1000181a:	b2e4      	uxtb	r4, r4
1000181c:	b13c      	cbz	r4, 1000182e <best_effort_wfe_or_timeout+0x22>
1000181e:	4b2d      	ldr	r3, [pc, #180]	@ (100018d4 <best_effort_wfe_or_timeout+0xc8>)
10001820:	6a5a      	ldr	r2, [r3, #36]	@ 0x24
10001822:	42aa      	cmp	r2, r5
10001824:	d21c      	bcs.n	10001860 <best_effort_wfe_or_timeout+0x54>
10001826:	2000      	movs	r0, #0
10001828:	b003      	add	sp, #12
1000182a:	e8bd 83f0 	ldmia.w	sp!, {r4, r5, r6, r7, r8, r9, pc}
1000182e:	4f2a      	ldr	r7, [pc, #168]	@ (100018d8 <best_effort_wfe_or_timeout+0xcc>)
10001830:	f8d7 900c 	ldr.w	r9, [r7, #12]
10001834:	f897 8000 	ldrb.w	r8, [r7]
10001838:	4648      	mov	r0, r9
1000183a:	f000 f863 	bl	10001904 <timer_time_us_64>
1000183e:	f108 0804 	add.w	r8, r8, #4
10001842:	f859 3028 	ldr.w	r3, [r9, r8, lsl #2]
10001846:	1a1b      	subs	r3, r3, r0
10001848:	1a30      	subs	r0, r6, r0
1000184a:	eb65 0101 	sbc.w	r1, r5, r1
1000184e:	4298      	cmp	r0, r3
10001850:	f171 0100 	sbcs.w	r1, r1, #0
10001854:	db10      	blt.n	10001878 <best_effort_wfe_or_timeout+0x6c>
10001856:	bf20      	wfe
10001858:	4b1e      	ldr	r3, [pc, #120]	@ (100018d4 <best_effort_wfe_or_timeout+0xc8>)
1000185a:	6a5a      	ldr	r2, [r3, #36]	@ 0x24
1000185c:	42aa      	cmp	r2, r5
1000185e:	d3e2      	bcc.n	10001826 <best_effort_wfe_or_timeout+0x1a>
10001860:	bf14      	ite	ne
10001862:	2401      	movne	r4, #1
10001864:	2400      	moveq	r4, #0
10001866:	6a9b      	ldr	r3, [r3, #40]	@ 0x28
10001868:	42b3      	cmp	r3, r6
1000186a:	bf34      	ite	cc
1000186c:	4620      	movcc	r0, r4
1000186e:	f044 0001 	orrcs.w	r0, r4, #1
10001872:	b003      	add	sp, #12
10001874:	e8bd 83f0 	ldmia.w	sp!, {r4, r5, r6, r7, r8, r9, pc}
10001878:	f000 f84c 	bl	10001914 <time_us_64>
1000187c:	4286      	cmp	r6, r0
1000187e:	eb65 0101 	sbc.w	r1, r5, r1
10001882:	2900      	cmp	r1, #0
10001884:	db14      	blt.n	100018b0 <best_effort_wfe_or_timeout+0xa4>
10001886:	4b15      	ldr	r3, [pc, #84]	@ (100018dc <best_effort_wfe_or_timeout+0xd0>)
10001888:	4638      	mov	r0, r7
1000188a:	e9cd 3400 	strd	r3, r4, [sp]
1000188e:	4632      	mov	r2, r6
10001890:	462b      	mov	r3, r5
10001892:	f7ff fea7 	bl	100015e4 <alarm_pool_add_alarm_at_force_in_context>
10001896:	1e01      	subs	r1, r0, #0
10001898:	dd0a      	ble.n	100018b0 <best_effort_wfe_or_timeout+0xa4>
1000189a:	4b0e      	ldr	r3, [pc, #56]	@ (100018d4 <best_effort_wfe_or_timeout+0xc8>)
1000189c:	6a5a      	ldr	r2, [r3, #36]	@ 0x24
1000189e:	42aa      	cmp	r2, r5
100018a0:	d316      	bcc.n	100018d0 <best_effort_wfe_or_timeout+0xc4>
100018a2:	6a9b      	ldr	r3, [r3, #40]	@ 0x28
100018a4:	42b3      	cmp	r3, r6
100018a6:	d311      	bcc.n	100018cc <best_effort_wfe_or_timeout+0xc0>
100018a8:	480b      	ldr	r0, [pc, #44]	@ (100018d8 <best_effort_wfe_or_timeout+0xcc>)
100018aa:	f7ff feff 	bl	100016ac <alarm_pool_cancel_alarm>
100018ae:	e7b6      	b.n	1000181e <best_effort_wfe_or_timeout+0x12>
100018b0:	4b08      	ldr	r3, [pc, #32]	@ (100018d4 <best_effort_wfe_or_timeout+0xc8>)
100018b2:	6a5c      	ldr	r4, [r3, #36]	@ 0x24
100018b4:	42ac      	cmp	r4, r5
100018b6:	d3b6      	bcc.n	10001826 <best_effort_wfe_or_timeout+0x1a>
100018b8:	1b64      	subs	r4, r4, r5
100018ba:	bf18      	it	ne
100018bc:	2401      	movne	r4, #1
100018be:	6a9b      	ldr	r3, [r3, #40]	@ 0x28
100018c0:	42b3      	cmp	r3, r6
100018c2:	bf34      	ite	cc
100018c4:	4620      	movcc	r0, r4
100018c6:	f044 0001 	orrcs.w	r0, r4, #1
100018ca:	e7ad      	b.n	10001828 <best_effort_wfe_or_timeout+0x1c>
100018cc:	42aa      	cmp	r2, r5
100018ce:	d1eb      	bne.n	100018a8 <best_effort_wfe_or_timeout+0x9c>
100018d0:	bf20      	wfe
100018d2:	e7e9      	b.n	100018a8 <best_effort_wfe_or_timeout+0x9c>
100018d4:	400b0000 	.word	0x400b0000
100018d8:	200011d4 	.word	0x200011d4
100018dc:	100010d1 	.word	0x100010d1

100018e0 <timer_hardware_alarm_claim>:
100018e0:	b410      	push	{r4}
100018e2:	4b05      	ldr	r3, [pc, #20]	@ (100018f8 <timer_hardware_alarm_claim+0x18>)
100018e4:	4c05      	ldr	r4, [pc, #20]	@ (100018fc <timer_hardware_alarm_claim+0x1c>)
100018e6:	4a06      	ldr	r2, [pc, #24]	@ (10001900 <timer_hardware_alarm_claim+0x20>)
100018e8:	42a0      	cmp	r0, r4
100018ea:	bf14      	ite	ne
100018ec:	4618      	movne	r0, r3
100018ee:	1c58      	addeq	r0, r3, #1
100018f0:	f85d 4b04 	ldr.w	r4, [sp], #4
100018f4:	f7ff b80e 	b.w	10000914 <hw_claim_or_assert>
100018f8:	200019a8 	.word	0x200019a8
100018fc:	400b8000 	.word	0x400b8000
10001900:	100069bc 	.word	0x100069bc

10001904 <timer_time_us_64>:
10001904:	4603      	mov	r3, r0
10001906:	6a41      	ldr	r1, [r0, #36]	@ 0x24
10001908:	460a      	mov	r2, r1
1000190a:	6a98      	ldr	r0, [r3, #40]	@ 0x28
1000190c:	6a59      	ldr	r1, [r3, #36]	@ 0x24
1000190e:	428a      	cmp	r2, r1
10001910:	d1fa      	bne.n	10001908 <timer_time_us_64+0x4>
10001912:	4770      	bx	lr

10001914 <time_us_64>:
10001914:	4b03      	ldr	r3, [pc, #12]	@ (10001924 <time_us_64+0x10>)
10001916:	6a59      	ldr	r1, [r3, #36]	@ 0x24
10001918:	460a      	mov	r2, r1
1000191a:	6a98      	ldr	r0, [r3, #40]	@ 0x28
1000191c:	6a59      	ldr	r1, [r3, #36]	@ 0x24
1000191e:	4291      	cmp	r1, r2
10001920:	d1fa      	bne.n	10001918 <time_us_64+0x4>
10001922:	4770      	bx	lr
10001924:	400b0000 	.word	0x400b0000

10001928 <busy_wait_us>:
10001928:	b430      	push	{r4, r5}
1000192a:	4a15      	ldr	r2, [pc, #84]	@ (10001980 <busy_wait_us+0x58>)
1000192c:	6a53      	ldr	r3, [r2, #36]	@ 0x24
1000192e:	469c      	mov	ip, r3
10001930:	6a94      	ldr	r4, [r2, #40]	@ 0x28
10001932:	6a53      	ldr	r3, [r2, #36]	@ 0x24
10001934:	4563      	cmp	r3, ip
10001936:	d1fa      	bne.n	1000192e <busy_wait_us+0x6>
10001938:	1902      	adds	r2, r0, r4
1000193a:	4159      	adcs	r1, r3
1000193c:	f04f 0500 	mov.w	r5, #0
10001940:	bf28      	it	cs
10001942:	2501      	movcs	r5, #1
10001944:	4b0e      	ldr	r3, [pc, #56]	@ (10001980 <busy_wait_us+0x58>)
10001946:	6a5b      	ldr	r3, [r3, #36]	@ 0x24
10001948:	b1b5      	cbz	r5, 10001978 <busy_wait_us+0x50>
1000194a:	1c5a      	adds	r2, r3, #1
1000194c:	bf08      	it	eq
1000194e:	461a      	moveq	r2, r3
10001950:	d008      	beq.n	10001964 <busy_wait_us+0x3c>
10001952:	f04f 31ff 	mov.w	r1, #4294967295	@ 0xffffffff
10001956:	460a      	mov	r2, r1
10001958:	4809      	ldr	r0, [pc, #36]	@ (10001980 <busy_wait_us+0x58>)
1000195a:	6a43      	ldr	r3, [r0, #36]	@ 0x24
1000195c:	428b      	cmp	r3, r1
1000195e:	d3fc      	bcc.n	1000195a <busy_wait_us+0x32>
10001960:	428b      	cmp	r3, r1
10001962:	d107      	bne.n	10001974 <busy_wait_us+0x4c>
10001964:	4906      	ldr	r1, [pc, #24]	@ (10001980 <busy_wait_us+0x58>)
10001966:	e002      	b.n	1000196e <busy_wait_us+0x46>
10001968:	6a48      	ldr	r0, [r1, #36]	@ 0x24
1000196a:	4298      	cmp	r0, r3
1000196c:	d102      	bne.n	10001974 <busy_wait_us+0x4c>
1000196e:	6a88      	ldr	r0, [r1, #40]	@ 0x28
10001970:	4290      	cmp	r0, r2
10001972:	d3f9      	bcc.n	10001968 <busy_wait_us+0x40>
10001974:	bc30      	pop	{r4, r5}
10001976:	4770      	bx	lr
10001978:	4299      	cmp	r1, r3
1000197a:	d8ed      	bhi.n	10001958 <busy_wait_us+0x30>
1000197c:	e7f0      	b.n	10001960 <busy_wait_us+0x38>
1000197e:	bf00      	nop
10001980:	400b0000 	.word	0x400b0000

10001984 <busy_wait_until>:
10001984:	4a07      	ldr	r2, [pc, #28]	@ (100019a4 <busy_wait_until+0x20>)
10001986:	6a53      	ldr	r3, [r2, #36]	@ 0x24
10001988:	4299      	cmp	r1, r3
1000198a:	d8fc      	bhi.n	10001986 <busy_wait_until+0x2>
1000198c:	4299      	cmp	r1, r3
1000198e:	d107      	bne.n	100019a0 <busy_wait_until+0x1c>
10001990:	4b04      	ldr	r3, [pc, #16]	@ (100019a4 <busy_wait_until+0x20>)
10001992:	e002      	b.n	1000199a <busy_wait_until+0x16>
10001994:	6a5a      	ldr	r2, [r3, #36]	@ 0x24
10001996:	4291      	cmp	r1, r2
10001998:	d102      	bne.n	100019a0 <busy_wait_until+0x1c>
1000199a:	6a9a      	ldr	r2, [r3, #40]	@ 0x28
1000199c:	4290      	cmp	r0, r2
1000199e:	d8f9      	bhi.n	10001994 <busy_wait_until+0x10>
100019a0:	4770      	bx	lr
100019a2:	bf00      	nop
100019a4:	400b0000 	.word	0x400b0000

100019a8 <uart_init>:
100019a8:	b5f8      	push	{r3, r4, r5, r6, r7, lr}
100019aa:	4605      	mov	r5, r0
100019ac:	2006      	movs	r0, #6
100019ae:	460e      	mov	r6, r1
100019b0:	f000 f8e4 	bl	10001b7c <clock_get_hz>
100019b4:	2800      	cmp	r0, #0
100019b6:	d042      	beq.n	10001a3e <uart_init+0x96>
100019b8:	4a35      	ldr	r2, [pc, #212]	@ (10001a90 <uart_init+0xe8>)
100019ba:	4836      	ldr	r0, [pc, #216]	@ (10001a94 <uart_init+0xec>)
100019bc:	4295      	cmp	r5, r2
100019be:	bf14      	ite	ne
100019c0:	f04f 6280 	movne.w	r2, #67108864	@ 0x4000000
100019c4:	f04f 6200 	moveq.w	r2, #134217728	@ 0x8000000
100019c8:	4b33      	ldr	r3, [pc, #204]	@ (10001a98 <uart_init+0xf0>)
100019ca:	4934      	ldr	r1, [pc, #208]	@ (10001a9c <uart_init+0xf4>)
100019cc:	6002      	str	r2, [r0, #0]
100019ce:	601a      	str	r2, [r3, #0]
100019d0:	688c      	ldr	r4, [r1, #8]
100019d2:	ea32 0404 	bics.w	r4, r2, r4
100019d6:	d1fb      	bne.n	100019d0 <uart_init+0x28>
100019d8:	4b2d      	ldr	r3, [pc, #180]	@ (10001a90 <uart_init+0xe8>)
100019da:	f44f 7180 	mov.w	r1, #256	@ 0x100
100019de:	1aeb      	subs	r3, r5, r3
100019e0:	fab3 f383 	clz	r3, r3
100019e4:	4a2e      	ldr	r2, [pc, #184]	@ (10001aa0 <uart_init+0xf8>)
100019e6:	095b      	lsrs	r3, r3, #5
100019e8:	2006      	movs	r0, #6
100019ea:	f822 1013 	strh.w	r1, [r2, r3, lsl #1]
100019ee:	f000 f8c5 	bl	10001b7c <clock_get_hz>
100019f2:	00c3      	lsls	r3, r0, #3
100019f4:	fbb3 f3f6 	udiv	r3, r3, r6
100019f8:	3301      	adds	r3, #1
100019fa:	09da      	lsrs	r2, r3, #7
100019fc:	d120      	bne.n	10001a40 <uart_init+0x98>
100019fe:	2640      	movs	r6, #64	@ 0x40
10001a00:	2101      	movs	r1, #1
10001a02:	6269      	str	r1, [r5, #36]	@ 0x24
10001a04:	62aa      	str	r2, [r5, #40]	@ 0x28
10001a06:	6b2f      	ldr	r7, [r5, #48]	@ 0x30
10001a08:	07fb      	lsls	r3, r7, #31
10001a0a:	d422      	bmi.n	10001a52 <uart_init+0xaa>
10001a0c:	462b      	mov	r3, r5
10001a0e:	2200      	movs	r2, #0
10001a10:	f853 1f2c 	ldr.w	r1, [r3, #44]!
10001a14:	2006      	movs	r0, #6
10001a16:	f503 5480 	add.w	r4, r3, #4096	@ 0x1000
10001a1a:	6022      	str	r2, [r4, #0]
10001a1c:	632f      	str	r7, [r5, #48]	@ 0x30
10001a1e:	f000 f8ad 	bl	10001b7c <clock_get_hz>
10001a22:	f240 3101 	movw	r1, #769	@ 0x301
10001a26:	2203      	movs	r2, #3
10001a28:	0080      	lsls	r0, r0, #2
10001a2a:	fbb0 f0f6 	udiv	r0, r0, r6
10001a2e:	6aeb      	ldr	r3, [r5, #44]	@ 0x2c
10001a30:	f083 0370 	eor.w	r3, r3, #112	@ 0x70
10001a34:	f003 037e 	and.w	r3, r3, #126	@ 0x7e
10001a38:	6023      	str	r3, [r4, #0]
10001a3a:	6329      	str	r1, [r5, #48]	@ 0x30
10001a3c:	64aa      	str	r2, [r5, #72]	@ 0x48
10001a3e:	bdf8      	pop	{r3, r4, r5, r6, r7, pc}
10001a40:	f64f 71fe 	movw	r1, #65534	@ 0xfffe
10001a44:	428a      	cmp	r2, r1
10001a46:	d91b      	bls.n	10001a80 <uart_init+0xd8>
10001a48:	4622      	mov	r2, r4
10001a4a:	f64f 71ff 	movw	r1, #65535	@ 0xffff
10001a4e:	4e15      	ldr	r6, [pc, #84]	@ (10001aa4 <uart_init+0xfc>)
10001a50:	e7d7      	b.n	10001a02 <uart_init+0x5a>
10001a52:	f240 3201 	movw	r2, #769	@ 0x301
10001a56:	f505 5340 	add.w	r3, r5, #12288	@ 0x3000
10001a5a:	631a      	str	r2, [r3, #48]	@ 0x30
10001a5c:	6a6b      	ldr	r3, [r5, #36]	@ 0x24
10001a5e:	6aac      	ldr	r4, [r5, #40]	@ 0x28
10001a60:	2006      	movs	r0, #6
10001a62:	eb04 1483 	add.w	r4, r4, r3, lsl #6
10001a66:	f000 f889 	bl	10001b7c <clock_get_hz>
10001a6a:	4b0f      	ldr	r3, [pc, #60]	@ (10001aa8 <uart_init+0x100>)
10001a6c:	02a4      	lsls	r4, r4, #10
10001a6e:	fba3 2300 	umull	r2, r3, r3, r0
10001a72:	0adb      	lsrs	r3, r3, #11
10001a74:	2100      	movs	r1, #0
10001a76:	fbb4 f0f3 	udiv	r0, r4, r3
10001a7a:	f7ff ff55 	bl	10001928 <busy_wait_us>
10001a7e:	e7c5      	b.n	10001a0c <uart_init+0x64>
10001a80:	f3c3 0345 	ubfx	r3, r3, #1, #6
10001a84:	4611      	mov	r1, r2
10001a86:	eb03 1682 	add.w	r6, r3, r2, lsl #6
10001a8a:	461a      	mov	r2, r3
10001a8c:	e7b9      	b.n	10001a02 <uart_init+0x5a>
10001a8e:	bf00      	nop
10001a90:	40078000 	.word	0x40078000
10001a94:	40022000 	.word	0x40022000
10001a98:	40023000 	.word	0x40023000
10001a9c:	40020000 	.word	0x40020000
10001aa0:	20001e94 	.word	0x20001e94
10001aa4:	003fffc0 	.word	0x003fffc0
10001aa8:	8f2b7b75 	.word	0x8f2b7b75

10001aac <clock_configure_undivided>:
10001aac:	eb00 0c40 	add.w	ip, r0, r0, lsl #1
10001ab0:	ea4f 0c8c 	mov.w	ip, ip, lsl #2
10001ab4:	f10c 4c80 	add.w	ip, ip, #1073741824	@ 0x40000000
10001ab8:	f50c 3c80 	add.w	ip, ip, #65536	@ 0x10000
10001abc:	b5f0      	push	{r4, r5, r6, r7, lr}
10001abe:	4616      	mov	r6, r2
10001ac0:	f8dc 2004 	ldr.w	r2, [ip, #4]
10001ac4:	1f05      	subs	r5, r0, #4
10001ac6:	f5b2 3f80 	cmp.w	r2, #65536	@ 0x10000
10001aca:	bf38      	it	cc
10001acc:	f44f 3280 	movcc.w	r2, #65536	@ 0x10000
10001ad0:	b2ed      	uxtb	r5, r5
10001ad2:	bf38      	it	cc
10001ad4:	f8cc 2004 	strcc.w	r2, [ip, #4]
10001ad8:	2d01      	cmp	r5, #1
10001ada:	d92a      	bls.n	10001b32 <clock_configure_undivided+0x86>
10001adc:	f44f 6700 	mov.w	r7, #2048	@ 0x800
10001ae0:	4c25      	ldr	r4, [pc, #148]	@ (10001b78 <clock_configure_undivided+0xcc>)
10001ae2:	f50c 5240 	add.w	r2, ip, #12288	@ 0x3000
10001ae6:	6017      	str	r7, [r2, #0]
10001ae8:	f854 2020 	ldr.w	r2, [r4, r0, lsl #2]
10001aec:	b9b2      	cbnz	r2, 10001b1c <clock_configure_undivided+0x70>
10001aee:	f8dc 2000 	ldr.w	r2, [ip]
10001af2:	2d01      	cmp	r5, #1
10001af4:	ea82 1246 	eor.w	r2, r2, r6, lsl #5
10001af8:	f002 02e0 	and.w	r2, r2, #224	@ 0xe0
10001afc:	f50c 5680 	add.w	r6, ip, #4096	@ 0x1000
10001b00:	6032      	str	r2, [r6, #0]
10001b02:	d92a      	bls.n	10001b5a <clock_configure_undivided+0xae>
10001b04:	f44f 6100 	mov.w	r1, #2048	@ 0x800
10001b08:	f844 3020 	str.w	r3, [r4, r0, lsl #2]
10001b0c:	f44f 3380 	mov.w	r3, #65536	@ 0x10000
10001b10:	f50c 5200 	add.w	r2, ip, #8192	@ 0x2000
10001b14:	6011      	str	r1, [r2, #0]
10001b16:	f8cc 3004 	str.w	r3, [ip, #4]
10001b1a:	bdf0      	pop	{r4, r5, r6, r7, pc}
10001b1c:	6967      	ldr	r7, [r4, #20]
10001b1e:	fbb7 fef2 	udiv	lr, r7, r2
10001b22:	f10e 0e01 	add.w	lr, lr, #1
10001b26:	eb0e 0e4e 	add.w	lr, lr, lr, lsl #1
10001b2a:	f1be 0e03 	subs.w	lr, lr, #3
10001b2e:	d2fc      	bcs.n	10001b2a <clock_configure_undivided+0x7e>
10001b30:	e7dd      	b.n	10001aee <clock_configure_undivided+0x42>
10001b32:	2901      	cmp	r1, #1
10001b34:	d1d2      	bne.n	10001adc <clock_configure_undivided+0x30>
10001b36:	2403      	movs	r4, #3
10001b38:	f50c 5240 	add.w	r2, ip, #12288	@ 0x3000
10001b3c:	6014      	str	r4, [r2, #0]
10001b3e:	f8dc 2008 	ldr.w	r2, [ip, #8]
10001b42:	07d2      	lsls	r2, r2, #31
10001b44:	d5fb      	bpl.n	10001b3e <clock_configure_undivided+0x92>
10001b46:	f8dc 2000 	ldr.w	r2, [ip]
10001b4a:	4c0b      	ldr	r4, [pc, #44]	@ (10001b78 <clock_configure_undivided+0xcc>)
10001b4c:	ea82 1246 	eor.w	r2, r2, r6, lsl #5
10001b50:	f002 02e0 	and.w	r2, r2, #224	@ 0xe0
10001b54:	f50c 5680 	add.w	r6, ip, #4096	@ 0x1000
10001b58:	6032      	str	r2, [r6, #0]
10001b5a:	2201      	movs	r2, #1
10001b5c:	f8dc 5000 	ldr.w	r5, [ip]
10001b60:	404d      	eors	r5, r1
10001b62:	f005 0503 	and.w	r5, r5, #3
10001b66:	6035      	str	r5, [r6, #0]
10001b68:	fa02 f101 	lsl.w	r1, r2, r1
10001b6c:	f8dc 2008 	ldr.w	r2, [ip, #8]
10001b70:	420a      	tst	r2, r1
10001b72:	d0fb      	beq.n	10001b6c <clock_configure_undivided+0xc0>
10001b74:	e7c6      	b.n	10001b04 <clock_configure_undivided+0x58>
10001b76:	bf00      	nop
10001b78:	200019ac 	.word	0x200019ac

10001b7c <clock_get_hz>:
10001b7c:	4b01      	ldr	r3, [pc, #4]	@ (10001b84 <clock_get_hz+0x8>)
10001b7e:	f853 0020 	ldr.w	r0, [r3, r0, lsl #2]
10001b82:	4770      	bx	lr
10001b84:	200019ac 	.word	0x200019ac

10001b88 <pll_init>:
10001b88:	b470      	push	{r4, r5, r6}
10001b8a:	9d03      	ldr	r5, [sp, #12]
10001b8c:	6804      	ldr	r4, [r0, #0]
10001b8e:	032d      	lsls	r5, r5, #12
10001b90:	ea45 4503 	orr.w	r5, r5, r3, lsl #16
10001b94:	4b1b      	ldr	r3, [pc, #108]	@ (10001c04 <pll_init+0x7c>)
10001b96:	2c00      	cmp	r4, #0
10001b98:	fbb3 f3f1 	udiv	r3, r3, r1
10001b9c:	fbb2 f6f3 	udiv	r6, r2, r3
10001ba0:	db1f      	blt.n	10001be2 <pll_init+0x5a>
10001ba2:	4a19      	ldr	r2, [pc, #100]	@ (10001c08 <pll_init+0x80>)
10001ba4:	4b19      	ldr	r3, [pc, #100]	@ (10001c0c <pll_init+0x84>)
10001ba6:	4290      	cmp	r0, r2
10001ba8:	bf14      	ite	ne
10001baa:	f44f 4280 	movne.w	r2, #16384	@ 0x4000
10001bae:	f44f 4200 	moveq.w	r2, #32768	@ 0x8000
10001bb2:	4c17      	ldr	r4, [pc, #92]	@ (10001c10 <pll_init+0x88>)
10001bb4:	601a      	str	r2, [r3, #0]
10001bb6:	f503 5380 	add.w	r3, r3, #4096	@ 0x1000
10001bba:	601a      	str	r2, [r3, #0]
10001bbc:	68a3      	ldr	r3, [r4, #8]
10001bbe:	ea32 0303 	bics.w	r3, r2, r3
10001bc2:	d1fb      	bne.n	10001bbc <pll_init+0x34>
10001bc4:	2221      	movs	r2, #33	@ 0x21
10001bc6:	f500 5340 	add.w	r3, r0, #12288	@ 0x3000
10001bca:	3304      	adds	r3, #4
10001bcc:	6001      	str	r1, [r0, #0]
10001bce:	6086      	str	r6, [r0, #8]
10001bd0:	601a      	str	r2, [r3, #0]
10001bd2:	6802      	ldr	r2, [r0, #0]
10001bd4:	2a00      	cmp	r2, #0
10001bd6:	dafc      	bge.n	10001bd2 <pll_init+0x4a>
10001bd8:	2208      	movs	r2, #8
10001bda:	60c5      	str	r5, [r0, #12]
10001bdc:	601a      	str	r2, [r3, #0]
10001bde:	bc70      	pop	{r4, r5, r6}
10001be0:	4770      	bx	lr
10001be2:	6803      	ldr	r3, [r0, #0]
10001be4:	f003 033f 	and.w	r3, r3, #63	@ 0x3f
10001be8:	428b      	cmp	r3, r1
10001bea:	d1da      	bne.n	10001ba2 <pll_init+0x1a>
10001bec:	6883      	ldr	r3, [r0, #8]
10001bee:	f3c3 030b 	ubfx	r3, r3, #0, #12
10001bf2:	42b3      	cmp	r3, r6
10001bf4:	d1d5      	bne.n	10001ba2 <pll_init+0x1a>
10001bf6:	68c3      	ldr	r3, [r0, #12]
10001bf8:	f403 23ee 	and.w	r3, r3, #487424	@ 0x77000
10001bfc:	42ab      	cmp	r3, r5
10001bfe:	d1d0      	bne.n	10001ba2 <pll_init+0x1a>
10001c00:	e7ed      	b.n	10001bde <pll_init+0x56>
10001c02:	bf00      	nop
10001c04:	00b71b00 	.word	0x00b71b00
10001c08:	40058000 	.word	0x40058000
10001c0c:	40022000 	.word	0x40022000
10001c10:	40020000 	.word	0x40020000

10001c14 <watchdog_reboot>:
10001c14:	b430      	push	{r4, r5}
10001c16:	f04f 4480 	mov.w	r4, #1073741824	@ 0x40000000
10001c1a:	4b1c      	ldr	r3, [pc, #112]	@ (10001c8c <watchdog_reboot+0x78>)
10001c1c:	601c      	str	r4, [r3, #0]
10001c1e:	b1e0      	cbz	r0, 10001c5a <watchdog_reboot+0x46>
10001c20:	4c1b      	ldr	r4, [pc, #108]	@ (10001c90 <watchdog_reboot+0x7c>)
10001c22:	f5a3 5340 	sub.w	r3, r3, #12288	@ 0x3000
10001c26:	61dc      	str	r4, [r3, #28]
10001c28:	4c1a      	ldr	r4, [pc, #104]	@ (10001c94 <watchdog_reboot+0x80>)
10001c2a:	f040 0001 	orr.w	r0, r0, #1
10001c2e:	4044      	eors	r4, r0
10001c30:	621c      	str	r4, [r3, #32]
10001c32:	6259      	str	r1, [r3, #36]	@ 0x24
10001c34:	6298      	str	r0, [r3, #40]	@ 0x28
10001c36:	f04f 4580 	mov.w	r5, #1073741824	@ 0x40000000
10001c3a:	f04f 61e0 	mov.w	r1, #117440512	@ 0x7000000
10001c3e:	4b13      	ldr	r3, [pc, #76]	@ (10001c8c <watchdog_reboot+0x78>)
10001c40:	4815      	ldr	r0, [pc, #84]	@ (10001c98 <watchdog_reboot+0x84>)
10001c42:	4c16      	ldr	r4, [pc, #88]	@ (10001c9c <watchdog_reboot+0x88>)
10001c44:	601d      	str	r5, [r3, #0]
10001c46:	6084      	str	r4, [r0, #8]
10001c48:	6019      	str	r1, [r3, #0]
10001c4a:	b94a      	cbnz	r2, 10001c60 <watchdog_reboot+0x4c>
10001c4c:	bc30      	pop	{r4, r5}
10001c4e:	f04f 4200 	mov.w	r2, #2147483648	@ 0x80000000
10001c52:	f5a3 5380 	sub.w	r3, r3, #4096	@ 0x1000
10001c56:	601a      	str	r2, [r3, #0]
10001c58:	4770      	bx	lr
10001c5a:	4b11      	ldr	r3, [pc, #68]	@ (10001ca0 <watchdog_reboot+0x8c>)
10001c5c:	61d8      	str	r0, [r3, #28]
10001c5e:	e7ea      	b.n	10001c36 <watchdog_reboot+0x22>
10001c60:	f44f 737a 	mov.w	r3, #1000	@ 0x3e8
10001c64:	fb03 f202 	mul.w	r2, r3, r2
10001c68:	f1b2 7f80 	cmp.w	r2, #16777216	@ 0x1000000
10001c6c:	bf2a      	itet	cs
10001c6e:	f06f 437f 	mvncs.w	r3, #4278190080	@ 0xff000000
10001c72:	4613      	movcc	r3, r2
10001c74:	461a      	movcs	r2, r3
10001c76:	f04f 4180 	mov.w	r1, #1073741824	@ 0x40000000
10001c7a:	4c0a      	ldr	r4, [pc, #40]	@ (10001ca4 <watchdog_reboot+0x90>)
10001c7c:	4808      	ldr	r0, [pc, #32]	@ (10001ca0 <watchdog_reboot+0x8c>)
10001c7e:	6023      	str	r3, [r4, #0]
10001c80:	4b09      	ldr	r3, [pc, #36]	@ (10001ca8 <watchdog_reboot+0x94>)
10001c82:	6042      	str	r2, [r0, #4]
10001c84:	bc30      	pop	{r4, r5}
10001c86:	6019      	str	r1, [r3, #0]
10001c88:	4770      	bx	lr
10001c8a:	bf00      	nop
10001c8c:	400db000 	.word	0x400db000
10001c90:	b007c0d3 	.word	0xb007c0d3
10001c94:	4ff83f2d 	.word	0x4ff83f2d
10001c98:	4001a000 	.word	0x4001a000
10001c9c:	01fffff3 	.word	0x01fffff3
10001ca0:	400d8000 	.word	0x400d8000
10001ca4:	20001e10 	.word	0x20001e10
10001ca8:	400da000 	.word	0x400da000

10001cac <tick_start>:
10001cac:	2301      	movs	r3, #1
10001cae:	eb00 0040 	add.w	r0, r0, r0, lsl #1
10001cb2:	0080      	lsls	r0, r0, #2
10001cb4:	f100 4080 	add.w	r0, r0, #1073741824	@ 0x40000000
10001cb8:	f500 1084 	add.w	r0, r0, #1081344	@ 0x108000
10001cbc:	6041      	str	r1, [r0, #4]
10001cbe:	6003      	str	r3, [r0, #0]
10001cc0:	4770      	bx	lr
10001cc2:	bf00      	nop

10001cc4 <rom_reboot.constprop.0.isra.0>:
10001cc4:	2300      	movs	r3, #0
10001cc6:	b570      	push	{r4, r5, r6, lr}
10001cc8:	8adb      	ldrh	r3, [r3, #22]
10001cca:	4604      	mov	r4, r0
10001ccc:	460d      	mov	r5, r1
10001cce:	2200      	movs	r2, #0
10001cd0:	e842 f200 	tt	r2, r2
10001cd4:	0252      	lsls	r2, r2, #9
10001cd6:	bf54      	ite	pl
10001cd8:	2110      	movpl	r1, #16
10001cda:	2104      	movmi	r1, #4
10001cdc:	f244 2052 	movw	r0, #16978	@ 0x4252
10001ce0:	4798      	blx	r3
10001ce2:	4686      	mov	lr, r0
10001ce4:	462b      	mov	r3, r5
10001ce6:	4622      	mov	r2, r4
10001ce8:	46f4      	mov	ip, lr
10001cea:	e8bd 4070 	ldmia.w	sp!, {r4, r5, r6, lr}
10001cee:	210a      	movs	r1, #10
10001cf0:	f44f 7081 	mov.w	r0, #258	@ 0x102
10001cf4:	4760      	bx	ip
10001cf6:	bf00      	nop

10001cf8 <rom_func_lookup>:
10001cf8:	2300      	movs	r3, #0
10001cfa:	8adb      	ldrh	r3, [r3, #22]
10001cfc:	2200      	movs	r2, #0
10001cfe:	e842 f200 	tt	r2, r2
10001d02:	0252      	lsls	r2, r2, #9
10001d04:	d401      	bmi.n	10001d0a <rom_func_lookup+0x12>
10001d06:	2110      	movs	r1, #16
10001d08:	4718      	bx	r3
10001d0a:	2104      	movs	r1, #4
10001d0c:	4718      	bx	r3
10001d0e:	bf00      	nop

10001d10 <rom_reset_usb_boot_extra>:
10001d10:	b508      	push	{r3, lr}
10001d12:	4603      	mov	r3, r0
10001d14:	4608      	mov	r0, r1
10001d16:	1e19      	subs	r1, r3, #0
10001d18:	db02      	blt.n	10001d20 <rom_reset_usb_boot_extra+0x10>
10001d1a:	b11a      	cbz	r2, 10001d24 <rom_reset_usb_boot_extra+0x14>
10001d1c:	f040 0030 	orr.w	r0, r0, #48	@ 0x30
10001d20:	f7ff ffd0 	bl	10001cc4 <rom_reboot.constprop.0.isra.0>
10001d24:	f040 0020 	orr.w	r0, r0, #32
10001d28:	e7fa      	b.n	10001d20 <rom_reset_usb_boot_extra+0x10>
10001d2a:	bf00      	nop

10001d2c <runtime_init_bootrom_locking_enable>:
10001d2c:	4a03      	ldr	r2, [pc, #12]	@ (10001d3c <runtime_init_bootrom_locking_enable+0x10>)
10001d2e:	f8d2 3828 	ldr.w	r3, [r2, #2088]	@ 0x828
10001d32:	2b00      	cmp	r3, #0
10001d34:	d0fb      	beq.n	10001d2e <runtime_init_bootrom_locking_enable+0x2>
10001d36:	f3bf 8f5f 	dmb	sy
10001d3a:	4770      	bx	lr
10001d3c:	400e0000 	.word	0x400e0000

10001d40 <runtime_init_boot_locks_reset>:
10001d40:	2100      	movs	r1, #0
10001d42:	4b04      	ldr	r3, [pc, #16]	@ (10001d54 <runtime_init_boot_locks_reset+0x14>)
10001d44:	4a04      	ldr	r2, [pc, #16]	@ (10001d58 <runtime_init_boot_locks_reset+0x18>)
10001d46:	f3bf 8f5f 	dmb	sy
10001d4a:	f843 1b04 	str.w	r1, [r3], #4
10001d4e:	4293      	cmp	r3, r2
10001d50:	d1f9      	bne.n	10001d46 <runtime_init_boot_locks_reset+0x6>
10001d52:	4770      	bx	lr
10001d54:	400e080c 	.word	0x400e080c
10001d58:	400e082c 	.word	0x400e082c

10001d5c <xosc_init>:
10001d5c:	b410      	push	{r4}
10001d5e:	f44f 708d 	mov.w	r0, #282	@ 0x11a
10001d62:	f44f 642a 	mov.w	r4, #2720	@ 0xaa0
10001d66:	4a06      	ldr	r2, [pc, #24]	@ (10001d80 <xosc_init+0x24>)
10001d68:	4b06      	ldr	r3, [pc, #24]	@ (10001d84 <xosc_init+0x28>)
10001d6a:	4907      	ldr	r1, [pc, #28]	@ (10001d88 <xosc_init+0x2c>)
10001d6c:	6014      	str	r4, [r2, #0]
10001d6e:	60d0      	str	r0, [r2, #12]
10001d70:	6019      	str	r1, [r3, #0]
10001d72:	6853      	ldr	r3, [r2, #4]
10001d74:	2b00      	cmp	r3, #0
10001d76:	dafc      	bge.n	10001d72 <xosc_init+0x16>
10001d78:	f85d 4b04 	ldr.w	r4, [sp], #4
10001d7c:	4770      	bx	lr
10001d7e:	bf00      	nop
10001d80:	40048000 	.word	0x40048000
10001d84:	4004a000 	.word	0x4004a000
10001d88:	00fab000 	.word	0x00fab000

10001d8c <first_per_core_initializer>:
10001d8c:	4770      	bx	lr
10001d8e:	bf00      	nop

10001d90 <hard_assertion_failure>:
10001d90:	b508      	push	{r3, lr}
10001d92:	4801      	ldr	r0, [pc, #4]	@ (10001d98 <hard_assertion_failure+0x8>)
10001d94:	f7fe fda6 	bl	100008e4 <panic>
10001d98:	100069e0 	.word	0x100069e0

10001d9c <runtime_run_initializers>:
10001d9c:	b538      	push	{r3, r4, r5, lr}
10001d9e:	4c05      	ldr	r4, [pc, #20]	@ (10001db4 <runtime_run_initializers+0x18>)
10001da0:	4d05      	ldr	r5, [pc, #20]	@ (10001db8 <runtime_run_initializers+0x1c>)
10001da2:	42ac      	cmp	r4, r5
10001da4:	d204      	bcs.n	10001db0 <runtime_run_initializers+0x14>
10001da6:	f854 3b04 	ldr.w	r3, [r4], #4
10001daa:	4798      	blx	r3
10001dac:	42ac      	cmp	r4, r5
10001dae:	d3fa      	bcc.n	10001da6 <runtime_run_initializers+0xa>
10001db0:	bd38      	pop	{r3, r4, r5, pc}
10001db2:	bf00      	nop
10001db4:	100068a0 	.word	0x100068a0
10001db8:	100068e0 	.word	0x100068e0

10001dbc <runtime_init_early_resets>:
10001dbc:	b410      	push	{r4}
10001dbe:	4807      	ldr	r0, [pc, #28]	@ (10001ddc <runtime_init_early_resets+0x20>)
10001dc0:	4c07      	ldr	r4, [pc, #28]	@ (10001de0 <runtime_init_early_resets+0x24>)
10001dc2:	4b08      	ldr	r3, [pc, #32]	@ (10001de4 <runtime_init_early_resets+0x28>)
10001dc4:	4a08      	ldr	r2, [pc, #32]	@ (10001de8 <runtime_init_early_resets+0x2c>)
10001dc6:	4909      	ldr	r1, [pc, #36]	@ (10001dec <runtime_init_early_resets+0x30>)
10001dc8:	6004      	str	r4, [r0, #0]
10001dca:	601a      	str	r2, [r3, #0]
10001dcc:	688b      	ldr	r3, [r1, #8]
10001dce:	ea32 0303 	bics.w	r3, r2, r3
10001dd2:	d1fb      	bne.n	10001dcc <runtime_init_early_resets+0x10>
10001dd4:	f85d 4b04 	ldr.w	r4, [sp], #4
10001dd8:	4770      	bx	lr
10001dda:	bf00      	nop
10001ddc:	40022000 	.word	0x40022000
10001de0:	efef3b7f 	.word	0xefef3b7f
10001de4:	40023000 	.word	0x40023000
10001de8:	03f3fff6 	.word	0x03f3fff6
10001dec:	40020000 	.word	0x40020000

10001df0 <runtime_init_usb_power_down>:
10001df0:	4b04      	ldr	r3, [pc, #16]	@ (10001e04 <runtime_init_usb_power_down+0x14>)
10001df2:	6cdb      	ldr	r3, [r3, #76]	@ 0x4c
10001df4:	f5b3 4f00 	cmp.w	r3, #32768	@ 0x8000
10001df8:	d103      	bne.n	10001e02 <runtime_init_usb_power_down+0x12>
10001dfa:	f44f 2280 	mov.w	r2, #262144	@ 0x40000
10001dfe:	4b02      	ldr	r3, [pc, #8]	@ (10001e08 <runtime_init_usb_power_down+0x18>)
10001e00:	64da      	str	r2, [r3, #76]	@ 0x4c
10001e02:	4770      	bx	lr
10001e04:	50110000 	.word	0x50110000
10001e08:	50112000 	.word	0x50112000

10001e0c <runtime_init_per_core_enable_coprocessors>:
10001e0c:	f04f 22e0 	mov.w	r2, #3758153728	@ 0xe000e000
10001e10:	4b04      	ldr	r3, [pc, #16]	@ (10001e24 <runtime_init_per_core_enable_coprocessors+0x18>)
10001e12:	f8d2 1d88 	ldr.w	r1, [r2, #3464]	@ 0xd88
10001e16:	430b      	orrs	r3, r1
10001e18:	f8c2 3d88 	str.w	r3, [r2, #3464]	@ 0xd88
10001e1c:	ee10 0430 			dcp_rcmp r0
10001e20:	4770      	bx	lr
10001e22:	bf00      	nop
10001e24:	00300303 	.word	0x00300303

10001e28 <runtime_init_post_clock_resets>:
10001e28:	f06f 4160 	mvn.w	r1, #3758096384	@ 0xe0000000
10001e2c:	4b04      	ldr	r3, [pc, #16]	@ (10001e40 <runtime_init_post_clock_resets+0x18>)
10001e2e:	4a05      	ldr	r2, [pc, #20]	@ (10001e44 <runtime_init_post_clock_resets+0x1c>)
10001e30:	6019      	str	r1, [r3, #0]
10001e32:	6893      	ldr	r3, [r2, #8]
10001e34:	43db      	mvns	r3, r3
10001e36:	f033 4360 	bics.w	r3, r3, #3758096384	@ 0xe0000000
10001e3a:	d1fa      	bne.n	10001e32 <runtime_init_post_clock_resets+0xa>
10001e3c:	4770      	bx	lr
10001e3e:	bf00      	nop
10001e40:	40023000 	.word	0x40023000
10001e44:	40020000 	.word	0x40020000

10001e48 <runtime_init_bootrom_reset>:
10001e48:	b510      	push	{r4, lr}
10001e4a:	f245 2053 	movw	r0, #21075	@ 0x5253
10001e4e:	f7ff ff53 	bl	10001cf8 <rom_func_lookup>
10001e52:	e8bd 4010 	ldmia.w	sp!, {r4, lr}
10001e56:	4603      	mov	r3, r0
10001e58:	2004      	movs	r0, #4
10001e5a:	4718      	bx	r3

10001e5c <runtime_init_per_core_bootrom_reset>:
10001e5c:	b510      	push	{r4, lr}
10001e5e:	f245 2053 	movw	r0, #21075	@ 0x5253
10001e62:	f7ff ff49 	bl	10001cf8 <rom_func_lookup>
10001e66:	e8bd 4010 	ldmia.w	sp!, {r4, lr}
10001e6a:	4603      	mov	r3, r0
10001e6c:	2001      	movs	r0, #1
10001e6e:	4718      	bx	r3

10001e70 <runtime_init_spin_locks_reset>:
10001e70:	f7fe bde0 	b.w	10000a34 <spin_locks_reset>

10001e74 <runtime_init_install_ram_vector_table>:
10001e74:	4914      	ldr	r1, [pc, #80]	@ (10001ec8 <runtime_init_install_ram_vector_table+0x54>)
10001e76:	4b15      	ldr	r3, [pc, #84]	@ (10001ecc <runtime_init_install_ram_vector_table+0x58>)
10001e78:	b570      	push	{r4, r5, r6, lr}
10001e7a:	1a5c      	subs	r4, r3, r1
10001e7c:	10a6      	asrs	r6, r4, #2
10001e7e:	2e44      	cmp	r6, #68	@ 0x44
10001e80:	4632      	mov	r2, r6
10001e82:	bf28      	it	cs
10001e84:	2244      	movcs	r2, #68	@ 0x44
10001e86:	4d12      	ldr	r5, [pc, #72]	@ (10001ed0 <runtime_init_install_ram_vector_table+0x5c>)
10001e88:	0092      	lsls	r2, r2, #2
10001e8a:	4628      	mov	r0, r5
10001e8c:	f004 fc3a 	bl	10006704 <memcpy>
10001e90:	f5b4 7f86 	cmp.w	r4, #268	@ 0x10c
10001e94:	d813      	bhi.n	10001ebe <runtime_init_install_ram_vector_table+0x4a>
10001e96:	4a0f      	ldr	r2, [pc, #60]	@ (10001ed4 <runtime_init_install_ram_vector_table+0x60>)
10001e98:	f1c6 0044 	rsb	r0, r6, #68	@ 0x44
10001e9c:	d012      	beq.n	10001ec4 <runtime_init_install_ram_vector_table+0x50>
10001e9e:	192b      	adds	r3, r5, r4
10001ea0:	0841      	lsrs	r1, r0, #1
10001ea2:	eb03 01c1 	add.w	r1, r3, r1, lsl #3
10001ea6:	e9c3 2200 	strd	r2, r2, [r3]
10001eaa:	3308      	adds	r3, #8
10001eac:	428b      	cmp	r3, r1
10001eae:	d1fa      	bne.n	10001ea6 <runtime_init_install_ram_vector_table+0x32>
10001eb0:	07c3      	lsls	r3, r0, #31
10001eb2:	d504      	bpl.n	10001ebe <runtime_init_install_ram_vector_table+0x4a>
10001eb4:	f020 0001 	bic.w	r0, r0, #1
10001eb8:	4430      	add	r0, r6
10001eba:	f845 2020 	str.w	r2, [r5, r0, lsl #2]
10001ebe:	4b06      	ldr	r3, [pc, #24]	@ (10001ed8 <runtime_init_install_ram_vector_table+0x64>)
10001ec0:	609d      	str	r5, [r3, #8]
10001ec2:	bd70      	pop	{r4, r5, r6, pc}
10001ec4:	2043      	movs	r0, #67	@ 0x43
10001ec6:	e7f8      	b.n	10001eba <runtime_init_install_ram_vector_table+0x46>
10001ec8:	10000000 	.word	0x10000000
10001ecc:	10000110 	.word	0x10000110
10001ed0:	20000000 	.word	0x20000000
10001ed4:	10000111 	.word	0x10000111
10001ed8:	e000ed00 	.word	0xe000ed00

10001edc <runtime_init_clocks>:
10001edc:	2300      	movs	r3, #0
10001ede:	b570      	push	{r4, r5, r6, lr}
10001ee0:	4c2b      	ldr	r4, [pc, #172]	@ (10001f90 <runtime_init_clocks+0xb4>)
10001ee2:	b082      	sub	sp, #8
10001ee4:	f8c4 3084 	str.w	r3, [r4, #132]	@ 0x84
10001ee8:	f7ff ff38 	bl	10001d5c <xosc_init>
10001eec:	2201      	movs	r2, #1
10001eee:	4b29      	ldr	r3, [pc, #164]	@ (10001f94 <runtime_init_clocks+0xb8>)
10001ef0:	63da      	str	r2, [r3, #60]	@ 0x3c
10001ef2:	6c63      	ldr	r3, [r4, #68]	@ 0x44
10001ef4:	2b01      	cmp	r3, #1
10001ef6:	d1fc      	bne.n	10001ef2 <runtime_init_clocks+0x16>
10001ef8:	2103      	movs	r1, #3
10001efa:	4a26      	ldr	r2, [pc, #152]	@ (10001f94 <runtime_init_clocks+0xb8>)
10001efc:	4b24      	ldr	r3, [pc, #144]	@ (10001f90 <runtime_init_clocks+0xb4>)
10001efe:	6311      	str	r1, [r2, #48]	@ 0x30
10001f00:	6b9c      	ldr	r4, [r3, #56]	@ 0x38
10001f02:	2c01      	cmp	r4, #1
10001f04:	d1fc      	bne.n	10001f00 <runtime_init_clocks+0x24>
10001f06:	2602      	movs	r6, #2
10001f08:	2505      	movs	r5, #5
10001f0a:	4621      	mov	r1, r4
10001f0c:	2305      	movs	r3, #5
10001f0e:	4a22      	ldr	r2, [pc, #136]	@ (10001f98 <runtime_init_clocks+0xbc>)
10001f10:	4822      	ldr	r0, [pc, #136]	@ (10001f9c <runtime_init_clocks+0xc0>)
10001f12:	9600      	str	r6, [sp, #0]
10001f14:	f7ff fe38 	bl	10001b88 <pll_init>
10001f18:	4621      	mov	r1, r4
10001f1a:	462b      	mov	r3, r5
10001f1c:	4a20      	ldr	r2, [pc, #128]	@ (10001fa0 <runtime_init_clocks+0xc4>)
10001f1e:	4821      	ldr	r0, [pc, #132]	@ (10001fa4 <runtime_init_clocks+0xc8>)
10001f20:	9500      	str	r5, [sp, #0]
10001f22:	f7ff fe31 	bl	10001b88 <pll_init>
10001f26:	2200      	movs	r2, #0
10001f28:	2004      	movs	r0, #4
10001f2a:	4631      	mov	r1, r6
10001f2c:	4b1e      	ldr	r3, [pc, #120]	@ (10001fa8 <runtime_init_clocks+0xcc>)
10001f2e:	f7ff fdbd 	bl	10001aac <clock_configure_undivided>
10001f32:	4621      	mov	r1, r4
10001f34:	4628      	mov	r0, r5
10001f36:	2200      	movs	r2, #0
10001f38:	4b1c      	ldr	r3, [pc, #112]	@ (10001fac <runtime_init_clocks+0xd0>)
10001f3a:	f7ff fdb7 	bl	10001aac <clock_configure_undivided>
10001f3e:	2200      	movs	r2, #0
10001f40:	2008      	movs	r0, #8
10001f42:	4611      	mov	r1, r2
10001f44:	4b1a      	ldr	r3, [pc, #104]	@ (10001fb0 <runtime_init_clocks+0xd4>)
10001f46:	f7ff fdb1 	bl	10001aac <clock_configure_undivided>
10001f4a:	2200      	movs	r2, #0
10001f4c:	2009      	movs	r0, #9
10001f4e:	4611      	mov	r1, r2
10001f50:	4b17      	ldr	r3, [pc, #92]	@ (10001fb0 <runtime_init_clocks+0xd4>)
10001f52:	f7ff fdab 	bl	10001aac <clock_configure_undivided>
10001f56:	2200      	movs	r2, #0
10001f58:	2006      	movs	r0, #6
10001f5a:	4611      	mov	r1, r2
10001f5c:	4b13      	ldr	r3, [pc, #76]	@ (10001fac <runtime_init_clocks+0xd0>)
10001f5e:	f7ff fda5 	bl	10001aac <clock_configure_undivided>
10001f62:	2200      	movs	r2, #0
10001f64:	4b11      	ldr	r3, [pc, #68]	@ (10001fac <runtime_init_clocks+0xd0>)
10001f66:	2007      	movs	r0, #7
10001f68:	4611      	mov	r1, r2
10001f6a:	f7ff fd9f 	bl	10001aac <clock_configure_undivided>
10001f6e:	2004      	movs	r0, #4
10001f70:	f7ff fe04 	bl	10001b7c <clock_get_hz>
10001f74:	2400      	movs	r4, #0
10001f76:	4b0f      	ldr	r3, [pc, #60]	@ (10001fb4 <runtime_init_clocks+0xd8>)
10001f78:	fba3 3500 	umull	r3, r5, r3, r0
10001f7c:	0cad      	lsrs	r5, r5, #18
10001f7e:	b2e0      	uxtb	r0, r4
10001f80:	4629      	mov	r1, r5
10001f82:	3401      	adds	r4, #1
10001f84:	f7ff fe92 	bl	10001cac <tick_start>
10001f88:	2c06      	cmp	r4, #6
10001f8a:	d1f8      	bne.n	10001f7e <runtime_init_clocks+0xa2>
10001f8c:	b002      	add	sp, #8
10001f8e:	bd70      	pop	{r4, r5, r6, pc}
10001f90:	40010000 	.word	0x40010000
10001f94:	40013000 	.word	0x40013000
10001f98:	59682f00 	.word	0x59682f00
10001f9c:	40050000 	.word	0x40050000
10001fa0:	47868c00 	.word	0x47868c00
10001fa4:	40058000 	.word	0x40058000
10001fa8:	00b71b00 	.word	0x00b71b00
10001fac:	08f0d180 	.word	0x08f0d180
10001fb0:	02dc6c00 	.word	0x02dc6c00
10001fb4:	431bde83 	.word	0x431bde83

10001fb8 <generic_save_state>:
10001fb8:	b086      	sub	sp, #24
10001fba:	b403      	push	{r0, r1}
10001fbc:	fc51 0408 	dcp_pxmd r0, r1
10001fc0:	e9cd 0102 	strd	r0, r1, [sp, #8]
10001fc4:	fc51 0409 	dcp_pymd r0, r1
10001fc8:	e9cd 0104 	strd	r0, r1, [sp, #16]
10001fcc:	ec51 040a 	dcp_refd r0, r1
10001fd0:	e9cd 0106 	strd	r0, r1, [sp, #24]
10001fd4:	bc03      	pop	{r0, r1}
10001fd6:	47f0      	blx	lr

10001fd8 <generic_restore_state>:
10001fd8:	e8bd 5000 	ldmia.w	sp!, {ip, lr}
10001fdc:	ec4e c400 	dcp_wxmd ip, lr
10001fe0:	e8bd 5000 	ldmia.w	sp!, {ip, lr}
10001fe4:	ec4e c401 	dcp_wymd ip, lr
10001fe8:	e8bd 5000 	ldmia.w	sp!, {ip, lr}
10001fec:	ec4e c402 	dcp_wefd ip, lr
10001ff0:	bd00      	pop	{pc}
10001ff2:	0000      	movs	r0, r0
10001ff4:	b500      	push	{lr}
10001ff6:	f7ff ffdf 	bl	10001fb8 <generic_save_state>
10001ffa:	e002      	b.n	10002002 <__wrap___aeabi_dadd+0x6>

10001ffc <__wrap___aeabi_dadd>:
10001ffc:	fe10 f430 	dcp_pcmp APSR_nzcv
10002000:	d4f8      	bmi.n	10001ff4 <generic_restore_state+0x1c>
10002002:	ec41 0410 	dcp_wxup r0, r1
10002006:	ec43 2411 	dcp_wyup r2, r3
1000200a:	ee00 0401 			dcp_add0
1000200e:	ee10 0401 			dcp_add1
10002012:	ee80 0420 			dcp_nrdd
10002016:	ec51 0410 	dcp_rdda r0, r1
1000201a:	4770      	bx	lr
1000201c:	b500      	push	{lr}
1000201e:	f7ff ffcb 	bl	10001fb8 <generic_save_state>
10002022:	e002      	b.n	1000202a <__wrap___aeabi_dsub+0x6>

10002024 <__wrap___aeabi_dsub>:
10002024:	fe10 f430 	dcp_pcmp APSR_nzcv
10002028:	d4f8      	bmi.n	1000201c <__wrap___aeabi_dadd+0x20>
1000202a:	ec41 0410 	dcp_wxup r0, r1
1000202e:	ec43 2411 	dcp_wyup r2, r3
10002032:	ee00 0401 			dcp_add0
10002036:	ee10 0421 			dcp_sub1
1000203a:	ee80 0420 			dcp_nrdd
1000203e:	ec51 0430 	dcp_rdds r0, r1
10002042:	4770      	bx	lr
10002044:	b500      	push	{lr}
10002046:	f7ff ffb7 	bl	10001fb8 <generic_save_state>
1000204a:	e002      	b.n	10002052 <__wrap___aeabi_dmul+0x6>

1000204c <__wrap___aeabi_dmul>:
1000204c:	fe10 f430 	dcp_pcmp APSR_nzcv
10002050:	d4f8      	bmi.n	10002044 <__wrap___aeabi_dsub+0x20>
10002052:	b510      	push	{r4, lr}
10002054:	ec41 0410 	dcp_wxup r0, r1
10002058:	ec43 2411 	dcp_wyup r2, r3
1000205c:	ec51 0404 	dcp_rxms r0, r1, #0x0
10002060:	ec53 2405 	dcp_ryms r2, r3, #0x0
10002064:	fba0 4c02 	umull	r4, ip, r0, r2
10002068:	f05f 0e00 	movs.w	lr, #0
1000206c:	fbe0 ce03 	umlal	ip, lr, r0, r3
10002070:	fbe1 ce02 	umlal	ip, lr, r1, r2
10002074:	ec4c 4420 	dcp_wxms r4, ip
10002078:	2400      	movs	r4, #0
1000207a:	fbe1 e403 	umlal	lr, r4, r1, r3
1000207e:	ec44 e430 	dcp_wxmo lr, r4
10002082:	ee80 0420 			dcp_nrdd
10002086:	ec51 0450 	dcp_rddm r0, r1
1000208a:	e8bd 4010 	ldmia.w	sp!, {r4, lr}
1000208e:	4770      	bx	lr
10002090:	b500      	push	{lr}
10002092:	f7ff ff91 	bl	10001fb8 <generic_save_state>
10002096:	e002      	b.n	1000209e <__wrap___aeabi_ddiv+0x6>

10002098 <__wrap___aeabi_ddiv>:
10002098:	fe10 f430 	dcp_pcmp APSR_nzcv
1000209c:	d4f8      	bmi.n	10002090 <__wrap___aeabi_dmul+0x44>
1000209e:	ec41 0410 	dcp_wxup r0, r1
100020a2:	ec43 2411 	dcp_wyup r2, r3
100020a6:	ec51 0421 	dcp_rymr r0, r1
100020aa:	fba0 1201 	umull	r1, r2, r0, r1
100020ae:	ea6f 0282 	mvn.w	r2, r2, lsl #2
100020b2:	fb52 0010 	smmlar	r0, r2, r0, r0
100020b6:	fb52 f212 	smmulr	r2, r2, r2
100020ba:	fb52 0010 	smmlar	r0, r2, r0, r0
100020be:	eba0 7cd0 	sub.w	ip, r0, r0, lsr #31
100020c2:	ec53 2404 	dcp_rxms r2, r3, #0x0
100020c6:	fb5c f113 	smmulr	r1, ip, r3
100020ca:	ec53 2415 	dcp_ryms r2, r3, #0x1
100020ce:	fba1 2002 	umull	r2, r0, r1, r2
100020d2:	fb01 0003 	mla	r0, r1, r3, r0
100020d6:	ec53 2444 	dcp_rxms r2, r3, #0x4
100020da:	eba2 0000 	sub.w	r0, r2, r0
100020de:	fb50 f21c 	smmulr	r2, r0, ip
100020e2:	ea4f 1311 	mov.w	r3, r1, lsr #4
100020e6:	eb12 7001 	adds.w	r0, r2, r1, lsl #28
100020ea:	eb43 71e2 	adc.w	r1, r3, r2, asr #31
100020ee:	ea40 5051 	orr.w	r0, r0, r1, lsr #21
100020f2:	ea20 5091 	bic.w	r0, r0, r1, lsr #22
100020f6:	f020 0007 	bic.w	r0, r0, #7
100020fa:	ec53 2475 	dcp_ryms r2, r3, #0x7
100020fe:	fba0 3c02 	umull	r3, ip, r0, r2
10002102:	ec53 2475 	dcp_ryms r2, r3, #0x7
10002106:	fb00 cc03 	mla	ip, r0, r3, ip
1000210a:	fb01 cc02 	mla	ip, r1, r2, ip
1000210e:	ec53 2404 	dcp_rxms r2, r3, #0x0
10002112:	ebac 4c82 	sub.w	ip, ip, r2, lsl #18
10002116:	ea40 705c 	orr.w	r0, r0, ip, lsr #29
1000211a:	f1a0 0001 	sub.w	r0, r0, #1
1000211e:	ec41 0440 	dcp_wxdd r0, r1
10002122:	ee80 0420 			dcp_nrdd
10002126:	ec51 0470 	dcp_rddd r0, r1
1000212a:	4770      	bx	lr
1000212c:	b500      	push	{lr}
1000212e:	f7ff ff43 	bl	10001fb8 <generic_save_state>
10002132:	e002      	b.n	1000213a <__wrap___aeabi_i2d+0x6>

10002134 <__wrap___aeabi_i2d>:
10002134:	fe10 f430 	dcp_pcmp APSR_nzcv
10002138:	d4f8      	bmi.n	1000212c <__wrap___aeabi_ddiv+0x94>
1000213a:	ec40 0470 	dcp_wxic r0, r0
1000213e:	ee00 0401 			dcp_add0
10002142:	ee10 0421 			dcp_sub1
10002146:	ee80 0420 			dcp_nrdd
1000214a:	ec51 0430 	dcp_rdds r0, r1
1000214e:	4770      	bx	lr
10002150:	b500      	push	{lr}
10002152:	f7ff ff31 	bl	10001fb8 <generic_save_state>
10002156:	e002      	b.n	1000215e <__wrap___aeabi_ui2d+0x6>

10002158 <__wrap___aeabi_ui2d>:
10002158:	fe10 f430 	dcp_pcmp APSR_nzcv
1000215c:	d4f8      	bmi.n	10002150 <__wrap___aeabi_i2d+0x1c>
1000215e:	ec40 0460 	dcp_wxuc r0, r0
10002162:	ee00 0401 			dcp_add0
10002166:	ee10 0421 			dcp_sub1
1000216a:	ee80 0420 			dcp_nrdd
1000216e:	ec51 0430 	dcp_rdds r0, r1
10002172:	4770      	bx	lr
10002174:	b500      	push	{lr}
10002176:	f7ff ff1f 	bl	10001fb8 <generic_save_state>
1000217a:	e002      	b.n	10002182 <double2int_z_entry>

1000217c <__wrap___aeabi_d2iz>:
1000217c:	fe10 f430 	dcp_pcmp APSR_nzcv
10002180:	d4f8      	bmi.n	10002174 <__wrap___aeabi_ui2d+0x1c>

10002182 <double2int_z_entry>:
10002182:	ec41 0480 	dcp_wxdc r0, r1
10002186:	ee00 0401 			dcp_add0
1000218a:	ee10 0401 			dcp_add1
1000218e:	ee80 0440 			dcp_ntdc
10002192:	ee10 0413 			dcp_rdic r0
10002196:	4770      	bx	lr
10002198:	b500      	push	{lr}
1000219a:	f7ff ff0d 	bl	10001fb8 <generic_save_state>
1000219e:	e002      	b.n	100021a6 <double2uint_z_entry>

100021a0 <__wrap___aeabi_d2uiz>:
100021a0:	fe10 f430 	dcp_pcmp APSR_nzcv
100021a4:	d4f8      	bmi.n	10002198 <double2int_z_entry+0x16>

100021a6 <double2uint_z_entry>:
100021a6:	ec41 0480 	dcp_wxdc r0, r1
100021aa:	ee00 0401 			dcp_add0
100021ae:	ee10 0401 			dcp_add1
100021b2:	ee80 0440 			dcp_ntdc
100021b6:	ee10 0433 			dcp_rduc r0
100021ba:	4770      	bx	lr
100021bc:	b500      	push	{lr}
100021be:	f7ff fefb 	bl	10001fb8 <generic_save_state>
100021c2:	e002      	b.n	100021ca <__wrap___aeabi_dcmpun+0x6>

100021c4 <__wrap___aeabi_dcmpun>:
100021c4:	fe10 f430 	dcp_pcmp APSR_nzcv
100021c8:	d4f8      	bmi.n	100021bc <double2uint_z_entry+0x16>
100021ca:	ec41 0410 	dcp_wxup r0, r1
100021ce:	ec43 2411 	dcp_wyup r2, r3
100021d2:	ee00 0401 			dcp_add0
100021d6:	ee10 0430 			dcp_rcmp r0
100021da:	f3c0 7000 	ubfx	r0, r0, #28, #1
100021de:	4770      	bx	lr
100021e0:	b500      	push	{lr}
100021e2:	f7ff fee9 	bl	10001fb8 <generic_save_state>
100021e6:	e002      	b.n	100021ee <__wrap___aeabi_dcmplt+0x6>

100021e8 <__wrap___aeabi_dcmplt>:
100021e8:	fe10 f430 	dcp_pcmp APSR_nzcv
100021ec:	d4f8      	bmi.n	100021e0 <__wrap___aeabi_dcmpun+0x1c>
100021ee:	ec43 2410 	dcp_wxup r2, r3
100021f2:	ec41 0411 	dcp_wyup r0, r1
100021f6:	ee00 0401 			dcp_add0
100021fa:	ee10 f430 			dcp_rcmp APSR_nzcv
100021fe:	bf8c      	ite	hi
10002200:	2001      	movhi	r0, #1
10002202:	2000      	movls	r0, #0
10002204:	4770      	bx	lr
10002206:	bf00      	nop
10002208:	b500      	push	{lr}
1000220a:	f7ff fed5 	bl	10001fb8 <generic_save_state>
1000220e:	e002      	b.n	10002216 <__wrap___aeabi_dcmple+0x6>

10002210 <__wrap___aeabi_dcmple>:
10002210:	fe10 f430 	dcp_pcmp APSR_nzcv
10002214:	d4f8      	bmi.n	10002208 <__wrap___aeabi_dcmplt+0x20>
10002216:	ec43 2410 	dcp_wxup r2, r3
1000221a:	ec41 0411 	dcp_wyup r0, r1
1000221e:	ee00 0401 			dcp_add0
10002222:	ee10 f430 			dcp_rcmp APSR_nzcv
10002226:	bf2c      	ite	cs
10002228:	2001      	movcs	r0, #1
1000222a:	2000      	movcc	r0, #0
1000222c:	4770      	bx	lr
1000222e:	bf00      	nop
10002230:	b500      	push	{lr}
10002232:	f7ff fec1 	bl	10001fb8 <generic_save_state>
10002236:	e002      	b.n	1000223e <__wrap___aeabi_dcmpge+0x6>

10002238 <__wrap___aeabi_dcmpge>:
10002238:	fe10 f430 	dcp_pcmp APSR_nzcv
1000223c:	d4f8      	bmi.n	10002230 <__wrap___aeabi_dcmple+0x20>
1000223e:	ec41 0410 	dcp_wxup r0, r1
10002242:	ec43 2411 	dcp_wyup r2, r3
10002246:	ee00 0401 			dcp_add0
1000224a:	ee10 f430 			dcp_rcmp APSR_nzcv
1000224e:	bf2c      	ite	cs
10002250:	2001      	movcs	r0, #1
10002252:	2000      	movcc	r0, #0
10002254:	4770      	bx	lr
10002256:	bf00      	nop
10002258:	b500      	push	{lr}
1000225a:	f7ff fead 	bl	10001fb8 <generic_save_state>
1000225e:	e002      	b.n	10002266 <__wrap___aeabi_dcmpgt+0x6>

10002260 <__wrap___aeabi_dcmpgt>:
10002260:	fe10 f430 	dcp_pcmp APSR_nzcv
10002264:	d4f8      	bmi.n	10002258 <__wrap___aeabi_dcmpge+0x20>
10002266:	ec41 0410 	dcp_wxup r0, r1
1000226a:	ec43 2411 	dcp_wyup r2, r3
1000226e:	ee00 0401 			dcp_add0
10002272:	ee10 f430 			dcp_rcmp APSR_nzcv
10002276:	bf8c      	ite	hi
10002278:	2001      	movhi	r0, #1
1000227a:	2000      	movls	r0, #0
1000227c:	4770      	bx	lr
1000227e:	bf00      	nop

10002280 <_out_null>:
10002280:	4770      	bx	lr
10002282:	bf00      	nop

10002284 <_out_rev>:
10002284:	e92d 4ff0 	stmdb	sp!, {r4, r5, r6, r7, r8, r9, sl, fp, lr}
10002288:	b083      	sub	sp, #12
1000228a:	4699      	mov	r9, r3
1000228c:	e9dd ab0d 	ldrd	sl, fp, [sp, #52]	@ 0x34
10002290:	9b0f      	ldr	r3, [sp, #60]	@ 0x3c
10002292:	4688      	mov	r8, r1
10002294:	4611      	mov	r1, r2
10002296:	079a      	lsls	r2, r3, #30
10002298:	4607      	mov	r7, r0
1000229a:	d116      	bne.n	100022ca <_out_rev+0x46>
1000229c:	45da      	cmp	sl, fp
1000229e:	d23a      	bcs.n	10002316 <_out_rev+0x92>
100022a0:	460c      	mov	r4, r1
100022a2:	460d      	mov	r5, r1
100022a4:	ebab 060a 	sub.w	r6, fp, sl
100022a8:	440e      	add	r6, r1
100022aa:	4622      	mov	r2, r4
100022ac:	464b      	mov	r3, r9
100022ae:	4641      	mov	r1, r8
100022b0:	2020      	movs	r0, #32
100022b2:	3401      	adds	r4, #1
100022b4:	47b8      	blx	r7
100022b6:	42b4      	cmp	r4, r6
100022b8:	d1f7      	bne.n	100022aa <_out_rev+0x26>
100022ba:	4629      	mov	r1, r5
100022bc:	f1ba 0f00 	cmp.w	sl, #0
100022c0:	d108      	bne.n	100022d4 <_out_rev+0x50>
100022c2:	4620      	mov	r0, r4
100022c4:	b003      	add	sp, #12
100022c6:	e8bd 8ff0 	ldmia.w	sp!, {r4, r5, r6, r7, r8, r9, sl, fp, pc}
100022ca:	460c      	mov	r4, r1
100022cc:	f1ba 0f00 	cmp.w	sl, #0
100022d0:	d010      	beq.n	100022f4 <_out_rev+0x70>
100022d2:	460e      	mov	r6, r1
100022d4:	4655      	mov	r5, sl
100022d6:	9b0c      	ldr	r3, [sp, #48]	@ 0x30
100022d8:	442e      	add	r6, r5
100022da:	449a      	add	sl, r3
100022dc:	9101      	str	r1, [sp, #4]
100022de:	1b72      	subs	r2, r6, r5
100022e0:	464b      	mov	r3, r9
100022e2:	3d01      	subs	r5, #1
100022e4:	4641      	mov	r1, r8
100022e6:	f81a 0d01 	ldrb.w	r0, [sl, #-1]!
100022ea:	4634      	mov	r4, r6
100022ec:	47b8      	blx	r7
100022ee:	2d00      	cmp	r5, #0
100022f0:	d1f5      	bne.n	100022de <_out_rev+0x5a>
100022f2:	9901      	ldr	r1, [sp, #4]
100022f4:	9b0f      	ldr	r3, [sp, #60]	@ 0x3c
100022f6:	079b      	lsls	r3, r3, #30
100022f8:	d5e3      	bpl.n	100022c2 <_out_rev+0x3e>
100022fa:	1a65      	subs	r5, r4, r1
100022fc:	45ab      	cmp	fp, r5
100022fe:	d9e0      	bls.n	100022c2 <_out_rev+0x3e>
10002300:	4622      	mov	r2, r4
10002302:	464b      	mov	r3, r9
10002304:	4641      	mov	r1, r8
10002306:	2020      	movs	r0, #32
10002308:	3501      	adds	r5, #1
1000230a:	47b8      	blx	r7
1000230c:	455d      	cmp	r5, fp
1000230e:	f104 0401 	add.w	r4, r4, #1
10002312:	d3f5      	bcc.n	10002300 <_out_rev+0x7c>
10002314:	e7d5      	b.n	100022c2 <_out_rev+0x3e>
10002316:	460c      	mov	r4, r1
10002318:	f1ba 0f00 	cmp.w	sl, #0
1000231c:	d1d9      	bne.n	100022d2 <_out_rev+0x4e>
1000231e:	e7d0      	b.n	100022c2 <_out_rev+0x3e>

10002320 <_ntoa_format>:
10002320:	e92d 4ff0 	stmdb	sp!, {r4, r5, r6, r7, r8, r9, sl, fp, lr}
10002324:	9f0f      	ldr	r7, [sp, #60]	@ 0x3c
10002326:	f8dd 8024 	ldr.w	r8, [sp, #36]	@ 0x24
1000232a:	f017 0f02 	tst.w	r7, #2
1000232e:	9c0a      	ldr	r4, [sp, #40]	@ 0x28
10002330:	f89d a02c 	ldrb.w	sl, [sp, #44]	@ 0x2c
10002334:	9d0e      	ldr	r5, [sp, #56]	@ 0x38
10002336:	e9dd 960c 	ldrd	r9, r6, [sp, #48]	@ 0x30
1000233a:	d144      	bne.n	100023c6 <_ntoa_format+0xa6>
1000233c:	bbf5      	cbnz	r5, 100023bc <_ntoa_format+0x9c>
1000233e:	42b4      	cmp	r4, r6
10002340:	d241      	bcs.n	100023c6 <_ntoa_format+0xa6>
10002342:	f007 0b01 	and.w	fp, r7, #1
10002346:	f104 3cff 	add.w	ip, r4, #4294967295	@ 0xffffffff
1000234a:	f04f 0e30 	mov.w	lr, #48	@ 0x30
1000234e:	44c4      	add	ip, r8
10002350:	e004      	b.n	1000235c <_ntoa_format+0x3c>
10002352:	3401      	adds	r4, #1
10002354:	42a6      	cmp	r6, r4
10002356:	f80c ef01 	strb.w	lr, [ip, #1]!
1000235a:	d901      	bls.n	10002360 <_ntoa_format+0x40>
1000235c:	2c20      	cmp	r4, #32
1000235e:	d1f8      	bne.n	10002352 <_ntoa_format+0x32>
10002360:	f1bb 0f00 	cmp.w	fp, #0
10002364:	f000 8088 	beq.w	10002478 <_ntoa_format+0x158>
10002368:	42a5      	cmp	r5, r4
1000236a:	d92c      	bls.n	100023c6 <_ntoa_format+0xa6>
1000236c:	f104 3cff 	add.w	ip, r4, #4294967295	@ 0xffffffff
10002370:	f04f 0e30 	mov.w	lr, #48	@ 0x30
10002374:	44c4      	add	ip, r8
10002376:	e004      	b.n	10002382 <_ntoa_format+0x62>
10002378:	3401      	adds	r4, #1
1000237a:	42ac      	cmp	r4, r5
1000237c:	f80c ef01 	strb.w	lr, [ip, #1]!
10002380:	d021      	beq.n	100023c6 <_ntoa_format+0xa6>
10002382:	2c20      	cmp	r4, #32
10002384:	d1f8      	bne.n	10002378 <_ntoa_format+0x58>
10002386:	f017 0f10 	tst.w	r7, #16
1000238a:	d00e      	beq.n	100023aa <_ntoa_format+0x8a>
1000238c:	f417 6f80 	tst.w	r7, #1024	@ 0x400
10002390:	d154      	bne.n	1000243c <_ntoa_format+0x11c>
10002392:	42a6      	cmp	r6, r4
10002394:	d063      	beq.n	1000245e <_ntoa_format+0x13e>
10002396:	42a5      	cmp	r5, r4
10002398:	d061      	beq.n	1000245e <_ntoa_format+0x13e>
1000239a:	f1b9 0f10 	cmp.w	r9, #16
1000239e:	d050      	beq.n	10002442 <_ntoa_format+0x122>
100023a0:	f1b9 0f02 	cmp.w	r9, #2
100023a4:	d056      	beq.n	10002454 <_ntoa_format+0x134>
100023a6:	2c20      	cmp	r4, #32
100023a8:	d129      	bne.n	100023fe <_ntoa_format+0xde>
100023aa:	2420      	movs	r4, #32
100023ac:	e9cd 570b 	strd	r5, r7, [sp, #44]	@ 0x2c
100023b0:	e9cd 8409 	strd	r8, r4, [sp, #36]	@ 0x24
100023b4:	e8bd 4ff0 	ldmia.w	sp!, {r4, r5, r6, r7, r8, r9, sl, fp, lr}
100023b8:	f7ff bf64 	b.w	10002284 <_out_rev>
100023bc:	f017 0b01 	ands.w	fp, r7, #1
100023c0:	d134      	bne.n	1000242c <_ntoa_format+0x10c>
100023c2:	42b4      	cmp	r4, r6
100023c4:	d3bf      	bcc.n	10002346 <_ntoa_format+0x26>
100023c6:	f017 0f10 	tst.w	r7, #16
100023ca:	d01e      	beq.n	1000240a <_ntoa_format+0xea>
100023cc:	f417 6f80 	tst.w	r7, #1024	@ 0x400
100023d0:	d1e3      	bne.n	1000239a <_ntoa_format+0x7a>
100023d2:	2c00      	cmp	r4, #0
100023d4:	d1dd      	bne.n	10002392 <_ntoa_format+0x72>
100023d6:	f1b9 0f10 	cmp.w	r9, #16
100023da:	d063      	beq.n	100024a4 <_ntoa_format+0x184>
100023dc:	f1b9 0f02 	cmp.w	r9, #2
100023e0:	d077      	beq.n	100024d2 <_ntoa_format+0x1b2>
100023e2:	2430      	movs	r4, #48	@ 0x30
100023e4:	f888 4000 	strb.w	r4, [r8]
100023e8:	2401      	movs	r4, #1
100023ea:	f1ba 0f00 	cmp.w	sl, #0
100023ee:	d111      	bne.n	10002414 <_ntoa_format+0xf4>
100023f0:	077e      	lsls	r6, r7, #29
100023f2:	d548      	bpl.n	10002486 <_ntoa_format+0x166>
100023f4:	262b      	movs	r6, #43	@ 0x2b
100023f6:	f808 6004 	strb.w	r6, [r8, r4]
100023fa:	3401      	adds	r4, #1
100023fc:	e7d6      	b.n	100023ac <_ntoa_format+0x8c>
100023fe:	4626      	mov	r6, r4
10002400:	3401      	adds	r4, #1
10002402:	f04f 0c30 	mov.w	ip, #48	@ 0x30
10002406:	f808 c006 	strb.w	ip, [r8, r6]
1000240a:	2c20      	cmp	r4, #32
1000240c:	d0cd      	beq.n	100023aa <_ntoa_format+0x8a>
1000240e:	f1ba 0f00 	cmp.w	sl, #0
10002412:	d0ed      	beq.n	100023f0 <_ntoa_format+0xd0>
10002414:	262d      	movs	r6, #45	@ 0x2d
10002416:	f808 6004 	strb.w	r6, [r8, r4]
1000241a:	3401      	adds	r4, #1
1000241c:	e9cd 570b 	strd	r5, r7, [sp, #44]	@ 0x2c
10002420:	e9cd 8409 	strd	r8, r4, [sp, #36]	@ 0x24
10002424:	e8bd 4ff0 	ldmia.w	sp!, {r4, r5, r6, r7, r8, r9, sl, fp, lr}
10002428:	f7ff bf2c 	b.w	10002284 <_out_rev>
1000242c:	f1ba 0f00 	cmp.w	sl, #0
10002430:	d030      	beq.n	10002494 <_ntoa_format+0x174>
10002432:	42b4      	cmp	r4, r6
10002434:	f105 35ff 	add.w	r5, r5, #4294967295	@ 0xffffffff
10002438:	d385      	bcc.n	10002346 <_ntoa_format+0x26>
1000243a:	e795      	b.n	10002368 <_ntoa_format+0x48>
1000243c:	f1b9 0f10 	cmp.w	r9, #16
10002440:	d1b3      	bne.n	100023aa <_ntoa_format+0x8a>
10002442:	06be      	lsls	r6, r7, #26
10002444:	d53b      	bpl.n	100024be <_ntoa_format+0x19e>
10002446:	2c20      	cmp	r4, #32
10002448:	d0af      	beq.n	100023aa <_ntoa_format+0x8a>
1000244a:	2658      	movs	r6, #88	@ 0x58
1000244c:	f808 6004 	strb.w	r6, [r8, r4]
10002450:	3401      	adds	r4, #1
10002452:	e7a8      	b.n	100023a6 <_ntoa_format+0x86>
10002454:	2c20      	cmp	r4, #32
10002456:	d0a8      	beq.n	100023aa <_ntoa_format+0x8a>
10002458:	4626      	mov	r6, r4
1000245a:	3401      	adds	r4, #1
1000245c:	e007      	b.n	1000246e <_ntoa_format+0x14e>
1000245e:	1e66      	subs	r6, r4, #1
10002460:	d0b9      	beq.n	100023d6 <_ntoa_format+0xb6>
10002462:	f1b9 0f10 	cmp.w	r9, #16
10002466:	d036      	beq.n	100024d6 <_ntoa_format+0x1b6>
10002468:	f1b9 0f02 	cmp.w	r9, #2
1000246c:	d1c9      	bne.n	10002402 <_ntoa_format+0xe2>
1000246e:	f04f 0c62 	mov.w	ip, #98	@ 0x62
10002472:	f808 c006 	strb.w	ip, [r8, r6]
10002476:	e796      	b.n	100023a6 <_ntoa_format+0x86>
10002478:	f017 0f10 	tst.w	r7, #16
1000247c:	d0c5      	beq.n	1000240a <_ntoa_format+0xea>
1000247e:	f417 6f80 	tst.w	r7, #1024	@ 0x400
10002482:	d086      	beq.n	10002392 <_ntoa_format+0x72>
10002484:	e789      	b.n	1000239a <_ntoa_format+0x7a>
10002486:	073e      	lsls	r6, r7, #28
10002488:	d590      	bpl.n	100023ac <_ntoa_format+0x8c>
1000248a:	2620      	movs	r6, #32
1000248c:	f808 6004 	strb.w	r6, [r8, r4]
10002490:	3401      	adds	r4, #1
10002492:	e78b      	b.n	100023ac <_ntoa_format+0x8c>
10002494:	f017 0f0c 	tst.w	r7, #12
10002498:	d000      	beq.n	1000249c <_ntoa_format+0x17c>
1000249a:	3d01      	subs	r5, #1
1000249c:	42b4      	cmp	r4, r6
1000249e:	f4ff af52 	bcc.w	10002346 <_ntoa_format+0x26>
100024a2:	e761      	b.n	10002368 <_ntoa_format+0x48>
100024a4:	06bc      	lsls	r4, r7, #26
100024a6:	d412      	bmi.n	100024ce <_ntoa_format+0x1ae>
100024a8:	2478      	movs	r4, #120	@ 0x78
100024aa:	f888 4000 	strb.w	r4, [r8]
100024ae:	2430      	movs	r4, #48	@ 0x30
100024b0:	f888 4001 	strb.w	r4, [r8, #1]
100024b4:	2402      	movs	r4, #2
100024b6:	f1ba 0f00 	cmp.w	sl, #0
100024ba:	d099      	beq.n	100023f0 <_ntoa_format+0xd0>
100024bc:	e7aa      	b.n	10002414 <_ntoa_format+0xf4>
100024be:	2c20      	cmp	r4, #32
100024c0:	f43f af73 	beq.w	100023aa <_ntoa_format+0x8a>
100024c4:	2678      	movs	r6, #120	@ 0x78
100024c6:	f808 6004 	strb.w	r6, [r8, r4]
100024ca:	3401      	adds	r4, #1
100024cc:	e76b      	b.n	100023a6 <_ntoa_format+0x86>
100024ce:	2458      	movs	r4, #88	@ 0x58
100024d0:	e7eb      	b.n	100024aa <_ntoa_format+0x18a>
100024d2:	2462      	movs	r4, #98	@ 0x62
100024d4:	e7e9      	b.n	100024aa <_ntoa_format+0x18a>
100024d6:	f017 0f20 	tst.w	r7, #32
100024da:	f1a4 0c02 	sub.w	ip, r4, #2
100024de:	d004      	beq.n	100024ea <_ntoa_format+0x1ca>
100024e0:	f04f 0e58 	mov.w	lr, #88	@ 0x58
100024e4:	f808 e00c 	strb.w	lr, [r8, ip]
100024e8:	e78b      	b.n	10002402 <_ntoa_format+0xe2>
100024ea:	f04f 0e78 	mov.w	lr, #120	@ 0x78
100024ee:	f808 e00c 	strb.w	lr, [r8, ip]
100024f2:	e786      	b.n	10002402 <_ntoa_format+0xe2>

100024f4 <_out_char>:
100024f4:	b900      	cbnz	r0, 100024f8 <_out_char+0x4>
100024f6:	4770      	bx	lr
100024f8:	f001 bb74 	b.w	10003be4 <__wrap_putchar>

100024fc <_out_fct>:
100024fc:	b110      	cbz	r0, 10002504 <_out_fct+0x8>
100024fe:	e9d1 3100 	ldrd	r3, r1, [r1]
10002502:	4718      	bx	r3
10002504:	4770      	bx	lr
10002506:	bf00      	nop

10002508 <_ftoa>:
10002508:	e92d 4ff0 	stmdb	sp!, {r4, r5, r6, r7, r8, r9, sl, fp, lr}
1000250c:	b097      	sub	sp, #92	@ 0x5c
1000250e:	ed9d 7b20 	vldr	d7, [sp, #128]	@ 0x80
10002512:	e9dd 5b22 	ldrd	r5, fp, [sp, #136]	@ 0x88
10002516:	4607      	mov	r7, r0
10002518:	4688      	mov	r8, r1
1000251a:	ec51 0b17 	vmov	r0, r1, d7
1000251e:	9c24      	ldr	r4, [sp, #144]	@ 0x90
10002520:	4699      	mov	r9, r3
10002522:	920c      	str	r2, [sp, #48]	@ 0x30
10002524:	460b      	mov	r3, r1
10002526:	4602      	mov	r2, r0
10002528:	ed8d 7b04 	vstr	d7, [sp, #16]
1000252c:	9407      	str	r4, [sp, #28]
1000252e:	f7ff fe49 	bl	100021c4 <__wrap___aeabi_dcmpun>
10002532:	2800      	cmp	r0, #0
10002534:	f040 81f4 	bne.w	10002920 <_ftoa+0x418>
10002538:	e9dd 0104 	ldrd	r0, r1, [sp, #16]
1000253c:	f04f 32ff 	mov.w	r2, #4294967295	@ 0xffffffff
10002540:	f46f 1380 	mvn.w	r3, #1048576	@ 0x100000
10002544:	f7ff fe50 	bl	100021e8 <__wrap___aeabi_dcmplt>
10002548:	2800      	cmp	r0, #0
1000254a:	f040 811b 	bne.w	10002784 <_ftoa+0x27c>
1000254e:	e9dd 0104 	ldrd	r0, r1, [sp, #16]
10002552:	f04f 32ff 	mov.w	r2, #4294967295	@ 0xffffffff
10002556:	4bac      	ldr	r3, [pc, #688]	@ (10002808 <_ftoa+0x300>)
10002558:	f7ff fe82 	bl	10002260 <__wrap___aeabi_dcmpgt>
1000255c:	2800      	cmp	r0, #0
1000255e:	f040 80ee 	bne.w	1000273e <_ftoa+0x236>
10002562:	e9dd 0104 	ldrd	r0, r1, [sp, #16]
10002566:	a3a4      	add	r3, pc, #656	@ (adr r3, 100027f8 <_ftoa+0x2f0>)
10002568:	e9d3 2300 	ldrd	r2, r3, [r3]
1000256c:	f7ff fe78 	bl	10002260 <__wrap___aeabi_dcmpgt>
10002570:	2800      	cmp	r0, #0
10002572:	f040 80d3 	bne.w	1000271c <_ftoa+0x214>
10002576:	e9dd 0104 	ldrd	r0, r1, [sp, #16]
1000257a:	a3a1      	add	r3, pc, #644	@ (adr r3, 10002800 <_ftoa+0x2f8>)
1000257c:	e9d3 2300 	ldrd	r2, r3, [r3]
10002580:	f7ff fe32 	bl	100021e8 <__wrap___aeabi_dcmplt>
10002584:	2800      	cmp	r0, #0
10002586:	f040 80c9 	bne.w	1000271c <_ftoa+0x214>
1000258a:	e9dd 0104 	ldrd	r0, r1, [sp, #16]
1000258e:	2200      	movs	r2, #0
10002590:	2300      	movs	r3, #0
10002592:	f7ff fe29 	bl	100021e8 <__wrap___aeabi_dcmplt>
10002596:	2800      	cmp	r0, #0
10002598:	f040 80e8 	bne.w	1000276c <_ftoa+0x264>
1000259c:	4623      	mov	r3, r4
1000259e:	900d      	str	r0, [sp, #52]	@ 0x34
100025a0:	f413 6f80 	tst.w	r3, #1024	@ 0x400
100025a4:	bf08      	it	eq
100025a6:	2506      	moveq	r5, #6
100025a8:	2130      	movs	r1, #48	@ 0x30
100025aa:	462b      	mov	r3, r5
100025ac:	aa0e      	add	r2, sp, #56	@ 0x38
100025ae:	f1a5 0620 	sub.w	r6, r5, #32
100025b2:	e005      	b.n	100025c0 <_ftoa+0xb8>
100025b4:	3b01      	subs	r3, #1
100025b6:	42b3      	cmp	r3, r6
100025b8:	f802 1b01 	strb.w	r1, [r2], #1
100025bc:	f000 8193 	beq.w	100028e6 <_ftoa+0x3de>
100025c0:	2b09      	cmp	r3, #9
100025c2:	d8f7      	bhi.n	100025b4 <_ftoa+0xac>
100025c4:	461e      	mov	r6, r3
100025c6:	1aed      	subs	r5, r5, r3
100025c8:	e9dd 0104 	ldrd	r0, r1, [sp, #16]
100025cc:	f7ff fdd6 	bl	1000217c <__wrap___aeabi_d2iz>
100025d0:	4b8e      	ldr	r3, [pc, #568]	@ (1000280c <_ftoa+0x304>)
100025d2:	4604      	mov	r4, r0
100025d4:	eb03 03c6 	add.w	r3, r3, r6, lsl #3
100025d8:	ed93 7b00 	vldr	d7, [r3]
100025dc:	ed8d 7b08 	vstr	d7, [sp, #32]
100025e0:	f7ff fda8 	bl	10002134 <__wrap___aeabi_i2d>
100025e4:	4602      	mov	r2, r0
100025e6:	460b      	mov	r3, r1
100025e8:	e9dd 0104 	ldrd	r0, r1, [sp, #16]
100025ec:	f7ff fd1a 	bl	10002024 <__wrap___aeabi_dsub>
100025f0:	e9dd 2308 	ldrd	r2, r3, [sp, #32]
100025f4:	f7ff fd2a 	bl	1000204c <__wrap___aeabi_dmul>
100025f8:	4602      	mov	r2, r0
100025fa:	460b      	mov	r3, r1
100025fc:	e9cd 230a 	strd	r2, r3, [sp, #40]	@ 0x28
10002600:	f7ff fdce 	bl	100021a0 <__wrap___aeabi_d2uiz>
10002604:	4682      	mov	sl, r0
10002606:	f7ff fda7 	bl	10002158 <__wrap___aeabi_ui2d>
1000260a:	4602      	mov	r2, r0
1000260c:	460b      	mov	r3, r1
1000260e:	e9dd 010a 	ldrd	r0, r1, [sp, #40]	@ 0x28
10002612:	f7ff fd07 	bl	10002024 <__wrap___aeabi_dsub>
10002616:	4602      	mov	r2, r0
10002618:	460b      	mov	r3, r1
1000261a:	e9cd 230a 	strd	r2, r3, [sp, #40]	@ 0x28
1000261e:	2200      	movs	r2, #0
10002620:	4b7b      	ldr	r3, [pc, #492]	@ (10002810 <_ftoa+0x308>)
10002622:	f7ff fe1d 	bl	10002260 <__wrap___aeabi_dcmpgt>
10002626:	2800      	cmp	r0, #0
10002628:	f000 80fe 	beq.w	10002828 <_ftoa+0x320>
1000262c:	f10a 0a01 	add.w	sl, sl, #1
10002630:	4650      	mov	r0, sl
10002632:	f7ff fd91 	bl	10002158 <__wrap___aeabi_ui2d>
10002636:	4602      	mov	r2, r0
10002638:	460b      	mov	r3, r1
1000263a:	e9dd 0108 	ldrd	r0, r1, [sp, #32]
1000263e:	f7ff fde7 	bl	10002210 <__wrap___aeabi_dcmple>
10002642:	b110      	cbz	r0, 1000264a <_ftoa+0x142>
10002644:	f04f 0a00 	mov.w	sl, #0
10002648:	3401      	adds	r4, #1
1000264a:	2e00      	cmp	r6, #0
1000264c:	f000 80fd 	beq.w	1000284a <_ftoa+0x342>
10002650:	1e68      	subs	r0, r5, #1
10002652:	ab0e      	add	r3, sp, #56	@ 0x38
10002654:	f8df c1cc 	ldr.w	ip, [pc, #460]	@ 10002824 <_ftoa+0x31c>
10002658:	4418      	add	r0, r3
1000265a:	e00f      	b.n	1000267c <_ftoa+0x174>
1000265c:	fbac 210a 	umull	r2, r1, ip, sl
10002660:	08c9      	lsrs	r1, r1, #3
10002662:	eb01 0281 	add.w	r2, r1, r1, lsl #2
10002666:	ebaa 0242 	sub.w	r2, sl, r2, lsl #1
1000266a:	3230      	adds	r2, #48	@ 0x30
1000266c:	f1ba 0f09 	cmp.w	sl, #9
10002670:	f800 2f01 	strb.w	r2, [r0, #1]!
10002674:	f240 811c 	bls.w	100028b0 <_ftoa+0x3a8>
10002678:	468a      	mov	sl, r1
1000267a:	461d      	mov	r5, r3
1000267c:	2d20      	cmp	r5, #32
1000267e:	f105 0301 	add.w	r3, r5, #1
10002682:	f106 36ff 	add.w	r6, r6, #4294967295	@ 0xffffffff
10002686:	d1e9      	bne.n	1000265c <_ftoa+0x154>
10002688:	2520      	movs	r5, #32
1000268a:	1e69      	subs	r1, r5, #1
1000268c:	ab0e      	add	r3, sp, #56	@ 0x38
1000268e:	4861      	ldr	r0, [pc, #388]	@ (10002814 <_ftoa+0x30c>)
10002690:	4419      	add	r1, r3
10002692:	e010      	b.n	100026b6 <_ftoa+0x1ae>
10002694:	fb80 6204 	smull	r6, r2, r0, r4
10002698:	ebc3 03a2 	rsb	r3, r3, r2, asr #2
1000269c:	eb03 0283 	add.w	r2, r3, r3, lsl #2
100026a0:	eba4 0442 	sub.w	r4, r4, r2, lsl #1
100026a4:	f104 0230 	add.w	r2, r4, #48	@ 0x30
100026a8:	3501      	adds	r5, #1
100026aa:	461c      	mov	r4, r3
100026ac:	f801 2f01 	strb.w	r2, [r1, #1]!
100026b0:	2b00      	cmp	r3, #0
100026b2:	f000 80eb 	beq.w	1000288c <_ftoa+0x384>
100026b6:	2d20      	cmp	r5, #32
100026b8:	ea4f 73e4 	mov.w	r3, r4, asr #31
100026bc:	d1ea      	bne.n	10002694 <_ftoa+0x18c>
100026be:	9b07      	ldr	r3, [sp, #28]
100026c0:	f003 0303 	and.w	r3, r3, #3
100026c4:	2b01      	cmp	r3, #1
100026c6:	d118      	bne.n	100026fa <_ftoa+0x1f2>
100026c8:	f1bb 0f00 	cmp.w	fp, #0
100026cc:	d015      	beq.n	100026fa <_ftoa+0x1f2>
100026ce:	9b0d      	ldr	r3, [sp, #52]	@ 0x34
100026d0:	2b00      	cmp	r3, #0
100026d2:	f000 810a 	beq.w	100028ea <_ftoa+0x3e2>
100026d6:	f10b 3bff 	add.w	fp, fp, #4294967295	@ 0xffffffff
100026da:	f1bb 0f20 	cmp.w	fp, #32
100026de:	d90c      	bls.n	100026fa <_ftoa+0x1f2>
100026e0:	1e6b      	subs	r3, r5, #1
100026e2:	a90e      	add	r1, sp, #56	@ 0x38
100026e4:	2230      	movs	r2, #48	@ 0x30
100026e6:	440b      	add	r3, r1
100026e8:	e005      	b.n	100026f6 <_ftoa+0x1ee>
100026ea:	3501      	adds	r5, #1
100026ec:	455d      	cmp	r5, fp
100026ee:	f803 2f01 	strb.w	r2, [r3, #1]!
100026f2:	f080 80d1 	bcs.w	10002898 <_ftoa+0x390>
100026f6:	2d20      	cmp	r5, #32
100026f8:	d1f7      	bne.n	100026ea <_ftoa+0x1e2>
100026fa:	9b07      	ldr	r3, [sp, #28]
100026fc:	ac0e      	add	r4, sp, #56	@ 0x38
100026fe:	e9cd b302 	strd	fp, r3, [sp, #8]
10002702:	4641      	mov	r1, r8
10002704:	464b      	mov	r3, r9
10002706:	4638      	mov	r0, r7
10002708:	9a0c      	ldr	r2, [sp, #48]	@ 0x30
1000270a:	9501      	str	r5, [sp, #4]
1000270c:	9400      	str	r4, [sp, #0]
1000270e:	f7ff fdb9 	bl	10002284 <_out_rev>
10002712:	4682      	mov	sl, r0
10002714:	4650      	mov	r0, sl
10002716:	b017      	add	sp, #92	@ 0x5c
10002718:	e8bd 8ff0 	ldmia.w	sp!, {r4, r5, r6, r7, r8, r9, sl, fp, pc}
1000271c:	9b07      	ldr	r3, [sp, #28]
1000271e:	ed9d 7b04 	vldr	d7, [sp, #16]
10002722:	e9cd b323 	strd	fp, r3, [sp, #140]	@ 0x8c
10002726:	4641      	mov	r1, r8
10002728:	464b      	mov	r3, r9
1000272a:	4638      	mov	r0, r7
1000272c:	9a0c      	ldr	r2, [sp, #48]	@ 0x30
1000272e:	ed8d 7b20 	vstr	d7, [sp, #128]	@ 0x80
10002732:	9522      	str	r5, [sp, #136]	@ 0x88
10002734:	b017      	add	sp, #92	@ 0x5c
10002736:	e8bd 4ff0 	ldmia.w	sp!, {r4, r5, r6, r7, r8, r9, sl, fp, lr}
1000273a:	f000 b945 	b.w	100029c8 <_etoa>
1000273e:	0761      	lsls	r1, r4, #29
10002740:	4623      	mov	r3, r4
10002742:	bf4c      	ite	mi
10002744:	2304      	movmi	r3, #4
10002746:	2303      	movpl	r3, #3
10002748:	4641      	mov	r1, r8
1000274a:	9321      	str	r3, [sp, #132]	@ 0x84
1000274c:	4638      	mov	r0, r7
1000274e:	464b      	mov	r3, r9
10002750:	9a07      	ldr	r2, [sp, #28]
10002752:	bf48      	it	mi
10002754:	4c30      	ldrmi	r4, [pc, #192]	@ (10002818 <_ftoa+0x310>)
10002756:	e9cd b222 	strd	fp, r2, [sp, #136]	@ 0x88
1000275a:	bf58      	it	pl
1000275c:	4c2f      	ldrpl	r4, [pc, #188]	@ (1000281c <_ftoa+0x314>)
1000275e:	9a0c      	ldr	r2, [sp, #48]	@ 0x30
10002760:	9420      	str	r4, [sp, #128]	@ 0x80
10002762:	b017      	add	sp, #92	@ 0x5c
10002764:	e8bd 4ff0 	ldmia.w	sp!, {r4, r5, r6, r7, r8, r9, sl, fp, lr}
10002768:	f7ff bd8c 	b.w	10002284 <_out_rev>
1000276c:	e9dd 2304 	ldrd	r2, r3, [sp, #16]
10002770:	2000      	movs	r0, #0
10002772:	2100      	movs	r1, #0
10002774:	f7ff fc56 	bl	10002024 <__wrap___aeabi_dsub>
10002778:	2301      	movs	r3, #1
1000277a:	e9cd 0104 	strd	r0, r1, [sp, #16]
1000277e:	930d      	str	r3, [sp, #52]	@ 0x34
10002780:	4623      	mov	r3, r4
10002782:	e70d      	b.n	100025a0 <_ftoa+0x98>
10002784:	4623      	mov	r3, r4
10002786:	079c      	lsls	r4, r3, #30
10002788:	f040 80aa 	bne.w	100028e0 <_ftoa+0x3d8>
1000278c:	f1bb 0f04 	cmp.w	fp, #4
10002790:	f240 80a6 	bls.w	100028e0 <_ftoa+0x3d8>
10002794:	9b0c      	ldr	r3, [sp, #48]	@ 0x30
10002796:	461d      	mov	r5, r3
10002798:	1f1c      	subs	r4, r3, #4
1000279a:	eb04 0a0b 	add.w	sl, r4, fp
1000279e:	462a      	mov	r2, r5
100027a0:	464b      	mov	r3, r9
100027a2:	4641      	mov	r1, r8
100027a4:	2020      	movs	r0, #32
100027a6:	3501      	adds	r5, #1
100027a8:	47b8      	blx	r7
100027aa:	45aa      	cmp	sl, r5
100027ac:	d1f7      	bne.n	1000279e <_ftoa+0x296>
100027ae:	4655      	mov	r5, sl
100027b0:	4c1b      	ldr	r4, [pc, #108]	@ (10002820 <_ftoa+0x318>)
100027b2:	1f26      	subs	r6, r4, #4
100027b4:	f814 0d01 	ldrb.w	r0, [r4, #-1]!
100027b8:	462a      	mov	r2, r5
100027ba:	464b      	mov	r3, r9
100027bc:	4641      	mov	r1, r8
100027be:	47b8      	blx	r7
100027c0:	42b4      	cmp	r4, r6
100027c2:	f105 0501 	add.w	r5, r5, #1
100027c6:	d1f5      	bne.n	100027b4 <_ftoa+0x2ac>
100027c8:	9b07      	ldr	r3, [sp, #28]
100027ca:	f10a 0a04 	add.w	sl, sl, #4
100027ce:	0798      	lsls	r0, r3, #30
100027d0:	d5a0      	bpl.n	10002714 <_ftoa+0x20c>
100027d2:	9c0c      	ldr	r4, [sp, #48]	@ 0x30
100027d4:	ebaa 0304 	sub.w	r3, sl, r4
100027d8:	459b      	cmp	fp, r3
100027da:	d99b      	bls.n	10002714 <_ftoa+0x20c>
100027dc:	4652      	mov	r2, sl
100027de:	464b      	mov	r3, r9
100027e0:	4641      	mov	r1, r8
100027e2:	2020      	movs	r0, #32
100027e4:	f10a 0a01 	add.w	sl, sl, #1
100027e8:	47b8      	blx	r7
100027ea:	ebaa 0304 	sub.w	r3, sl, r4
100027ee:	455b      	cmp	r3, fp
100027f0:	d3f4      	bcc.n	100027dc <_ftoa+0x2d4>
100027f2:	e78f      	b.n	10002714 <_ftoa+0x20c>
100027f4:	f3af 8000 	nop.w
100027f8:	00000000 	.word	0x00000000
100027fc:	41cdcd65 	.word	0x41cdcd65
10002800:	00000000 	.word	0x00000000
10002804:	c1cdcd65 	.word	0xc1cdcd65
10002808:	7fefffff 	.word	0x7fefffff
1000280c:	10006b90 	.word	0x10006b90
10002810:	3fe00000 	.word	0x3fe00000
10002814:	66666667 	.word	0x66666667
10002818:	10006a2c 	.word	0x10006a2c
1000281c:	10006a34 	.word	0x10006a34
10002820:	10006a40 	.word	0x10006a40
10002824:	cccccccd 	.word	0xcccccccd
10002828:	2200      	movs	r2, #0
1000282a:	e9dd 010a 	ldrd	r0, r1, [sp, #40]	@ 0x28
1000282e:	4b63      	ldr	r3, [pc, #396]	@ (100029bc <_ftoa+0x4b4>)
10002830:	f7ff fcda 	bl	100021e8 <__wrap___aeabi_dcmplt>
10002834:	2800      	cmp	r0, #0
10002836:	f47f af08 	bne.w	1000264a <_ftoa+0x142>
1000283a:	f1ba 0f00 	cmp.w	sl, #0
1000283e:	d16a      	bne.n	10002916 <_ftoa+0x40e>
10002840:	f10a 0a01 	add.w	sl, sl, #1
10002844:	2e00      	cmp	r6, #0
10002846:	f47f af03 	bne.w	10002650 <_ftoa+0x148>
1000284a:	4620      	mov	r0, r4
1000284c:	f7ff fc72 	bl	10002134 <__wrap___aeabi_i2d>
10002850:	4602      	mov	r2, r0
10002852:	460b      	mov	r3, r1
10002854:	e9dd 0104 	ldrd	r0, r1, [sp, #16]
10002858:	f7ff fbe4 	bl	10002024 <__wrap___aeabi_dsub>
1000285c:	4602      	mov	r2, r0
1000285e:	460b      	mov	r3, r1
10002860:	e9cd 2304 	strd	r2, r3, [sp, #16]
10002864:	2200      	movs	r2, #0
10002866:	4b55      	ldr	r3, [pc, #340]	@ (100029bc <_ftoa+0x4b4>)
10002868:	f7ff fcbe 	bl	100021e8 <__wrap___aeabi_dcmplt>
1000286c:	2800      	cmp	r0, #0
1000286e:	f47f af0c 	bne.w	1000268a <_ftoa+0x182>
10002872:	e9dd 0104 	ldrd	r0, r1, [sp, #16]
10002876:	2200      	movs	r2, #0
10002878:	4b50      	ldr	r3, [pc, #320]	@ (100029bc <_ftoa+0x4b4>)
1000287a:	f7ff fcf1 	bl	10002260 <__wrap___aeabi_dcmpgt>
1000287e:	2800      	cmp	r0, #0
10002880:	f47f af03 	bne.w	1000268a <_ftoa+0x182>
10002884:	3401      	adds	r4, #1
10002886:	f024 0401 	bic.w	r4, r4, #1
1000288a:	e6fe      	b.n	1000268a <_ftoa+0x182>
1000288c:	9b07      	ldr	r3, [sp, #28]
1000288e:	f003 0303 	and.w	r3, r3, #3
10002892:	2b01      	cmp	r3, #1
10002894:	f000 8082 	beq.w	1000299c <_ftoa+0x494>
10002898:	2d20      	cmp	r5, #32
1000289a:	f43f af2e 	beq.w	100026fa <_ftoa+0x1f2>
1000289e:	9b0d      	ldr	r3, [sp, #52]	@ 0x34
100028a0:	b37b      	cbz	r3, 10002902 <_ftoa+0x3fa>
100028a2:	222d      	movs	r2, #45	@ 0x2d
100028a4:	eb0d 0305 	add.w	r3, sp, r5
100028a8:	f883 2038 	strb.w	r2, [r3, #56]	@ 0x38
100028ac:	3501      	adds	r5, #1
100028ae:	e724      	b.n	100026fa <_ftoa+0x1f2>
100028b0:	2b20      	cmp	r3, #32
100028b2:	f43f aee9 	beq.w	10002688 <_ftoa+0x180>
100028b6:	aa0e      	add	r2, sp, #56	@ 0x38
100028b8:	4415      	add	r5, r2
100028ba:	441e      	add	r6, r3
100028bc:	2230      	movs	r2, #48	@ 0x30
100028be:	e004      	b.n	100028ca <_ftoa+0x3c2>
100028c0:	2b20      	cmp	r3, #32
100028c2:	f805 2f01 	strb.w	r2, [r5, #1]!
100028c6:	f43f aedf 	beq.w	10002688 <_ftoa+0x180>
100028ca:	429e      	cmp	r6, r3
100028cc:	f103 0301 	add.w	r3, r3, #1
100028d0:	d1f6      	bne.n	100028c0 <_ftoa+0x3b8>
100028d2:	222e      	movs	r2, #46	@ 0x2e
100028d4:	eb0d 0306 	add.w	r3, sp, r6
100028d8:	f883 2038 	strb.w	r2, [r3, #56]	@ 0x38
100028dc:	1c75      	adds	r5, r6, #1
100028de:	e6d4      	b.n	1000268a <_ftoa+0x182>
100028e0:	f8dd a030 	ldr.w	sl, [sp, #48]	@ 0x30
100028e4:	e763      	b.n	100027ae <_ftoa+0x2a6>
100028e6:	2520      	movs	r5, #32
100028e8:	e66e      	b.n	100025c8 <_ftoa+0xc0>
100028ea:	9b07      	ldr	r3, [sp, #28]
100028ec:	f013 0f0c 	tst.w	r3, #12
100028f0:	d050      	beq.n	10002994 <_ftoa+0x48c>
100028f2:	f10b 3bff 	add.w	fp, fp, #4294967295	@ 0xffffffff
100028f6:	45ab      	cmp	fp, r5
100028f8:	f63f aef2 	bhi.w	100026e0 <_ftoa+0x1d8>
100028fc:	2d20      	cmp	r5, #32
100028fe:	f43f aefc 	beq.w	100026fa <_ftoa+0x1f2>
10002902:	9b07      	ldr	r3, [sp, #28]
10002904:	075a      	lsls	r2, r3, #29
10002906:	d501      	bpl.n	1000290c <_ftoa+0x404>
10002908:	222b      	movs	r2, #43	@ 0x2b
1000290a:	e7cb      	b.n	100028a4 <_ftoa+0x39c>
1000290c:	071b      	lsls	r3, r3, #28
1000290e:	f57f aef4 	bpl.w	100026fa <_ftoa+0x1f2>
10002912:	2220      	movs	r2, #32
10002914:	e7c6      	b.n	100028a4 <_ftoa+0x39c>
10002916:	f01a 0f01 	tst.w	sl, #1
1000291a:	f43f ae96 	beq.w	1000264a <_ftoa+0x142>
1000291e:	e78f      	b.n	10002840 <_ftoa+0x338>
10002920:	07a6      	lsls	r6, r4, #30
10002922:	d134      	bne.n	1000298e <_ftoa+0x486>
10002924:	f1bb 0f03 	cmp.w	fp, #3
10002928:	d931      	bls.n	1000298e <_ftoa+0x486>
1000292a:	9b0c      	ldr	r3, [sp, #48]	@ 0x30
1000292c:	461d      	mov	r5, r3
1000292e:	1edc      	subs	r4, r3, #3
10002930:	eb04 0a0b 	add.w	sl, r4, fp
10002934:	462a      	mov	r2, r5
10002936:	464b      	mov	r3, r9
10002938:	4641      	mov	r1, r8
1000293a:	2020      	movs	r0, #32
1000293c:	3501      	adds	r5, #1
1000293e:	47b8      	blx	r7
10002940:	4555      	cmp	r5, sl
10002942:	d1f7      	bne.n	10002934 <_ftoa+0x42c>
10002944:	4655      	mov	r5, sl
10002946:	4c1e      	ldr	r4, [pc, #120]	@ (100029c0 <_ftoa+0x4b8>)
10002948:	1ee6      	subs	r6, r4, #3
1000294a:	f814 0d01 	ldrb.w	r0, [r4, #-1]!
1000294e:	462a      	mov	r2, r5
10002950:	464b      	mov	r3, r9
10002952:	4641      	mov	r1, r8
10002954:	47b8      	blx	r7
10002956:	42a6      	cmp	r6, r4
10002958:	f105 0501 	add.w	r5, r5, #1
1000295c:	d1f5      	bne.n	1000294a <_ftoa+0x442>
1000295e:	9b07      	ldr	r3, [sp, #28]
10002960:	f10a 0a03 	add.w	sl, sl, #3
10002964:	079d      	lsls	r5, r3, #30
10002966:	f57f aed5 	bpl.w	10002714 <_ftoa+0x20c>
1000296a:	9c0c      	ldr	r4, [sp, #48]	@ 0x30
1000296c:	ebaa 0304 	sub.w	r3, sl, r4
10002970:	459b      	cmp	fp, r3
10002972:	f67f aecf 	bls.w	10002714 <_ftoa+0x20c>
10002976:	4652      	mov	r2, sl
10002978:	464b      	mov	r3, r9
1000297a:	4641      	mov	r1, r8
1000297c:	2020      	movs	r0, #32
1000297e:	f10a 0a01 	add.w	sl, sl, #1
10002982:	47b8      	blx	r7
10002984:	ebaa 0304 	sub.w	r3, sl, r4
10002988:	459b      	cmp	fp, r3
1000298a:	d8f4      	bhi.n	10002976 <_ftoa+0x46e>
1000298c:	e6c2      	b.n	10002714 <_ftoa+0x20c>
1000298e:	f8dd a030 	ldr.w	sl, [sp, #48]	@ 0x30
10002992:	e7d7      	b.n	10002944 <_ftoa+0x43c>
10002994:	45ab      	cmp	fp, r5
10002996:	f63f aea3 	bhi.w	100026e0 <_ftoa+0x1d8>
1000299a:	e6ae      	b.n	100026fa <_ftoa+0x1f2>
1000299c:	f1bb 0f00 	cmp.w	fp, #0
100029a0:	f43f af7a 	beq.w	10002898 <_ftoa+0x390>
100029a4:	9b0d      	ldr	r3, [sp, #52]	@ 0x34
100029a6:	2b00      	cmp	r3, #0
100029a8:	d09f      	beq.n	100028ea <_ftoa+0x3e2>
100029aa:	f10b 3bff 	add.w	fp, fp, #4294967295	@ 0xffffffff
100029ae:	455d      	cmp	r5, fp
100029b0:	f4ff ae96 	bcc.w	100026e0 <_ftoa+0x1d8>
100029b4:	2d20      	cmp	r5, #32
100029b6:	f47f af74 	bne.w	100028a2 <_ftoa+0x39a>
100029ba:	e69e      	b.n	100026fa <_ftoa+0x1f2>
100029bc:	3fe00000 	.word	0x3fe00000
100029c0:	10006a3b 	.word	0x10006a3b
100029c4:	00000000 	.word	0x00000000

100029c8 <_etoa>:
100029c8:	e92d 4ff0 	stmdb	sp!, {r4, r5, r6, r7, r8, r9, sl, fp, lr}
100029cc:	b09f      	sub	sp, #124	@ 0x7c
100029ce:	9e2a      	ldr	r6, [sp, #168]	@ 0xa8
100029d0:	e9dd 4528 	ldrd	r4, r5, [sp, #160]	@ 0xa0
100029d4:	4607      	mov	r7, r0
100029d6:	4693      	mov	fp, r2
100029d8:	9108      	str	r1, [sp, #32]
100029da:	9309      	str	r3, [sp, #36]	@ 0x24
100029dc:	4622      	mov	r2, r4
100029de:	462b      	mov	r3, r5
100029e0:	4620      	mov	r0, r4
100029e2:	4629      	mov	r1, r5
100029e4:	960e      	str	r6, [sp, #56]	@ 0x38
100029e6:	e9dd a62b 	ldrd	sl, r6, [sp, #172]	@ 0xac
100029ea:	f7ff fbeb 	bl	100021c4 <__wrap___aeabi_dcmpun>
100029ee:	2800      	cmp	r0, #0
100029f0:	f040 80be 	bne.w	10002b70 <_etoa+0x1a8>
100029f4:	4620      	mov	r0, r4
100029f6:	4629      	mov	r1, r5
100029f8:	f04f 32ff 	mov.w	r2, #4294967295	@ 0xffffffff
100029fc:	4b78      	ldr	r3, [pc, #480]	@ (10002be0 <_etoa+0x218>)
100029fe:	f7ff fc2f 	bl	10002260 <__wrap___aeabi_dcmpgt>
10002a02:	2800      	cmp	r0, #0
10002a04:	f040 80b4 	bne.w	10002b70 <_etoa+0x1a8>
10002a08:	4620      	mov	r0, r4
10002a0a:	4629      	mov	r1, r5
10002a0c:	f04f 32ff 	mov.w	r2, #4294967295	@ 0xffffffff
10002a10:	f46f 1380 	mvn.w	r3, #1048576	@ 0x100000
10002a14:	f7ff fbe8 	bl	100021e8 <__wrap___aeabi_dcmplt>
10002a18:	2800      	cmp	r0, #0
10002a1a:	f040 80a9 	bne.w	10002b70 <_etoa+0x1a8>
10002a1e:	4620      	mov	r0, r4
10002a20:	4629      	mov	r1, r5
10002a22:	2200      	movs	r2, #0
10002a24:	2300      	movs	r3, #0
10002a26:	f7ff fbdf 	bl	100021e8 <__wrap___aeabi_dcmplt>
10002a2a:	2800      	cmp	r0, #0
10002a2c:	f040 81d5 	bne.w	10002dda <_etoa+0x412>
10002a30:	e9cd 450a 	strd	r4, r5, [sp, #40]	@ 0x28
10002a34:	e9dd 230a 	ldrd	r2, r3, [sp, #40]	@ 0x28
10002a38:	4690      	mov	r8, r2
10002a3a:	4699      	mov	r9, r3
10002a3c:	f406 6200 	and.w	r2, r6, #2048	@ 0x800
10002a40:	f416 6380 	ands.w	r3, r6, #1024	@ 0x400
10002a44:	920f      	str	r2, [sp, #60]	@ 0x3c
10002a46:	9313      	str	r3, [sp, #76]	@ 0x4c
10002a48:	f040 80a1 	bne.w	10002b8e <_etoa+0x1c6>
10002a4c:	ea58 0309 	orrs.w	r3, r8, r9
10002a50:	f040 80ca 	bne.w	10002be8 <_etoa+0x220>
10002a54:	2a00      	cmp	r2, #0
10002a56:	f040 81e3 	bne.w	10002e20 <_etoa+0x458>
10002a5a:	2306      	movs	r3, #6
10002a5c:	930e      	str	r3, [sp, #56]	@ 0x38
10002a5e:	f016 0202 	ands.w	r2, r6, #2
10002a62:	9210      	str	r2, [sp, #64]	@ 0x40
10002a64:	f040 81d4 	bne.w	10002e10 <_etoa+0x448>
10002a68:	4653      	mov	r3, sl
10002a6a:	2b04      	cmp	r3, #4
10002a6c:	bf38      	it	cc
10002a6e:	2304      	movcc	r3, #4
10002a70:	920c      	str	r2, [sp, #48]	@ 0x30
10002a72:	2204      	movs	r2, #4
10002a74:	3b04      	subs	r3, #4
10002a76:	9212      	str	r2, [sp, #72]	@ 0x48
10002a78:	930f      	str	r3, [sp, #60]	@ 0x3c
10002a7a:	4620      	mov	r0, r4
10002a7c:	4629      	mov	r1, r5
10002a7e:	2200      	movs	r2, #0
10002a80:	2300      	movs	r3, #0
10002a82:	f7ff fbb1 	bl	100021e8 <__wrap___aeabi_dcmplt>
10002a86:	2800      	cmp	r0, #0
10002a88:	f040 81f3 	bne.w	10002e72 <_etoa+0x4aa>
10002a8c:	ed9d 7b0a 	vldr	d7, [sp, #40]	@ 0x28
10002a90:	9b0f      	ldr	r3, [sp, #60]	@ 0x3c
10002a92:	465a      	mov	r2, fp
10002a94:	9303      	str	r3, [sp, #12]
10002a96:	9b0e      	ldr	r3, [sp, #56]	@ 0x38
10002a98:	ed8d 7b00 	vstr	d7, [sp]
10002a9c:	9302      	str	r3, [sp, #8]
10002a9e:	f426 6300 	bic.w	r3, r6, #2048	@ 0x800
10002aa2:	9304      	str	r3, [sp, #16]
10002aa4:	4638      	mov	r0, r7
10002aa6:	9b09      	ldr	r3, [sp, #36]	@ 0x24
10002aa8:	9908      	ldr	r1, [sp, #32]
10002aaa:	f7ff fd2d 	bl	10002508 <_ftoa>
10002aae:	4602      	mov	r2, r0
10002ab0:	f016 0f20 	tst.w	r6, #32
10002ab4:	9b09      	ldr	r3, [sp, #36]	@ 0x24
10002ab6:	9908      	ldr	r1, [sp, #32]
10002ab8:	bf0c      	ite	eq
10002aba:	2065      	moveq	r0, #101	@ 0x65
10002abc:	2045      	movne	r0, #69	@ 0x45
10002abe:	f102 0801 	add.w	r8, r2, #1
10002ac2:	47b8      	blx	r7
10002ac4:	9a0c      	ldr	r2, [sp, #48]	@ 0x30
10002ac6:	9b12      	ldr	r3, [sp, #72]	@ 0x48
10002ac8:	ac16      	add	r4, sp, #88	@ 0x58
10002aca:	1e5d      	subs	r5, r3, #1
10002acc:	ea82 73e2 	eor.w	r3, r2, r2, asr #31
10002ad0:	eba3 73e2 	sub.w	r3, r3, r2, asr #31
10002ad4:	0fd1      	lsrs	r1, r2, #31
10002ad6:	2600      	movs	r6, #0
10002ad8:	4622      	mov	r2, r4
10002ada:	4699      	mov	r9, r3
10002adc:	f8df c104 	ldr.w	ip, [pc, #260]	@ 10002be4 <_etoa+0x21c>
10002ae0:	e001      	b.n	10002ae6 <_etoa+0x11e>
10002ae2:	2e20      	cmp	r6, #32
10002ae4:	d010      	beq.n	10002b08 <_etoa+0x140>
10002ae6:	46ce      	mov	lr, r9
10002ae8:	fbac 3009 	umull	r3, r0, ip, r9
10002aec:	08c0      	lsrs	r0, r0, #3
10002aee:	eb00 0380 	add.w	r3, r0, r0, lsl #2
10002af2:	eba9 0343 	sub.w	r3, r9, r3, lsl #1
10002af6:	3330      	adds	r3, #48	@ 0x30
10002af8:	f1be 0f09 	cmp.w	lr, #9
10002afc:	4681      	mov	r9, r0
10002afe:	f106 0601 	add.w	r6, r6, #1
10002b02:	f802 3b01 	strb.w	r3, [r2], #1
10002b06:	d8ec      	bhi.n	10002ae2 <_etoa+0x11a>
10002b08:	2305      	movs	r3, #5
10002b0a:	2000      	movs	r0, #0
10002b0c:	9306      	str	r3, [sp, #24]
10002b0e:	230a      	movs	r3, #10
10002b10:	9505      	str	r5, [sp, #20]
10002b12:	9400      	str	r4, [sp, #0]
10002b14:	9d09      	ldr	r5, [sp, #36]	@ 0x24
10002b16:	9c08      	ldr	r4, [sp, #32]
10002b18:	4642      	mov	r2, r8
10002b1a:	e9cd 3003 	strd	r3, r0, [sp, #12]
10002b1e:	e9cd 6101 	strd	r6, r1, [sp, #4]
10002b22:	462b      	mov	r3, r5
10002b24:	4621      	mov	r1, r4
10002b26:	4638      	mov	r0, r7
10002b28:	f7ff fbfa 	bl	10002320 <_ntoa_format>
10002b2c:	9a10      	ldr	r2, [sp, #64]	@ 0x40
10002b2e:	4680      	mov	r8, r0
10002b30:	b1d2      	cbz	r2, 10002b68 <_etoa+0x1a0>
10002b32:	eba0 060b 	sub.w	r6, r0, fp
10002b36:	45b2      	cmp	sl, r6
10002b38:	d916      	bls.n	10002b68 <_etoa+0x1a0>
10002b3a:	eb0b 0206 	add.w	r2, fp, r6
10002b3e:	462b      	mov	r3, r5
10002b40:	4621      	mov	r1, r4
10002b42:	2020      	movs	r0, #32
10002b44:	3601      	adds	r6, #1
10002b46:	47b8      	blx	r7
10002b48:	45b2      	cmp	sl, r6
10002b4a:	d8f6      	bhi.n	10002b3a <_etoa+0x172>
10002b4c:	f10b 33ff 	add.w	r3, fp, #4294967295	@ 0xffffffff
10002b50:	4453      	add	r3, sl
10002b52:	f1cb 0201 	rsb	r2, fp, #1
10002b56:	eba3 0308 	sub.w	r3, r3, r8
10002b5a:	4442      	add	r2, r8
10002b5c:	4592      	cmp	sl, r2
10002b5e:	bf38      	it	cc
10002b60:	2300      	movcc	r3, #0
10002b62:	f108 0801 	add.w	r8, r8, #1
10002b66:	4498      	add	r8, r3
10002b68:	4640      	mov	r0, r8
10002b6a:	b01f      	add	sp, #124	@ 0x7c
10002b6c:	e8bd 8ff0 	ldmia.w	sp!, {r4, r5, r6, r7, r8, r9, sl, fp, pc}
10002b70:	465a      	mov	r2, fp
10002b72:	4638      	mov	r0, r7
10002b74:	e9cd 4528 	strd	r4, r5, [sp, #160]	@ 0xa0
10002b78:	e9cd a62b 	strd	sl, r6, [sp, #172]	@ 0xac
10002b7c:	9c0e      	ldr	r4, [sp, #56]	@ 0x38
10002b7e:	9b09      	ldr	r3, [sp, #36]	@ 0x24
10002b80:	9908      	ldr	r1, [sp, #32]
10002b82:	942a      	str	r4, [sp, #168]	@ 0xa8
10002b84:	b01f      	add	sp, #124	@ 0x7c
10002b86:	e8bd 4ff0 	ldmia.w	sp!, {r4, r5, r6, r7, r8, r9, sl, fp, lr}
10002b8a:	f7ff bcbd 	b.w	10002508 <_ftoa>
10002b8e:	ea58 0309 	orrs.w	r3, r8, r9
10002b92:	d12b      	bne.n	10002bec <_etoa+0x224>
10002b94:	2a00      	cmp	r2, #0
10002b96:	f43f af62 	beq.w	10002a5e <_etoa+0x96>
10002b9a:	2300      	movs	r3, #0
10002b9c:	930c      	str	r3, [sp, #48]	@ 0x30
10002b9e:	9b0e      	ldr	r3, [sp, #56]	@ 0x38
10002ba0:	9a0c      	ldr	r2, [sp, #48]	@ 0x30
10002ba2:	4293      	cmp	r3, r2
10002ba4:	f300 81b9 	bgt.w	10002f1a <_etoa+0x552>
10002ba8:	f04f 0800 	mov.w	r8, #0
10002bac:	4620      	mov	r0, r4
10002bae:	4629      	mov	r1, r5
10002bb0:	2200      	movs	r2, #0
10002bb2:	2300      	movs	r3, #0
10002bb4:	f7ff fb18 	bl	100021e8 <__wrap___aeabi_dcmplt>
10002bb8:	2800      	cmp	r0, #0
10002bba:	f040 8113 	bne.w	10002de4 <_etoa+0x41c>
10002bbe:	ed9d 7b0a 	vldr	d7, [sp, #40]	@ 0x28
10002bc2:	f426 6600 	bic.w	r6, r6, #2048	@ 0x800
10002bc6:	f446 6680 	orr.w	r6, r6, #1024	@ 0x400
10002bca:	ed8d 7b28 	vstr	d7, [sp, #160]	@ 0xa0
10002bce:	465a      	mov	r2, fp
10002bd0:	4638      	mov	r0, r7
10002bd2:	e9cd 8a2a 	strd	r8, sl, [sp, #168]	@ 0xa8
10002bd6:	9b09      	ldr	r3, [sp, #36]	@ 0x24
10002bd8:	9908      	ldr	r1, [sp, #32]
10002bda:	962c      	str	r6, [sp, #176]	@ 0xb0
10002bdc:	e7d2      	b.n	10002b84 <_etoa+0x1bc>
10002bde:	bf00      	nop
10002be0:	7fefffff 	.word	0x7fefffff
10002be4:	cccccccd 	.word	0xcccccccd
10002be8:	2306      	movs	r3, #6
10002bea:	930e      	str	r3, [sp, #56]	@ 0x38
10002bec:	f3c9 500a 	ubfx	r0, r9, #20, #11
10002bf0:	f2a0 30ff 	subw	r0, r0, #1023	@ 0x3ff
10002bf4:	f7ff fa9e 	bl	10002134 <__wrap___aeabi_i2d>
10002bf8:	a3c1      	add	r3, pc, #772	@ (adr r3, 10002f00 <_etoa+0x538>)
10002bfa:	e9d3 2300 	ldrd	r2, r3, [r3]
10002bfe:	f7ff fa25 	bl	1000204c <__wrap___aeabi_dmul>
10002c02:	a3c1      	add	r3, pc, #772	@ (adr r3, 10002f08 <_etoa+0x540>)
10002c04:	e9d3 2300 	ldrd	r2, r3, [r3]
10002c08:	f7ff f9f8 	bl	10001ffc <__wrap___aeabi_dadd>
10002c0c:	f3c9 0913 	ubfx	r9, r9, #0, #20
10002c10:	e9cd 010c 	strd	r0, r1, [sp, #48]	@ 0x30
10002c14:	f049 517f 	orr.w	r1, r9, #1069547520	@ 0x3fc00000
10002c18:	4640      	mov	r0, r8
10002c1a:	2200      	movs	r2, #0
10002c1c:	4bb2      	ldr	r3, [pc, #712]	@ (10002ee8 <_etoa+0x520>)
10002c1e:	f441 1140 	orr.w	r1, r1, #3145728	@ 0x300000
10002c22:	f7ff f9ff 	bl	10002024 <__wrap___aeabi_dsub>
10002c26:	a3a4      	add	r3, pc, #656	@ (adr r3, 10002eb8 <_etoa+0x4f0>)
10002c28:	e9d3 2300 	ldrd	r2, r3, [r3]
10002c2c:	f7ff fa0e 	bl	1000204c <__wrap___aeabi_dmul>
10002c30:	4602      	mov	r2, r0
10002c32:	460b      	mov	r3, r1
10002c34:	e9dd 010c 	ldrd	r0, r1, [sp, #48]	@ 0x30
10002c38:	f7ff f9e0 	bl	10001ffc <__wrap___aeabi_dadd>
10002c3c:	f7ff fa9e 	bl	1000217c <__wrap___aeabi_d2iz>
10002c40:	900c      	str	r0, [sp, #48]	@ 0x30
10002c42:	f7ff fa77 	bl	10002134 <__wrap___aeabi_i2d>
10002c46:	a39e      	add	r3, pc, #632	@ (adr r3, 10002ec0 <_etoa+0x4f8>)
10002c48:	e9d3 2300 	ldrd	r2, r3, [r3]
10002c4c:	4680      	mov	r8, r0
10002c4e:	4689      	mov	r9, r1
10002c50:	f7ff f9fc 	bl	1000204c <__wrap___aeabi_dmul>
10002c54:	2200      	movs	r2, #0
10002c56:	4ba5      	ldr	r3, [pc, #660]	@ (10002eec <_etoa+0x524>)
10002c58:	f7ff f9d0 	bl	10001ffc <__wrap___aeabi_dadd>
10002c5c:	f7ff fa8e 	bl	1000217c <__wrap___aeabi_d2iz>
10002c60:	4603      	mov	r3, r0
10002c62:	4649      	mov	r1, r9
10002c64:	4640      	mov	r0, r8
10002c66:	9312      	str	r3, [sp, #72]	@ 0x48
10002c68:	a397      	add	r3, pc, #604	@ (adr r3, 10002ec8 <_etoa+0x500>)
10002c6a:	e9d3 2300 	ldrd	r2, r3, [r3]
10002c6e:	f7ff f9ed 	bl	1000204c <__wrap___aeabi_dmul>
10002c72:	4680      	mov	r8, r0
10002c74:	9812      	ldr	r0, [sp, #72]	@ 0x48
10002c76:	4689      	mov	r9, r1
10002c78:	f7ff fa5c 	bl	10002134 <__wrap___aeabi_i2d>
10002c7c:	a394      	add	r3, pc, #592	@ (adr r3, 10002ed0 <_etoa+0x508>)
10002c7e:	e9d3 2300 	ldrd	r2, r3, [r3]
10002c82:	f7ff f9e3 	bl	1000204c <__wrap___aeabi_dmul>
10002c86:	4602      	mov	r2, r0
10002c88:	460b      	mov	r3, r1
10002c8a:	4640      	mov	r0, r8
10002c8c:	4649      	mov	r1, r9
10002c8e:	f7ff f9c9 	bl	10002024 <__wrap___aeabi_dsub>
10002c92:	4602      	mov	r2, r0
10002c94:	460b      	mov	r3, r1
10002c96:	4680      	mov	r8, r0
10002c98:	4689      	mov	r9, r1
10002c9a:	f7ff f9d7 	bl	1000204c <__wrap___aeabi_dmul>
10002c9e:	4642      	mov	r2, r8
10002ca0:	464b      	mov	r3, r9
10002ca2:	e9cd 0110 	strd	r0, r1, [sp, #64]	@ 0x40
10002ca6:	4640      	mov	r0, r8
10002ca8:	4649      	mov	r1, r9
10002caa:	f7ff f9a7 	bl	10001ffc <__wrap___aeabi_dadd>
10002cae:	2200      	movs	r2, #0
10002cb0:	e9cd 0114 	strd	r0, r1, [sp, #80]	@ 0x50
10002cb4:	e9dd 0110 	ldrd	r0, r1, [sp, #64]	@ 0x40
10002cb8:	4b8d      	ldr	r3, [pc, #564]	@ (10002ef0 <_etoa+0x528>)
10002cba:	f7ff f9ed 	bl	10002098 <__wrap___aeabi_ddiv>
10002cbe:	2200      	movs	r2, #0
10002cc0:	4b8c      	ldr	r3, [pc, #560]	@ (10002ef4 <_etoa+0x52c>)
10002cc2:	f7ff f99b 	bl	10001ffc <__wrap___aeabi_dadd>
10002cc6:	4602      	mov	r2, r0
10002cc8:	460b      	mov	r3, r1
10002cca:	e9dd 0110 	ldrd	r0, r1, [sp, #64]	@ 0x40
10002cce:	f7ff f9e3 	bl	10002098 <__wrap___aeabi_ddiv>
10002cd2:	2200      	movs	r2, #0
10002cd4:	4b88      	ldr	r3, [pc, #544]	@ (10002ef8 <_etoa+0x530>)
10002cd6:	f7ff f991 	bl	10001ffc <__wrap___aeabi_dadd>
10002cda:	4602      	mov	r2, r0
10002cdc:	460b      	mov	r3, r1
10002cde:	e9dd 0110 	ldrd	r0, r1, [sp, #64]	@ 0x40
10002ce2:	f7ff f9d9 	bl	10002098 <__wrap___aeabi_ddiv>
10002ce6:	4642      	mov	r2, r8
10002ce8:	464b      	mov	r3, r9
10002cea:	4680      	mov	r8, r0
10002cec:	4689      	mov	r9, r1
10002cee:	2000      	movs	r0, #0
10002cf0:	f04f 4180 	mov.w	r1, #1073741824	@ 0x40000000
10002cf4:	f7ff f996 	bl	10002024 <__wrap___aeabi_dsub>
10002cf8:	4602      	mov	r2, r0
10002cfa:	460b      	mov	r3, r1
10002cfc:	4640      	mov	r0, r8
10002cfe:	4649      	mov	r1, r9
10002d00:	f7ff f97c 	bl	10001ffc <__wrap___aeabi_dadd>
10002d04:	4602      	mov	r2, r0
10002d06:	460b      	mov	r3, r1
10002d08:	e9dd 0114 	ldrd	r0, r1, [sp, #80]	@ 0x50
10002d0c:	f7ff f9c4 	bl	10002098 <__wrap___aeabi_ddiv>
10002d10:	2200      	movs	r2, #0
10002d12:	4b7a      	ldr	r3, [pc, #488]	@ (10002efc <_etoa+0x534>)
10002d14:	f7ff f972 	bl	10001ffc <__wrap___aeabi_dadd>
10002d18:	9b12      	ldr	r3, [sp, #72]	@ 0x48
10002d1a:	2200      	movs	r2, #0
10002d1c:	f203 3cff 	addw	ip, r3, #1023	@ 0x3ff
10002d20:	ea4f 530c 	mov.w	r3, ip, lsl #20
10002d24:	f7ff f992 	bl	1000204c <__wrap___aeabi_dmul>
10002d28:	4680      	mov	r8, r0
10002d2a:	4689      	mov	r9, r1
10002d2c:	e9dd 010a 	ldrd	r0, r1, [sp, #40]	@ 0x28
10002d30:	4642      	mov	r2, r8
10002d32:	464b      	mov	r3, r9
10002d34:	f7ff fa58 	bl	100021e8 <__wrap___aeabi_dcmplt>
10002d38:	b150      	cbz	r0, 10002d50 <_etoa+0x388>
10002d3a:	9b0c      	ldr	r3, [sp, #48]	@ 0x30
10002d3c:	4640      	mov	r0, r8
10002d3e:	3b01      	subs	r3, #1
10002d40:	4649      	mov	r1, r9
10002d42:	930c      	str	r3, [sp, #48]	@ 0x30
10002d44:	2200      	movs	r2, #0
10002d46:	4b6b      	ldr	r3, [pc, #428]	@ (10002ef4 <_etoa+0x52c>)
10002d48:	f7ff f9a6 	bl	10002098 <__wrap___aeabi_ddiv>
10002d4c:	4680      	mov	r8, r0
10002d4e:	4689      	mov	r9, r1
10002d50:	9a0c      	ldr	r2, [sp, #48]	@ 0x30
10002d52:	4643      	mov	r3, r8
10002d54:	3263      	adds	r2, #99	@ 0x63
10002d56:	2ac6      	cmp	r2, #198	@ 0xc6
10002d58:	f006 0202 	and.w	r2, r6, #2
10002d5c:	9210      	str	r2, [sp, #64]	@ 0x40
10002d5e:	4649      	mov	r1, r9
10002d60:	9a0f      	ldr	r2, [sp, #60]	@ 0x3c
10002d62:	d82c      	bhi.n	10002dbe <_etoa+0x3f6>
10002d64:	2a00      	cmp	r2, #0
10002d66:	d05e      	beq.n	10002e26 <_etoa+0x45e>
10002d68:	2204      	movs	r2, #4
10002d6a:	9212      	str	r2, [sp, #72]	@ 0x48
10002d6c:	430b      	orrs	r3, r1
10002d6e:	f43f af16 	beq.w	10002b9e <_etoa+0x1d6>
10002d72:	e9dd 010a 	ldrd	r0, r1, [sp, #40]	@ 0x28
10002d76:	a358      	add	r3, pc, #352	@ (adr r3, 10002ed8 <_etoa+0x510>)
10002d78:	e9d3 2300 	ldrd	r2, r3, [r3]
10002d7c:	f7ff fa5c 	bl	10002238 <__wrap___aeabi_dcmpge>
10002d80:	b148      	cbz	r0, 10002d96 <_etoa+0x3ce>
10002d82:	e9dd 010a 	ldrd	r0, r1, [sp, #40]	@ 0x28
10002d86:	a356      	add	r3, pc, #344	@ (adr r3, 10002ee0 <_etoa+0x518>)
10002d88:	e9d3 2300 	ldrd	r2, r3, [r3]
10002d8c:	f7ff fa2c 	bl	100021e8 <__wrap___aeabi_dcmplt>
10002d90:	2800      	cmp	r0, #0
10002d92:	f47f af04 	bne.w	10002b9e <_etoa+0x1d6>
10002d96:	9b0e      	ldr	r3, [sp, #56]	@ 0x38
10002d98:	2b00      	cmp	r3, #0
10002d9a:	d050      	beq.n	10002e3e <_etoa+0x476>
10002d9c:	9a13      	ldr	r2, [sp, #76]	@ 0x4c
10002d9e:	2a00      	cmp	r2, #0
10002da0:	d07d      	beq.n	10002e9e <_etoa+0x4d6>
10002da2:	3b01      	subs	r3, #1
10002da4:	930e      	str	r3, [sp, #56]	@ 0x38
10002da6:	9b12      	ldr	r3, [sp, #72]	@ 0x48
10002da8:	459a      	cmp	sl, r3
10002daa:	d905      	bls.n	10002db8 <_etoa+0x3f0>
10002dac:	9b10      	ldr	r3, [sp, #64]	@ 0x40
10002dae:	2b00      	cmp	r3, #0
10002db0:	f000 80ae 	beq.w	10002f10 <_etoa+0x548>
10002db4:	2302      	movs	r3, #2
10002db6:	9310      	str	r3, [sp, #64]	@ 0x40
10002db8:	2300      	movs	r3, #0
10002dba:	930f      	str	r3, [sp, #60]	@ 0x3c
10002dbc:	e044      	b.n	10002e48 <_etoa+0x480>
10002dbe:	bb22      	cbnz	r2, 10002e0a <_etoa+0x442>
10002dc0:	f1ba 0f05 	cmp.w	sl, #5
10002dc4:	d94f      	bls.n	10002e66 <_etoa+0x49e>
10002dc6:	f006 0302 	and.w	r3, r6, #2
10002dca:	2b00      	cmp	r3, #0
10002dcc:	d149      	bne.n	10002e62 <_etoa+0x49a>
10002dce:	2305      	movs	r3, #5
10002dd0:	9312      	str	r3, [sp, #72]	@ 0x48
10002dd2:	f1aa 0305 	sub.w	r3, sl, #5
10002dd6:	930f      	str	r3, [sp, #60]	@ 0x3c
10002dd8:	e03a      	b.n	10002e50 <_etoa+0x488>
10002dda:	f105 4300 	add.w	r3, r5, #2147483648	@ 0x80000000
10002dde:	940a      	str	r4, [sp, #40]	@ 0x28
10002de0:	930b      	str	r3, [sp, #44]	@ 0x2c
10002de2:	e627      	b.n	10002a34 <_etoa+0x6c>
10002de4:	f426 6600 	bic.w	r6, r6, #2048	@ 0x800
10002de8:	f446 6680 	orr.w	r6, r6, #1024	@ 0x400
10002dec:	4638      	mov	r0, r7
10002dee:	962c      	str	r6, [sp, #176]	@ 0xb0
10002df0:	e9dd 670a 	ldrd	r6, r7, [sp, #40]	@ 0x28
10002df4:	4634      	mov	r4, r6
10002df6:	f107 4500 	add.w	r5, r7, #2147483648	@ 0x80000000
10002dfa:	465a      	mov	r2, fp
10002dfc:	e9cd 8a2a 	strd	r8, sl, [sp, #168]	@ 0xa8
10002e00:	e9cd 4528 	strd	r4, r5, [sp, #160]	@ 0xa0
10002e04:	9b09      	ldr	r3, [sp, #36]	@ 0x24
10002e06:	9908      	ldr	r1, [sp, #32]
10002e08:	e6bc      	b.n	10002b84 <_etoa+0x1bc>
10002e0a:	2205      	movs	r2, #5
10002e0c:	9212      	str	r2, [sp, #72]	@ 0x48
10002e0e:	e7ad      	b.n	10002d6c <_etoa+0x3a4>
10002e10:	2300      	movs	r3, #0
10002e12:	2202      	movs	r2, #2
10002e14:	e9cd 320f 	strd	r3, r2, [sp, #60]	@ 0x3c
10002e18:	2204      	movs	r2, #4
10002e1a:	930c      	str	r3, [sp, #48]	@ 0x30
10002e1c:	9212      	str	r2, [sp, #72]	@ 0x48
10002e1e:	e62c      	b.n	10002a7a <_etoa+0xb2>
10002e20:	f04f 0805 	mov.w	r8, #5
10002e24:	e6c2      	b.n	10002bac <_etoa+0x1e4>
10002e26:	f1ba 0f04 	cmp.w	sl, #4
10002e2a:	d91f      	bls.n	10002e6c <_etoa+0x4a4>
10002e2c:	9b10      	ldr	r3, [sp, #64]	@ 0x40
10002e2e:	2b00      	cmp	r3, #0
10002e30:	d178      	bne.n	10002f24 <_etoa+0x55c>
10002e32:	2304      	movs	r3, #4
10002e34:	9312      	str	r3, [sp, #72]	@ 0x48
10002e36:	f1aa 0304 	sub.w	r3, sl, #4
10002e3a:	930f      	str	r3, [sp, #60]	@ 0x3c
10002e3c:	e004      	b.n	10002e48 <_etoa+0x480>
10002e3e:	9b12      	ldr	r3, [sp, #72]	@ 0x48
10002e40:	459a      	cmp	sl, r3
10002e42:	d831      	bhi.n	10002ea8 <_etoa+0x4e0>
10002e44:	9b0e      	ldr	r3, [sp, #56]	@ 0x38
10002e46:	930f      	str	r3, [sp, #60]	@ 0x3c
10002e48:	9b0c      	ldr	r3, [sp, #48]	@ 0x30
10002e4a:	2b00      	cmp	r3, #0
10002e4c:	f43f ae15 	beq.w	10002a7a <_etoa+0xb2>
10002e50:	e9dd 010a 	ldrd	r0, r1, [sp, #40]	@ 0x28
10002e54:	4642      	mov	r2, r8
10002e56:	464b      	mov	r3, r9
10002e58:	f7ff f91e 	bl	10002098 <__wrap___aeabi_ddiv>
10002e5c:	e9cd 010a 	strd	r0, r1, [sp, #40]	@ 0x28
10002e60:	e60b      	b.n	10002a7a <_etoa+0xb2>
10002e62:	2302      	movs	r3, #2
10002e64:	9310      	str	r3, [sp, #64]	@ 0x40
10002e66:	2305      	movs	r3, #5
10002e68:	9312      	str	r3, [sp, #72]	@ 0x48
10002e6a:	e7f1      	b.n	10002e50 <_etoa+0x488>
10002e6c:	2304      	movs	r3, #4
10002e6e:	9312      	str	r3, [sp, #72]	@ 0x48
10002e70:	e7ea      	b.n	10002e48 <_etoa+0x480>
10002e72:	e9dd 450a 	ldrd	r4, r5, [sp, #40]	@ 0x28
10002e76:	46a0      	mov	r8, r4
10002e78:	9b0f      	ldr	r3, [sp, #60]	@ 0x3c
10002e7a:	f105 4900 	add.w	r9, r5, #2147483648	@ 0x80000000
10002e7e:	9303      	str	r3, [sp, #12]
10002e80:	9b0e      	ldr	r3, [sp, #56]	@ 0x38
10002e82:	465a      	mov	r2, fp
10002e84:	9302      	str	r3, [sp, #8]
10002e86:	f426 6300 	bic.w	r3, r6, #2048	@ 0x800
10002e8a:	9304      	str	r3, [sp, #16]
10002e8c:	4638      	mov	r0, r7
10002e8e:	e9cd 8900 	strd	r8, r9, [sp]
10002e92:	9b09      	ldr	r3, [sp, #36]	@ 0x24
10002e94:	9908      	ldr	r1, [sp, #32]
10002e96:	f7ff fb37 	bl	10002508 <_ftoa>
10002e9a:	4602      	mov	r2, r0
10002e9c:	e608      	b.n	10002ab0 <_etoa+0xe8>
10002e9e:	9b12      	ldr	r3, [sp, #72]	@ 0x48
10002ea0:	459a      	cmp	sl, r3
10002ea2:	d844      	bhi.n	10002f2e <_etoa+0x566>
10002ea4:	920f      	str	r2, [sp, #60]	@ 0x3c
10002ea6:	e7cf      	b.n	10002e48 <_etoa+0x480>
10002ea8:	9b10      	ldr	r3, [sp, #64]	@ 0x40
10002eaa:	b38b      	cbz	r3, 10002f10 <_etoa+0x548>
10002eac:	9b0e      	ldr	r3, [sp, #56]	@ 0x38
10002eae:	930f      	str	r3, [sp, #60]	@ 0x3c
10002eb0:	2302      	movs	r3, #2
10002eb2:	9310      	str	r3, [sp, #64]	@ 0x40
10002eb4:	e7c8      	b.n	10002e48 <_etoa+0x480>
10002eb6:	bf00      	nop
10002eb8:	636f4361 	.word	0x636f4361
10002ebc:	3fd287a7 	.word	0x3fd287a7
10002ec0:	0979a371 	.word	0x0979a371
10002ec4:	400a934f 	.word	0x400a934f
10002ec8:	bbb55516 	.word	0xbbb55516
10002ecc:	40026bb1 	.word	0x40026bb1
10002ed0:	fefa39ef 	.word	0xfefa39ef
10002ed4:	3fe62e42 	.word	0x3fe62e42
10002ed8:	eb1c432d 	.word	0xeb1c432d
10002edc:	3f1a36e2 	.word	0x3f1a36e2
10002ee0:	00000000 	.word	0x00000000
10002ee4:	412e8480 	.word	0x412e8480
10002ee8:	3ff80000 	.word	0x3ff80000
10002eec:	3fe00000 	.word	0x3fe00000
10002ef0:	402c0000 	.word	0x402c0000
10002ef4:	40240000 	.word	0x40240000
10002ef8:	40180000 	.word	0x40180000
10002efc:	3ff00000 	.word	0x3ff00000
10002f00:	509f79fb 	.word	0x509f79fb
10002f04:	3fd34413 	.word	0x3fd34413
10002f08:	8b60c8b3 	.word	0x8b60c8b3
10002f0c:	3fc68a28 	.word	0x3fc68a28
10002f10:	9b12      	ldr	r3, [sp, #72]	@ 0x48
10002f12:	ebaa 0303 	sub.w	r3, sl, r3
10002f16:	930f      	str	r3, [sp, #60]	@ 0x3c
10002f18:	e796      	b.n	10002e48 <_etoa+0x480>
10002f1a:	eba3 0802 	sub.w	r8, r3, r2
10002f1e:	f108 38ff 	add.w	r8, r8, #4294967295	@ 0xffffffff
10002f22:	e643      	b.n	10002bac <_etoa+0x1e4>
10002f24:	2304      	movs	r3, #4
10002f26:	9312      	str	r3, [sp, #72]	@ 0x48
10002f28:	2302      	movs	r3, #2
10002f2a:	9310      	str	r3, [sp, #64]	@ 0x40
10002f2c:	e78c      	b.n	10002e48 <_etoa+0x480>
10002f2e:	9b10      	ldr	r3, [sp, #64]	@ 0x40
10002f30:	2b00      	cmp	r3, #0
10002f32:	d0ed      	beq.n	10002f10 <_etoa+0x548>
10002f34:	2302      	movs	r3, #2
10002f36:	920f      	str	r2, [sp, #60]	@ 0x3c
10002f38:	9310      	str	r3, [sp, #64]	@ 0x40
10002f3a:	e785      	b.n	10002e48 <_etoa+0x480>

10002f3c <_vsnprintf>:
10002f3c:	e92d 4ff0 	stmdb	sp!, {r4, r5, r6, r7, r8, r9, sl, fp, lr}
10002f40:	b09b      	sub	sp, #108	@ 0x6c
10002f42:	9c24      	ldr	r4, [sp, #144]	@ 0x90
10002f44:	4d95      	ldr	r5, [pc, #596]	@ (1000319c <_vsnprintf+0x260>)
10002f46:	940a      	str	r4, [sp, #40]	@ 0x28
10002f48:	4c95      	ldr	r4, [pc, #596]	@ (100031a0 <_vsnprintf+0x264>)
10002f4a:	f1b1 0a00 	subs.w	sl, r1, #0
10002f4e:	bf18      	it	ne
10002f50:	4683      	movne	fp, r0
10002f52:	6025      	str	r5, [r4, #0]
10002f54:	7818      	ldrb	r0, [r3, #0]
10002f56:	4c93      	ldr	r4, [pc, #588]	@ (100031a4 <_vsnprintf+0x268>)
10002f58:	4691      	mov	r9, r2
10002f5a:	bf08      	it	eq
10002f5c:	46a3      	moveq	fp, r4
10002f5e:	9309      	str	r3, [sp, #36]	@ 0x24
10002f60:	2800      	cmp	r0, #0
10002f62:	f000 8293 	beq.w	1000348c <_vsnprintf+0x550>
10002f66:	f04f 0800 	mov.w	r8, #0
10002f6a:	e00a      	b.n	10002f82 <_vsnprintf+0x46>
10002f6c:	4642      	mov	r2, r8
10002f6e:	464b      	mov	r3, r9
10002f70:	4651      	mov	r1, sl
10002f72:	f108 0801 	add.w	r8, r8, #1
10002f76:	47d8      	blx	fp
10002f78:	9b09      	ldr	r3, [sp, #36]	@ 0x24
10002f7a:	7818      	ldrb	r0, [r3, #0]
10002f7c:	2800      	cmp	r0, #0
10002f7e:	f000 80ce 	beq.w	1000311e <_vsnprintf+0x1e2>
10002f82:	9b09      	ldr	r3, [sp, #36]	@ 0x24
10002f84:	2825      	cmp	r0, #37	@ 0x25
10002f86:	f103 0301 	add.w	r3, r3, #1
10002f8a:	9309      	str	r3, [sp, #36]	@ 0x24
10002f8c:	d1ee      	bne.n	10002f6c <_vsnprintf+0x30>
10002f8e:	461c      	mov	r4, r3
10002f90:	2300      	movs	r3, #0
10002f92:	4622      	mov	r2, r4
10002f94:	f812 0b01 	ldrb.w	r0, [r2], #1
10002f98:	f1a0 0120 	sub.w	r1, r0, #32
10002f9c:	2910      	cmp	r1, #16
10002f9e:	d80a      	bhi.n	10002fb6 <_vsnprintf+0x7a>
10002fa0:	e8df f001 	tbb	[pc, r1]
10002fa4:	3c090940 	.word	0x3c090940
10002fa8:	09090909 	.word	0x09090909
10002fac:	38090909 	.word	0x38090909
10002fb0:	09093409 	.word	0x09093409
10002fb4:	30          	.byte	0x30
10002fb5:	00          	.byte	0x00
10002fb6:	f1a0 0130 	sub.w	r1, r0, #48	@ 0x30
10002fba:	2909      	cmp	r1, #9
10002fbc:	9409      	str	r4, [sp, #36]	@ 0x24
10002fbe:	f240 808a 	bls.w	100030d6 <_vsnprintf+0x19a>
10002fc2:	282a      	cmp	r0, #42	@ 0x2a
10002fc4:	f000 80f0 	beq.w	100031a8 <_vsnprintf+0x26c>
10002fc8:	2500      	movs	r5, #0
10002fca:	282e      	cmp	r0, #46	@ 0x2e
10002fcc:	f000 8096 	beq.w	100030fc <_vsnprintf+0x1c0>
10002fd0:	2600      	movs	r6, #0
10002fd2:	f1a0 0168 	sub.w	r1, r0, #104	@ 0x68
10002fd6:	2912      	cmp	r1, #18
10002fd8:	d82d      	bhi.n	10003036 <_vsnprintf+0xfa>
10002fda:	e8df f011 	tbh	[pc, r1, lsl #1]
10002fde:	0149      	.short	0x0149
10002fe0:	0143002c 	.word	0x0143002c
10002fe4:	0138002c 	.word	0x0138002c
10002fe8:	002c002c 	.word	0x002c002c
10002fec:	002c002c 	.word	0x002c002c
10002ff0:	002c002c 	.word	0x002c002c
10002ff4:	0027002c 	.word	0x0027002c
10002ff8:	002c002c 	.word	0x002c002c
10002ffc:	002c002c 	.word	0x002c002c
10003000:	0027002c 	.word	0x0027002c
10003004:	4614      	mov	r4, r2
10003006:	f043 0301 	orr.w	r3, r3, #1
1000300a:	e7c2      	b.n	10002f92 <_vsnprintf+0x56>
1000300c:	4614      	mov	r4, r2
1000300e:	f043 0302 	orr.w	r3, r3, #2
10003012:	e7be      	b.n	10002f92 <_vsnprintf+0x56>
10003014:	4614      	mov	r4, r2
10003016:	f043 0304 	orr.w	r3, r3, #4
1000301a:	e7ba      	b.n	10002f92 <_vsnprintf+0x56>
1000301c:	4614      	mov	r4, r2
1000301e:	f043 0310 	orr.w	r3, r3, #16
10003022:	e7b6      	b.n	10002f92 <_vsnprintf+0x56>
10003024:	4614      	mov	r4, r2
10003026:	f043 0308 	orr.w	r3, r3, #8
1000302a:	e7b2      	b.n	10002f92 <_vsnprintf+0x56>
1000302c:	9909      	ldr	r1, [sp, #36]	@ 0x24
1000302e:	7848      	ldrb	r0, [r1, #1]
10003030:	f443 7380 	orr.w	r3, r3, #256	@ 0x100
10003034:	3201      	adds	r2, #1
10003036:	2867      	cmp	r0, #103	@ 0x67
10003038:	9209      	str	r2, [sp, #36]	@ 0x24
1000303a:	d87e      	bhi.n	1000313a <_vsnprintf+0x1fe>
1000303c:	2824      	cmp	r0, #36	@ 0x24
1000303e:	f240 80c1 	bls.w	100031c4 <_vsnprintf+0x288>
10003042:	f1a0 0225 	sub.w	r2, r0, #37	@ 0x25
10003046:	2a42      	cmp	r2, #66	@ 0x42
10003048:	f200 80bc 	bhi.w	100031c4 <_vsnprintf+0x288>
1000304c:	e8df f012 	tbh	[pc, r2, lsl #1]
10003050:	00ba0150 	.word	0x00ba0150
10003054:	00ba00ba 	.word	0x00ba00ba
10003058:	00ba00ba 	.word	0x00ba00ba
1000305c:	00ba00ba 	.word	0x00ba00ba
10003060:	00ba00ba 	.word	0x00ba00ba
10003064:	00ba00ba 	.word	0x00ba00ba
10003068:	00ba00ba 	.word	0x00ba00ba
1000306c:	00ba00ba 	.word	0x00ba00ba
10003070:	00ba00ba 	.word	0x00ba00ba
10003074:	00ba00ba 	.word	0x00ba00ba
10003078:	00ba00ba 	.word	0x00ba00ba
1000307c:	00ba00ba 	.word	0x00ba00ba
10003080:	00ba00ba 	.word	0x00ba00ba
10003084:	00ba00ba 	.word	0x00ba00ba
10003088:	00ba00ba 	.word	0x00ba00ba
1000308c:	00ba00ba 	.word	0x00ba00ba
10003090:	01370119 	.word	0x01370119
10003094:	00ba0119 	.word	0x00ba0119
10003098:	00ba00ba 	.word	0x00ba00ba
1000309c:	00ba00ba 	.word	0x00ba00ba
100030a0:	00ba00ba 	.word	0x00ba00ba
100030a4:	00ba00ba 	.word	0x00ba00ba
100030a8:	00ba00ba 	.word	0x00ba00ba
100030ac:	00ba00ba 	.word	0x00ba00ba
100030b0:	00ba00ba 	.word	0x00ba00ba
100030b4:	01bc00ba 	.word	0x01bc00ba
100030b8:	00ba00ba 	.word	0x00ba00ba
100030bc:	00ba00ba 	.word	0x00ba00ba
100030c0:	00ba00ba 	.word	0x00ba00ba
100030c4:	00ba00ba 	.word	0x00ba00ba
100030c8:	01bc00ba 	.word	0x01bc00ba
100030cc:	01bc0158 	.word	0x01bc0158
100030d0:	01370119 	.word	0x01370119
100030d4:	0119      	.short	0x0119
100030d6:	2500      	movs	r5, #0
100030d8:	e000      	b.n	100030dc <_vsnprintf+0x1a0>
100030da:	3201      	adds	r2, #1
100030dc:	eb05 0585 	add.w	r5, r5, r5, lsl #2
100030e0:	eb00 0545 	add.w	r5, r0, r5, lsl #1
100030e4:	7810      	ldrb	r0, [r2, #0]
100030e6:	3d30      	subs	r5, #48	@ 0x30
100030e8:	f1a0 0130 	sub.w	r1, r0, #48	@ 0x30
100030ec:	2909      	cmp	r1, #9
100030ee:	d9f4      	bls.n	100030da <_vsnprintf+0x19e>
100030f0:	282e      	cmp	r0, #46	@ 0x2e
100030f2:	9209      	str	r2, [sp, #36]	@ 0x24
100030f4:	f102 0201 	add.w	r2, r2, #1
100030f8:	f47f af6a 	bne.w	10002fd0 <_vsnprintf+0x94>
100030fc:	9909      	ldr	r1, [sp, #36]	@ 0x24
100030fe:	f443 6380 	orr.w	r3, r3, #1024	@ 0x400
10003102:	7848      	ldrb	r0, [r1, #1]
10003104:	4611      	mov	r1, r2
10003106:	f1a0 0630 	sub.w	r6, r0, #48	@ 0x30
1000310a:	2e09      	cmp	r6, #9
1000310c:	f240 8121 	bls.w	10003352 <_vsnprintf+0x416>
10003110:	282a      	cmp	r0, #42	@ 0x2a
10003112:	f000 812f 	beq.w	10003374 <_vsnprintf+0x438>
10003116:	9209      	str	r2, [sp, #36]	@ 0x24
10003118:	2600      	movs	r6, #0
1000311a:	3201      	adds	r2, #1
1000311c:	e759      	b.n	10002fd2 <_vsnprintf+0x96>
1000311e:	4644      	mov	r4, r8
10003120:	45c1      	cmp	r9, r8
10003122:	d801      	bhi.n	10003128 <_vsnprintf+0x1ec>
10003124:	f109 38ff 	add.w	r8, r9, #4294967295	@ 0xffffffff
10003128:	464b      	mov	r3, r9
1000312a:	4642      	mov	r2, r8
1000312c:	4651      	mov	r1, sl
1000312e:	2000      	movs	r0, #0
10003130:	47d8      	blx	fp
10003132:	4620      	mov	r0, r4
10003134:	b01b      	add	sp, #108	@ 0x6c
10003136:	e8bd 8ff0 	ldmia.w	sp!, {r4, r5, r6, r7, r8, r9, sl, fp, pc}
1000313a:	f1a0 0269 	sub.w	r2, r0, #105	@ 0x69
1000313e:	b2d2      	uxtb	r2, r2
10003140:	2a0f      	cmp	r2, #15
10003142:	d83f      	bhi.n	100031c4 <_vsnprintf+0x288>
10003144:	2101      	movs	r1, #1
10003146:	f249 0741 	movw	r7, #36929	@ 0x9041
1000314a:	4091      	lsls	r1, r2
1000314c:	4039      	ands	r1, r7
1000314e:	f040 80f3 	bne.w	10003338 <_vsnprintf+0x3fc>
10003152:	2a0a      	cmp	r2, #10
10003154:	d03d      	beq.n	100031d2 <_vsnprintf+0x296>
10003156:	2a07      	cmp	r2, #7
10003158:	d134      	bne.n	100031c4 <_vsnprintf+0x288>
1000315a:	9d0a      	ldr	r5, [sp, #40]	@ 0x28
1000315c:	f855 2b04 	ldr.w	r2, [r5], #4
10003160:	2a00      	cmp	r2, #0
10003162:	f000 8113 	beq.w	1000338c <_vsnprintf+0x450>
10003166:	f043 0021 	orr.w	r0, r3, #33	@ 0x21
1000316a:	ab12      	add	r3, sp, #72	@ 0x48
1000316c:	461f      	mov	r7, r3
1000316e:	930b      	str	r3, [sp, #44]	@ 0x2c
10003170:	e003      	b.n	1000317a <_vsnprintf+0x23e>
10003172:	2920      	cmp	r1, #32
10003174:	f000 8114 	beq.w	100033a0 <_vsnprintf+0x464>
10003178:	461a      	mov	r2, r3
1000317a:	f002 040f 	and.w	r4, r2, #15
1000317e:	4623      	mov	r3, r4
10003180:	2c09      	cmp	r4, #9
10003182:	bf94      	ite	ls
10003184:	3330      	addls	r3, #48	@ 0x30
10003186:	3337      	addhi	r3, #55	@ 0x37
10003188:	2a0f      	cmp	r2, #15
1000318a:	f807 3b01 	strb.w	r3, [r7], #1
1000318e:	f101 0101 	add.w	r1, r1, #1
10003192:	ea4f 1312 	mov.w	r3, r2, lsr #4
10003196:	d8ec      	bhi.n	10003172 <_vsnprintf+0x236>
10003198:	e102      	b.n	100033a0 <_vsnprintf+0x464>
1000319a:	bf00      	nop
1000319c:	10002f3d 	.word	0x10002f3d
100031a0:	20001e0c 	.word	0x20001e0c
100031a4:	10002281 	.word	0x10002281
100031a8:	990a      	ldr	r1, [sp, #40]	@ 0x28
100031aa:	9809      	ldr	r0, [sp, #36]	@ 0x24
100031ac:	f851 5b04 	ldr.w	r5, [r1], #4
100031b0:	7840      	ldrb	r0, [r0, #1]
100031b2:	2d00      	cmp	r5, #0
100031b4:	e9cd 2109 	strd	r2, r1, [sp, #36]	@ 0x24
100031b8:	bfbc      	itt	lt
100031ba:	f043 0302 	orrlt.w	r3, r3, #2
100031be:	426d      	neglt	r5, r5
100031c0:	3201      	adds	r2, #1
100031c2:	e702      	b.n	10002fca <_vsnprintf+0x8e>
100031c4:	4642      	mov	r2, r8
100031c6:	464b      	mov	r3, r9
100031c8:	4651      	mov	r1, sl
100031ca:	f108 0801 	add.w	r8, r8, #1
100031ce:	47d8      	blx	fp
100031d0:	e6d2      	b.n	10002f78 <_vsnprintf+0x3c>
100031d2:	990a      	ldr	r1, [sp, #40]	@ 0x28
100031d4:	2e00      	cmp	r6, #0
100031d6:	f851 7b04 	ldr.w	r7, [r1], #4
100031da:	bf18      	it	ne
100031dc:	4632      	movne	r2, r6
100031de:	7838      	ldrb	r0, [r7, #0]
100031e0:	bf08      	it	eq
100031e2:	f04f 32ff 	moveq.w	r2, #4294967295	@ 0xffffffff
100031e6:	2800      	cmp	r0, #0
100031e8:	f000 837b 	beq.w	100038e2 <_vsnprintf+0x9a6>
100031ec:	18bc      	adds	r4, r7, r2
100031ee:	46a4      	mov	ip, r4
100031f0:	463a      	mov	r2, r7
100031f2:	e004      	b.n	100031fe <_vsnprintf+0x2c2>
100031f4:	f812 4f01 	ldrb.w	r4, [r2, #1]!
100031f8:	2c00      	cmp	r4, #0
100031fa:	f000 813f 	beq.w	1000347c <_vsnprintf+0x540>
100031fe:	4594      	cmp	ip, r2
10003200:	d1f8      	bne.n	100031f4 <_vsnprintf+0x2b8>
10003202:	4664      	mov	r4, ip
10003204:	1be4      	subs	r4, r4, r7
10003206:	055a      	lsls	r2, r3, #21
10003208:	f140 8122 	bpl.w	10003450 <_vsnprintf+0x514>
1000320c:	42b4      	cmp	r4, r6
1000320e:	bf28      	it	cs
10003210:	4634      	movcs	r4, r6
10003212:	f013 0302 	ands.w	r3, r3, #2
10003216:	f000 8288 	beq.w	1000372a <_vsnprintf+0x7ee>
1000321a:	2302      	movs	r3, #2
1000321c:	e9cd 510a 	strd	r5, r1, [sp, #40]	@ 0x28
10003220:	4642      	mov	r2, r8
10003222:	461d      	mov	r5, r3
10003224:	4446      	add	r6, r8
10003226:	e008      	b.n	1000323a <_vsnprintf+0x2fe>
10003228:	464b      	mov	r3, r9
1000322a:	4651      	mov	r1, sl
1000322c:	47d8      	blx	fp
1000322e:	f817 0f01 	ldrb.w	r0, [r7, #1]!
10003232:	f108 0801 	add.w	r8, r8, #1
10003236:	b110      	cbz	r0, 1000323e <_vsnprintf+0x302>
10003238:	4642      	mov	r2, r8
1000323a:	4546      	cmp	r6, r8
1000323c:	d1f4      	bne.n	10003228 <_vsnprintf+0x2ec>
1000323e:	462b      	mov	r3, r5
10003240:	990b      	ldr	r1, [sp, #44]	@ 0x2c
10003242:	9d0a      	ldr	r5, [sp, #40]	@ 0x28
10003244:	2b00      	cmp	r3, #0
10003246:	f040 8141 	bne.w	100034cc <_vsnprintf+0x590>
1000324a:	910a      	str	r1, [sp, #40]	@ 0x28
1000324c:	e694      	b.n	10002f78 <_vsnprintf+0x3c>
1000324e:	9909      	ldr	r1, [sp, #36]	@ 0x24
10003250:	7848      	ldrb	r0, [r1, #1]
10003252:	286c      	cmp	r0, #108	@ 0x6c
10003254:	f47f aeec 	bne.w	10003030 <_vsnprintf+0xf4>
10003258:	460a      	mov	r2, r1
1000325a:	7888      	ldrb	r0, [r1, #2]
1000325c:	f443 7340 	orr.w	r3, r3, #768	@ 0x300
10003260:	3203      	adds	r2, #3
10003262:	e6e8      	b.n	10003036 <_vsnprintf+0xfa>
10003264:	9909      	ldr	r1, [sp, #36]	@ 0x24
10003266:	f443 7300 	orr.w	r3, r3, #512	@ 0x200
1000326a:	7848      	ldrb	r0, [r1, #1]
1000326c:	3201      	adds	r2, #1
1000326e:	e6e2      	b.n	10003036 <_vsnprintf+0xfa>
10003270:	9909      	ldr	r1, [sp, #36]	@ 0x24
10003272:	7848      	ldrb	r0, [r1, #1]
10003274:	2868      	cmp	r0, #104	@ 0x68
10003276:	f000 8103 	beq.w	10003480 <_vsnprintf+0x544>
1000327a:	f043 0380 	orr.w	r3, r3, #128	@ 0x80
1000327e:	3201      	adds	r2, #1
10003280:	e6d9      	b.n	10003036 <_vsnprintf+0xfa>
10003282:	2867      	cmp	r0, #103	@ 0x67
10003284:	f000 80d9 	beq.w	1000343a <_vsnprintf+0x4fe>
10003288:	2847      	cmp	r0, #71	@ 0x47
1000328a:	f000 80dc 	beq.w	10003446 <_vsnprintf+0x50a>
1000328e:	2845      	cmp	r0, #69	@ 0x45
10003290:	f000 80db 	beq.w	1000344a <_vsnprintf+0x50e>
10003294:	e9cd 5303 	strd	r5, r3, [sp, #12]
10003298:	9b0a      	ldr	r3, [sp, #40]	@ 0x28
1000329a:	9602      	str	r6, [sp, #8]
1000329c:	3307      	adds	r3, #7
1000329e:	f023 0307 	bic.w	r3, r3, #7
100032a2:	461c      	mov	r4, r3
100032a4:	4642      	mov	r2, r8
100032a6:	e8f4 6702 	ldrd	r6, r7, [r4], #8
100032aa:	464b      	mov	r3, r9
100032ac:	4651      	mov	r1, sl
100032ae:	4658      	mov	r0, fp
100032b0:	e9cd 6700 	strd	r6, r7, [sp]
100032b4:	940a      	str	r4, [sp, #40]	@ 0x28
100032b6:	f7ff fb87 	bl	100029c8 <_etoa>
100032ba:	4680      	mov	r8, r0
100032bc:	e65c      	b.n	10002f78 <_vsnprintf+0x3c>
100032be:	2846      	cmp	r0, #70	@ 0x46
100032c0:	bf08      	it	eq
100032c2:	f043 0320 	orreq.w	r3, r3, #32
100032c6:	e9cd 5303 	strd	r5, r3, [sp, #12]
100032ca:	9b0a      	ldr	r3, [sp, #40]	@ 0x28
100032cc:	9602      	str	r6, [sp, #8]
100032ce:	3307      	adds	r3, #7
100032d0:	f023 0307 	bic.w	r3, r3, #7
100032d4:	461c      	mov	r4, r3
100032d6:	4642      	mov	r2, r8
100032d8:	e8f4 6702 	ldrd	r6, r7, [r4], #8
100032dc:	464b      	mov	r3, r9
100032de:	4651      	mov	r1, sl
100032e0:	4658      	mov	r0, fp
100032e2:	e9cd 6700 	strd	r6, r7, [sp]
100032e6:	940a      	str	r4, [sp, #40]	@ 0x28
100032e8:	f7ff f90e 	bl	10002508 <_ftoa>
100032ec:	4680      	mov	r8, r0
100032ee:	e643      	b.n	10002f78 <_vsnprintf+0x3c>
100032f0:	4642      	mov	r2, r8
100032f2:	464b      	mov	r3, r9
100032f4:	4651      	mov	r1, sl
100032f6:	2025      	movs	r0, #37	@ 0x25
100032f8:	f108 0801 	add.w	r8, r8, #1
100032fc:	47d8      	blx	fp
100032fe:	e63b      	b.n	10002f78 <_vsnprintf+0x3c>
10003300:	9a0a      	ldr	r2, [sp, #40]	@ 0x28
10003302:	0799      	lsls	r1, r3, #30
10003304:	f102 0404 	add.w	r4, r2, #4
10003308:	f108 0601 	add.w	r6, r8, #1
1000330c:	f140 80c6 	bpl.w	1000349c <_vsnprintf+0x560>
10003310:	7810      	ldrb	r0, [r2, #0]
10003312:	464b      	mov	r3, r9
10003314:	4642      	mov	r2, r8
10003316:	4651      	mov	r1, sl
10003318:	47d8      	blx	fp
1000331a:	2d01      	cmp	r5, #1
1000331c:	bf88      	it	hi
1000331e:	44a8      	addhi	r8, r5
10003320:	f240 81bd 	bls.w	1000369e <_vsnprintf+0x762>
10003324:	4632      	mov	r2, r6
10003326:	464b      	mov	r3, r9
10003328:	4651      	mov	r1, sl
1000332a:	2020      	movs	r0, #32
1000332c:	3601      	adds	r6, #1
1000332e:	47d8      	blx	fp
10003330:	4546      	cmp	r6, r8
10003332:	d1f7      	bne.n	10003324 <_vsnprintf+0x3e8>
10003334:	940a      	str	r4, [sp, #40]	@ 0x28
10003336:	e61f      	b.n	10002f78 <_vsnprintf+0x3c>
10003338:	286f      	cmp	r0, #111	@ 0x6f
1000333a:	f000 8081 	beq.w	10003440 <_vsnprintf+0x504>
1000333e:	f240 8248 	bls.w	100037d2 <_vsnprintf+0x896>
10003342:	2878      	cmp	r0, #120	@ 0x78
10003344:	f000 8190 	beq.w	10003668 <_vsnprintf+0x72c>
10003348:	270a      	movs	r7, #10
1000334a:	f023 0310 	bic.w	r3, r3, #16
1000334e:	46bc      	mov	ip, r7
10003350:	e041      	b.n	100033d6 <_vsnprintf+0x49a>
10003352:	2600      	movs	r6, #0
10003354:	eb06 0686 	add.w	r6, r6, r6, lsl #2
10003358:	eb00 0046 	add.w	r0, r0, r6, lsl #1
1000335c:	f1a0 0630 	sub.w	r6, r0, #48	@ 0x30
10003360:	f811 0f01 	ldrb.w	r0, [r1, #1]!
10003364:	f1a0 0230 	sub.w	r2, r0, #48	@ 0x30
10003368:	2a09      	cmp	r2, #9
1000336a:	d9f3      	bls.n	10003354 <_vsnprintf+0x418>
1000336c:	460a      	mov	r2, r1
1000336e:	9109      	str	r1, [sp, #36]	@ 0x24
10003370:	3201      	adds	r2, #1
10003372:	e62e      	b.n	10002fd2 <_vsnprintf+0x96>
10003374:	e9dd 2109 	ldrd	r2, r1, [sp, #36]	@ 0x24
10003378:	f851 6b04 	ldr.w	r6, [r1], #4
1000337c:	7890      	ldrb	r0, [r2, #2]
1000337e:	3202      	adds	r2, #2
10003380:	9209      	str	r2, [sp, #36]	@ 0x24
10003382:	910a      	str	r1, [sp, #40]	@ 0x28
10003384:	3201      	adds	r2, #1
10003386:	ea26 76e6 	bic.w	r6, r6, r6, asr #31
1000338a:	e622      	b.n	10002fd2 <_vsnprintf+0x96>
1000338c:	f023 0010 	bic.w	r0, r3, #16
10003390:	f413 6280 	ands.w	r2, r3, #1024	@ 0x400
10003394:	f040 0021 	orr.w	r0, r0, #33	@ 0x21
10003398:	f43f aee7 	beq.w	1000316a <_vsnprintf+0x22e>
1000339c:	ab12      	add	r3, sp, #72	@ 0x48
1000339e:	930b      	str	r3, [sp, #44]	@ 0x2c
100033a0:	9b0b      	ldr	r3, [sp, #44]	@ 0x2c
100033a2:	9006      	str	r0, [sp, #24]
100033a4:	9300      	str	r3, [sp, #0]
100033a6:	2308      	movs	r3, #8
100033a8:	2010      	movs	r0, #16
100033aa:	9305      	str	r3, [sp, #20]
100033ac:	2300      	movs	r3, #0
100033ae:	4642      	mov	r2, r8
100033b0:	e9cd 3002 	strd	r3, r0, [sp, #8]
100033b4:	9101      	str	r1, [sp, #4]
100033b6:	464b      	mov	r3, r9
100033b8:	4651      	mov	r1, sl
100033ba:	4658      	mov	r0, fp
100033bc:	9604      	str	r6, [sp, #16]
100033be:	f7fe ffaf 	bl	10002320 <_ntoa_format>
100033c2:	950a      	str	r5, [sp, #40]	@ 0x28
100033c4:	4680      	mov	r8, r0
100033c6:	e5d7      	b.n	10002f78 <_vsnprintf+0x3c>
100033c8:	2858      	cmp	r0, #88	@ 0x58
100033ca:	d062      	beq.n	10003492 <_vsnprintf+0x556>
100033cc:	2862      	cmp	r0, #98	@ 0x62
100033ce:	f040 808f 	bne.w	100034f0 <_vsnprintf+0x5b4>
100033d2:	2702      	movs	r7, #2
100033d4:	46bc      	mov	ip, r7
100033d6:	f413 6080 	ands.w	r0, r3, #1024	@ 0x400
100033da:	f000 80dd 	beq.w	10003598 <_vsnprintf+0x65c>
100033de:	f023 030d 	bic.w	r3, r3, #13
100033e2:	f413 7200 	ands.w	r2, r3, #512	@ 0x200
100033e6:	f040 8181 	bne.w	100036ec <_vsnprintf+0x7b0>
100033ea:	990a      	ldr	r1, [sp, #40]	@ 0x28
100033ec:	1d0f      	adds	r7, r1, #4
100033ee:	f413 7180 	ands.w	r1, r3, #256	@ 0x100
100033f2:	f040 8237 	bne.w	10003864 <_vsnprintf+0x928>
100033f6:	065c      	lsls	r4, r3, #25
100033f8:	9a0a      	ldr	r2, [sp, #40]	@ 0x28
100033fa:	f140 813b 	bpl.w	10003674 <_vsnprintf+0x738>
100033fe:	7812      	ldrb	r2, [r2, #0]
10003400:	2a00      	cmp	r2, #0
10003402:	f040 814e 	bne.w	100036a2 <_vsnprintf+0x766>
10003406:	f023 0310 	bic.w	r3, r3, #16
1000340a:	2800      	cmp	r0, #0
1000340c:	f000 8149 	beq.w	100036a2 <_vsnprintf+0x766>
10003410:	4611      	mov	r1, r2
10003412:	aa12      	add	r2, sp, #72	@ 0x48
10003414:	920b      	str	r2, [sp, #44]	@ 0x2c
10003416:	e9cd 5305 	strd	r5, r3, [sp, #20]
1000341a:	e9cd c603 	strd	ip, r6, [sp, #12]
1000341e:	9101      	str	r1, [sp, #4]
10003420:	9b0b      	ldr	r3, [sp, #44]	@ 0x2c
10003422:	4642      	mov	r2, r8
10003424:	9300      	str	r3, [sp, #0]
10003426:	2300      	movs	r3, #0
10003428:	4651      	mov	r1, sl
1000342a:	9302      	str	r3, [sp, #8]
1000342c:	4658      	mov	r0, fp
1000342e:	464b      	mov	r3, r9
10003430:	f7fe ff76 	bl	10002320 <_ntoa_format>
10003434:	970a      	str	r7, [sp, #40]	@ 0x28
10003436:	4680      	mov	r8, r0
10003438:	e59e      	b.n	10002f78 <_vsnprintf+0x3c>
1000343a:	f443 6300 	orr.w	r3, r3, #2048	@ 0x800
1000343e:	e729      	b.n	10003294 <_vsnprintf+0x358>
10003440:	2708      	movs	r7, #8
10003442:	46bc      	mov	ip, r7
10003444:	e7c7      	b.n	100033d6 <_vsnprintf+0x49a>
10003446:	f443 6300 	orr.w	r3, r3, #2048	@ 0x800
1000344a:	f043 0320 	orr.w	r3, r3, #32
1000344e:	e721      	b.n	10003294 <_vsnprintf+0x358>
10003450:	f013 0302 	ands.w	r3, r3, #2
10003454:	f000 818e 	beq.w	10003774 <_vsnprintf+0x838>
10003458:	2302      	movs	r3, #2
1000345a:	950a      	str	r5, [sp, #40]	@ 0x28
1000345c:	461e      	mov	r6, r3
1000345e:	460d      	mov	r5, r1
10003460:	4642      	mov	r2, r8
10003462:	464b      	mov	r3, r9
10003464:	4651      	mov	r1, sl
10003466:	47d8      	blx	fp
10003468:	f817 0f01 	ldrb.w	r0, [r7, #1]!
1000346c:	f108 0801 	add.w	r8, r8, #1
10003470:	2800      	cmp	r0, #0
10003472:	d1f5      	bne.n	10003460 <_vsnprintf+0x524>
10003474:	4629      	mov	r1, r5
10003476:	4633      	mov	r3, r6
10003478:	9d0a      	ldr	r5, [sp, #40]	@ 0x28
1000347a:	e6e3      	b.n	10003244 <_vsnprintf+0x308>
1000347c:	1bd4      	subs	r4, r2, r7
1000347e:	e6c2      	b.n	10003206 <_vsnprintf+0x2ca>
10003480:	460a      	mov	r2, r1
10003482:	7888      	ldrb	r0, [r1, #2]
10003484:	f043 03c0 	orr.w	r3, r3, #192	@ 0xc0
10003488:	3203      	adds	r2, #3
1000348a:	e5d4      	b.n	10003036 <_vsnprintf+0xfa>
1000348c:	4604      	mov	r4, r0
1000348e:	4680      	mov	r8, r0
10003490:	e646      	b.n	10003120 <_vsnprintf+0x1e4>
10003492:	2710      	movs	r7, #16
10003494:	f043 0320 	orr.w	r3, r3, #32
10003498:	46bc      	mov	ip, r7
1000349a:	e79c      	b.n	100033d6 <_vsnprintf+0x49a>
1000349c:	2d01      	cmp	r5, #1
1000349e:	f240 80f8 	bls.w	10003692 <_vsnprintf+0x756>
100034a2:	4646      	mov	r6, r8
100034a4:	f108 37ff 	add.w	r7, r8, #4294967295	@ 0xffffffff
100034a8:	442f      	add	r7, r5
100034aa:	4632      	mov	r2, r6
100034ac:	464b      	mov	r3, r9
100034ae:	4651      	mov	r1, sl
100034b0:	2020      	movs	r0, #32
100034b2:	3601      	adds	r6, #1
100034b4:	47d8      	blx	fp
100034b6:	42be      	cmp	r6, r7
100034b8:	d1f7      	bne.n	100034aa <_vsnprintf+0x56e>
100034ba:	9b0a      	ldr	r3, [sp, #40]	@ 0x28
100034bc:	4632      	mov	r2, r6
100034be:	7818      	ldrb	r0, [r3, #0]
100034c0:	4651      	mov	r1, sl
100034c2:	464b      	mov	r3, r9
100034c4:	47d8      	blx	fp
100034c6:	44a8      	add	r8, r5
100034c8:	940a      	str	r4, [sp, #40]	@ 0x28
100034ca:	e555      	b.n	10002f78 <_vsnprintf+0x3c>
100034cc:	4646      	mov	r6, r8
100034ce:	42a5      	cmp	r5, r4
100034d0:	f67f aebb 	bls.w	1000324a <_vsnprintf+0x30e>
100034d4:	44a8      	add	r8, r5
100034d6:	eba8 0804 	sub.w	r8, r8, r4
100034da:	460c      	mov	r4, r1
100034dc:	4632      	mov	r2, r6
100034de:	464b      	mov	r3, r9
100034e0:	4651      	mov	r1, sl
100034e2:	2020      	movs	r0, #32
100034e4:	3601      	adds	r6, #1
100034e6:	47d8      	blx	fp
100034e8:	4546      	cmp	r6, r8
100034ea:	d1f7      	bne.n	100034dc <_vsnprintf+0x5a0>
100034ec:	4621      	mov	r1, r4
100034ee:	e6ac      	b.n	1000324a <_vsnprintf+0x30e>
100034f0:	f413 6280 	ands.w	r2, r3, #1024	@ 0x400
100034f4:	f000 80bb 	beq.w	1000366e <_vsnprintf+0x732>
100034f8:	f44f 6280 	mov.w	r2, #1024	@ 0x400
100034fc:	f023 0c11 	bic.w	ip, r3, #17
10003500:	f41c 7700 	ands.w	r7, ip, #512	@ 0x200
10003504:	9b0a      	ldr	r3, [sp, #40]	@ 0x28
10003506:	d14a      	bne.n	1000359e <_vsnprintf+0x662>
10003508:	f41c 7080 	ands.w	r0, ip, #256	@ 0x100
1000350c:	f103 0404 	add.w	r4, r3, #4
10003510:	f040 8134 	bne.w	1000377c <_vsnprintf+0x840>
10003514:	f01c 0f40 	tst.w	ip, #64	@ 0x40
10003518:	f040 80a3 	bne.w	10003662 <_vsnprintf+0x726>
1000351c:	f01c 0f80 	tst.w	ip, #128	@ 0x80
10003520:	f000 81d3 	beq.w	100038ca <_vsnprintf+0x98e>
10003524:	f9b3 1000 	ldrsh.w	r1, [r3]
10003528:	ea81 77e1 	eor.w	r7, r1, r1, asr #31
1000352c:	eba7 77e1 	sub.w	r7, r7, r1, asr #31
10003530:	b2bf      	uxth	r7, r7
10003532:	0fcb      	lsrs	r3, r1, #31
10003534:	2900      	cmp	r1, #0
10003536:	f000 8156 	beq.w	100037e6 <_vsnprintf+0x8aa>
1000353a:	463a      	mov	r2, r7
1000353c:	a912      	add	r1, sp, #72	@ 0x48
1000353e:	460f      	mov	r7, r1
10003540:	f8df e3d8 	ldr.w	lr, [pc, #984]	@ 1000391c <_vsnprintf+0x9e0>
10003544:	910b      	str	r1, [sp, #44]	@ 0x2c
10003546:	930a      	str	r3, [sp, #40]	@ 0x28
10003548:	950c      	str	r5, [sp, #48]	@ 0x30
1000354a:	e001      	b.n	10003550 <_vsnprintf+0x614>
1000354c:	2820      	cmp	r0, #32
1000354e:	d00f      	beq.n	10003570 <_vsnprintf+0x634>
10003550:	4615      	mov	r5, r2
10003552:	fbae 1302 	umull	r1, r3, lr, r2
10003556:	08db      	lsrs	r3, r3, #3
10003558:	eb03 0183 	add.w	r1, r3, r3, lsl #2
1000355c:	eba2 0141 	sub.w	r1, r2, r1, lsl #1
10003560:	3130      	adds	r1, #48	@ 0x30
10003562:	2d09      	cmp	r5, #9
10003564:	461a      	mov	r2, r3
10003566:	f100 0001 	add.w	r0, r0, #1
1000356a:	f807 1b01 	strb.w	r1, [r7], #1
1000356e:	d8ed      	bhi.n	1000354c <_vsnprintf+0x610>
10003570:	9b0a      	ldr	r3, [sp, #40]	@ 0x28
10003572:	9d0c      	ldr	r5, [sp, #48]	@ 0x30
10003574:	e9cd 5c05 	strd	r5, ip, [sp, #20]
10003578:	e9cd 0301 	strd	r0, r3, [sp, #4]
1000357c:	9604      	str	r6, [sp, #16]
1000357e:	9b0b      	ldr	r3, [sp, #44]	@ 0x2c
10003580:	4642      	mov	r2, r8
10003582:	9300      	str	r3, [sp, #0]
10003584:	230a      	movs	r3, #10
10003586:	4651      	mov	r1, sl
10003588:	9303      	str	r3, [sp, #12]
1000358a:	4658      	mov	r0, fp
1000358c:	464b      	mov	r3, r9
1000358e:	f7fe fec7 	bl	10002320 <_ntoa_format>
10003592:	940a      	str	r4, [sp, #40]	@ 0x28
10003594:	4680      	mov	r8, r0
10003596:	e4ef      	b.n	10002f78 <_vsnprintf+0x3c>
10003598:	f023 030c 	bic.w	r3, r3, #12
1000359c:	e721      	b.n	100033e2 <_vsnprintf+0x4a6>
1000359e:	3307      	adds	r3, #7
100035a0:	f023 0307 	bic.w	r3, r3, #7
100035a4:	4619      	mov	r1, r3
100035a6:	4608      	mov	r0, r1
100035a8:	685b      	ldr	r3, [r3, #4]
100035aa:	f850 1b08 	ldr.w	r1, [r0], #8
100035ae:	0fdf      	lsrs	r7, r3, #31
100035b0:	900a      	str	r0, [sp, #40]	@ 0x28
100035b2:	ea51 0003 	orrs.w	r0, r1, r3
100035b6:	d162      	bne.n	1000367e <_vsnprintf+0x742>
100035b8:	2a00      	cmp	r2, #0
100035ba:	f040 819f 	bne.w	100038fc <_vsnprintf+0x9c0>
100035be:	4613      	mov	r3, r2
100035c0:	4611      	mov	r1, r2
100035c2:	aa12      	add	r2, sp, #72	@ 0x48
100035c4:	e9cd 750c 	strd	r7, r5, [sp, #48]	@ 0x30
100035c8:	2000      	movs	r0, #0
100035ca:	4615      	mov	r5, r2
100035cc:	e9cd 680e 	strd	r6, r8, [sp, #56]	@ 0x38
100035d0:	f8df e348 	ldr.w	lr, [pc, #840]	@ 1000391c <_vsnprintf+0x9e0>
100035d4:	920b      	str	r2, [sp, #44]	@ 0x2c
100035d6:	e001      	b.n	100035dc <_vsnprintf+0x6a0>
100035d8:	2820      	cmp	r0, #32
100035da:	d02d      	beq.n	10003638 <_vsnprintf+0x6fc>
100035dc:	185a      	adds	r2, r3, r1
100035de:	f142 0200 	adc.w	r2, r2, #0
100035e2:	fbae 7802 	umull	r7, r8, lr, r2
100035e6:	f028 0703 	bic.w	r7, r8, #3
100035ea:	eb07 0798 	add.w	r7, r7, r8, lsr #2
100035ee:	1bd2      	subs	r2, r2, r7
100035f0:	461e      	mov	r6, r3
100035f2:	1a9b      	subs	r3, r3, r2
100035f4:	f161 0700 	sbc.w	r7, r1, #0
100035f8:	460c      	mov	r4, r1
100035fa:	f04f 31cc 	mov.w	r1, #3435973836	@ 0xcccccccc
100035fe:	fb01 f103 	mul.w	r1, r1, r3
10003602:	fb0e 1107 	mla	r1, lr, r7, r1
10003606:	fba3 730e 	umull	r7, r3, r3, lr
1000360a:	4419      	add	r1, r3
1000360c:	2305      	movs	r3, #5
1000360e:	f007 0801 	and.w	r8, r7, #1
10003612:	fba8 3803 	umull	r3, r8, r8, r3
10003616:	189b      	adds	r3, r3, r2
10003618:	2e0a      	cmp	r6, #10
1000361a:	f103 0330 	add.w	r3, r3, #48	@ 0x30
1000361e:	ea4f 0757 	mov.w	r7, r7, lsr #1
10003622:	f174 0400 	sbcs.w	r4, r4, #0
10003626:	f805 3b01 	strb.w	r3, [r5], #1
1000362a:	f100 0001 	add.w	r0, r0, #1
1000362e:	ea47 73c1 	orr.w	r3, r7, r1, lsl #31
10003632:	ea4f 0151 	mov.w	r1, r1, lsr #1
10003636:	d2cf      	bcs.n	100035d8 <_vsnprintf+0x69c>
10003638:	e9dd 750c 	ldrd	r7, r5, [sp, #48]	@ 0x30
1000363c:	e9dd 680e 	ldrd	r6, r8, [sp, #56]	@ 0x38
10003640:	9b0b      	ldr	r3, [sp, #44]	@ 0x2c
10003642:	4642      	mov	r2, r8
10003644:	9300      	str	r3, [sp, #0]
10003646:	230a      	movs	r3, #10
10003648:	e9cd 5c05 	strd	r5, ip, [sp, #20]
1000364c:	e9cd 0701 	strd	r0, r7, [sp, #4]
10003650:	9604      	str	r6, [sp, #16]
10003652:	9303      	str	r3, [sp, #12]
10003654:	464b      	mov	r3, r9
10003656:	4651      	mov	r1, sl
10003658:	4658      	mov	r0, fp
1000365a:	f7fe fe61 	bl	10002320 <_ntoa_format>
1000365e:	4680      	mov	r8, r0
10003660:	e48a      	b.n	10002f78 <_vsnprintf+0x3c>
10003662:	7819      	ldrb	r1, [r3, #0]
10003664:	460f      	mov	r7, r1
10003666:	e764      	b.n	10003532 <_vsnprintf+0x5f6>
10003668:	2710      	movs	r7, #16
1000366a:	46bc      	mov	ip, r7
1000366c:	e6b3      	b.n	100033d6 <_vsnprintf+0x49a>
1000366e:	f023 0c10 	bic.w	ip, r3, #16
10003672:	e745      	b.n	10003500 <_vsnprintf+0x5c4>
10003674:	061c      	lsls	r4, r3, #24
10003676:	bf4c      	ite	mi
10003678:	8812      	ldrhmi	r2, [r2, #0]
1000367a:	6812      	ldrpl	r2, [r2, #0]
1000367c:	e6c0      	b.n	10003400 <_vsnprintf+0x4c4>
1000367e:	460a      	mov	r2, r1
10003680:	1e19      	subs	r1, r3, #0
10003682:	db01      	blt.n	10003688 <_vsnprintf+0x74c>
10003684:	4613      	mov	r3, r2
10003686:	e79c      	b.n	100035c2 <_vsnprintf+0x686>
10003688:	4252      	negs	r2, r2
1000368a:	4613      	mov	r3, r2
1000368c:	eb61 0141 	sbc.w	r1, r1, r1, lsl #1
10003690:	e797      	b.n	100035c2 <_vsnprintf+0x686>
10003692:	4613      	mov	r3, r2
10003694:	4651      	mov	r1, sl
10003696:	7818      	ldrb	r0, [r3, #0]
10003698:	4642      	mov	r2, r8
1000369a:	464b      	mov	r3, r9
1000369c:	47d8      	blx	fp
1000369e:	46b0      	mov	r8, r6
100036a0:	e648      	b.n	10003334 <_vsnprintf+0x3f8>
100036a2:	f013 0f20 	tst.w	r3, #32
100036a6:	bf14      	ite	ne
100036a8:	2041      	movne	r0, #65	@ 0x41
100036aa:	2061      	moveq	r0, #97	@ 0x61
100036ac:	ac12      	add	r4, sp, #72	@ 0x48
100036ae:	46a6      	mov	lr, r4
100036b0:	940b      	str	r4, [sp, #44]	@ 0x2c
100036b2:	930a      	str	r3, [sp, #40]	@ 0x28
100036b4:	f1a0 040a 	sub.w	r4, r0, #10
100036b8:	950c      	str	r5, [sp, #48]	@ 0x30
100036ba:	e002      	b.n	100036c2 <_vsnprintf+0x786>
100036bc:	2920      	cmp	r1, #32
100036be:	d012      	beq.n	100036e6 <_vsnprintf+0x7aa>
100036c0:	462a      	mov	r2, r5
100036c2:	fbb2 f5fc 	udiv	r5, r2, ip
100036c6:	fb0c 2015 	mls	r0, ip, r5, r2
100036ca:	b2c3      	uxtb	r3, r0
100036cc:	2809      	cmp	r0, #9
100036ce:	f103 0030 	add.w	r0, r3, #48	@ 0x30
100036d2:	bf8a      	itet	hi
100036d4:	191b      	addhi	r3, r3, r4
100036d6:	b2c3      	uxtbls	r3, r0
100036d8:	b2db      	uxtbhi	r3, r3
100036da:	4562      	cmp	r2, ip
100036dc:	f80e 3b01 	strb.w	r3, [lr], #1
100036e0:	f101 0101 	add.w	r1, r1, #1
100036e4:	d2ea      	bcs.n	100036bc <_vsnprintf+0x780>
100036e6:	9b0a      	ldr	r3, [sp, #40]	@ 0x28
100036e8:	9d0c      	ldr	r5, [sp, #48]	@ 0x30
100036ea:	e694      	b.n	10003416 <_vsnprintf+0x4da>
100036ec:	9a0a      	ldr	r2, [sp, #40]	@ 0x28
100036ee:	3207      	adds	r2, #7
100036f0:	f022 0207 	bic.w	r2, r2, #7
100036f4:	6851      	ldr	r1, [r2, #4]
100036f6:	f852 4b08 	ldr.w	r4, [r2], #8
100036fa:	468e      	mov	lr, r1
100036fc:	920a      	str	r2, [sp, #40]	@ 0x28
100036fe:	ea54 0201 	orrs.w	r2, r4, r1
10003702:	d176      	bne.n	100037f2 <_vsnprintf+0x8b6>
10003704:	f023 0310 	bic.w	r3, r3, #16
10003708:	2800      	cmp	r0, #0
1000370a:	d072      	beq.n	100037f2 <_vsnprintf+0x8b6>
1000370c:	2200      	movs	r2, #0
1000370e:	4611      	mov	r1, r2
10003710:	aa12      	add	r2, sp, #72	@ 0x48
10003712:	920b      	str	r2, [sp, #44]	@ 0x2c
10003714:	e9cd 5305 	strd	r5, r3, [sp, #20]
10003718:	9b0b      	ldr	r3, [sp, #44]	@ 0x2c
1000371a:	4642      	mov	r2, r8
1000371c:	9300      	str	r3, [sp, #0]
1000371e:	2300      	movs	r3, #0
10003720:	e9cd c603 	strd	ip, r6, [sp, #12]
10003724:	9101      	str	r1, [sp, #4]
10003726:	9302      	str	r3, [sp, #8]
10003728:	e794      	b.n	10003654 <_vsnprintf+0x718>
1000372a:	42a5      	cmp	r5, r4
1000372c:	bf98      	it	ls
1000372e:	3401      	addls	r4, #1
10003730:	f67f ad74 	bls.w	1000321c <_vsnprintf+0x2e0>
10003734:	f44f 6380 	mov.w	r3, #1024	@ 0x400
10003738:	e9cd 750a 	strd	r7, r5, [sp, #40]	@ 0x28
1000373c:	eb05 0208 	add.w	r2, r5, r8
10003740:	461f      	mov	r7, r3
10003742:	460d      	mov	r5, r1
10003744:	1b14      	subs	r4, r2, r4
10003746:	4642      	mov	r2, r8
10003748:	464b      	mov	r3, r9
1000374a:	4651      	mov	r1, sl
1000374c:	2020      	movs	r0, #32
1000374e:	f108 0801 	add.w	r8, r8, #1
10003752:	47d8      	blx	fp
10003754:	45a0      	cmp	r8, r4
10003756:	d1f6      	bne.n	10003746 <_vsnprintf+0x80a>
10003758:	463b      	mov	r3, r7
1000375a:	9f0a      	ldr	r7, [sp, #40]	@ 0x28
1000375c:	4629      	mov	r1, r5
1000375e:	7838      	ldrb	r0, [r7, #0]
10003760:	9d0b      	ldr	r5, [sp, #44]	@ 0x2c
10003762:	1c6c      	adds	r4, r5, #1
10003764:	2800      	cmp	r0, #0
10003766:	f43f ad70 	beq.w	1000324a <_vsnprintf+0x30e>
1000376a:	2b00      	cmp	r3, #0
1000376c:	f43f ae75 	beq.w	1000345a <_vsnprintf+0x51e>
10003770:	2300      	movs	r3, #0
10003772:	e553      	b.n	1000321c <_vsnprintf+0x2e0>
10003774:	42a5      	cmp	r5, r4
10003776:	d8df      	bhi.n	10003738 <_vsnprintf+0x7fc>
10003778:	3401      	adds	r4, #1
1000377a:	e66e      	b.n	1000345a <_vsnprintf+0x51e>
1000377c:	6819      	ldr	r1, [r3, #0]
1000377e:	0fcb      	lsrs	r3, r1, #31
10003780:	2900      	cmp	r1, #0
10003782:	f000 80a8 	beq.w	100038d6 <_vsnprintf+0x99a>
10003786:	ea81 72e1 	eor.w	r2, r1, r1, asr #31
1000378a:	eba2 72e1 	sub.w	r2, r2, r1, asr #31
1000378e:	a912      	add	r1, sp, #72	@ 0x48
10003790:	4608      	mov	r0, r1
10003792:	f8df e188 	ldr.w	lr, [pc, #392]	@ 1000391c <_vsnprintf+0x9e0>
10003796:	910b      	str	r1, [sp, #44]	@ 0x2c
10003798:	930a      	str	r3, [sp, #40]	@ 0x28
1000379a:	950c      	str	r5, [sp, #48]	@ 0x30
1000379c:	e001      	b.n	100037a2 <_vsnprintf+0x866>
1000379e:	2f20      	cmp	r7, #32
100037a0:	d00f      	beq.n	100037c2 <_vsnprintf+0x886>
100037a2:	4615      	mov	r5, r2
100037a4:	fbae 1302 	umull	r1, r3, lr, r2
100037a8:	08db      	lsrs	r3, r3, #3
100037aa:	eb03 0183 	add.w	r1, r3, r3, lsl #2
100037ae:	eba2 0141 	sub.w	r1, r2, r1, lsl #1
100037b2:	3130      	adds	r1, #48	@ 0x30
100037b4:	2d09      	cmp	r5, #9
100037b6:	461a      	mov	r2, r3
100037b8:	f107 0701 	add.w	r7, r7, #1
100037bc:	f800 1b01 	strb.w	r1, [r0], #1
100037c0:	d8ed      	bhi.n	1000379e <_vsnprintf+0x862>
100037c2:	9b0a      	ldr	r3, [sp, #40]	@ 0x28
100037c4:	9d0c      	ldr	r5, [sp, #48]	@ 0x30
100037c6:	e9cd 5c05 	strd	r5, ip, [sp, #20]
100037ca:	e9cd 7301 	strd	r7, r3, [sp, #4]
100037ce:	9604      	str	r6, [sp, #16]
100037d0:	e6d5      	b.n	1000357e <_vsnprintf+0x642>
100037d2:	2869      	cmp	r0, #105	@ 0x69
100037d4:	f023 0c10 	bic.w	ip, r3, #16
100037d8:	f040 808c 	bne.w	100038f4 <_vsnprintf+0x9b8>
100037dc:	f413 6280 	ands.w	r2, r3, #1024	@ 0x400
100037e0:	f43f ae8e 	beq.w	10003500 <_vsnprintf+0x5c4>
100037e4:	e688      	b.n	100034f8 <_vsnprintf+0x5bc>
100037e6:	2a00      	cmp	r2, #0
100037e8:	f43f aea8 	beq.w	1000353c <_vsnprintf+0x600>
100037ec:	aa12      	add	r2, sp, #72	@ 0x48
100037ee:	920b      	str	r2, [sp, #44]	@ 0x2c
100037f0:	e6c0      	b.n	10003574 <_vsnprintf+0x638>
100037f2:	f013 0f20 	tst.w	r3, #32
100037f6:	bf14      	ite	ne
100037f8:	2241      	movne	r2, #65	@ 0x41
100037fa:	2261      	moveq	r2, #97	@ 0x61
100037fc:	2000      	movs	r0, #0
100037fe:	a912      	add	r1, sp, #72	@ 0x48
10003800:	3a0a      	subs	r2, #10
10003802:	e9cd 680e 	strd	r6, r8, [sp, #56]	@ 0x38
10003806:	e9cd 350c 	strd	r3, r5, [sp, #48]	@ 0x30
1000380a:	f8cd b044 	str.w	fp, [sp, #68]	@ 0x44
1000380e:	4606      	mov	r6, r0
10003810:	4688      	mov	r8, r1
10003812:	4675      	mov	r5, lr
10003814:	4693      	mov	fp, r2
10003816:	910b      	str	r1, [sp, #44]	@ 0x2c
10003818:	f8cd c040 	str.w	ip, [sp, #64]	@ 0x40
1000381c:	e003      	b.n	10003826 <_vsnprintf+0x8ea>
1000381e:	2e20      	cmp	r6, #32
10003820:	d017      	beq.n	10003852 <_vsnprintf+0x916>
10003822:	4604      	mov	r4, r0
10003824:	460d      	mov	r5, r1
10003826:	4629      	mov	r1, r5
10003828:	463a      	mov	r2, r7
1000382a:	2300      	movs	r3, #0
1000382c:	4620      	mov	r0, r4
1000382e:	f003 f81b 	bl	10006868 <____aeabi_uldivmod_veneer>
10003832:	b2d2      	uxtb	r2, r2
10003834:	2a09      	cmp	r2, #9
10003836:	f102 0330 	add.w	r3, r2, #48	@ 0x30
1000383a:	bf88      	it	hi
1000383c:	eb02 030b 	addhi.w	r3, r2, fp
10003840:	42bc      	cmp	r4, r7
10003842:	b2db      	uxtb	r3, r3
10003844:	f175 0500 	sbcs.w	r5, r5, #0
10003848:	f808 3b01 	strb.w	r3, [r8], #1
1000384c:	f106 0601 	add.w	r6, r6, #1
10003850:	d2e5      	bcs.n	1000381e <_vsnprintf+0x8e2>
10003852:	4631      	mov	r1, r6
10003854:	e9dd 350c 	ldrd	r3, r5, [sp, #48]	@ 0x30
10003858:	e9dd cb10 	ldrd	ip, fp, [sp, #64]	@ 0x40
1000385c:	f8dd 803c 	ldr.w	r8, [sp, #60]	@ 0x3c
10003860:	9e0e      	ldr	r6, [sp, #56]	@ 0x38
10003862:	e757      	b.n	10003714 <_vsnprintf+0x7d8>
10003864:	990a      	ldr	r1, [sp, #40]	@ 0x28
10003866:	6809      	ldr	r1, [r1, #0]
10003868:	b951      	cbnz	r1, 10003880 <_vsnprintf+0x944>
1000386a:	f023 0310 	bic.w	r3, r3, #16
1000386e:	b138      	cbz	r0, 10003880 <_vsnprintf+0x944>
10003870:	a912      	add	r1, sp, #72	@ 0x48
10003872:	910b      	str	r1, [sp, #44]	@ 0x2c
10003874:	e9cd 5305 	strd	r5, r3, [sp, #20]
10003878:	e9cd c603 	strd	ip, r6, [sp, #12]
1000387c:	9201      	str	r2, [sp, #4]
1000387e:	e5cf      	b.n	10003420 <_vsnprintf+0x4e4>
10003880:	f013 0f20 	tst.w	r3, #32
10003884:	bf14      	ite	ne
10003886:	2041      	movne	r0, #65	@ 0x41
10003888:	2061      	moveq	r0, #97	@ 0x61
1000388a:	ac12      	add	r4, sp, #72	@ 0x48
1000388c:	46a6      	mov	lr, r4
1000388e:	940b      	str	r4, [sp, #44]	@ 0x2c
10003890:	930a      	str	r3, [sp, #40]	@ 0x28
10003892:	f1a0 040a 	sub.w	r4, r0, #10
10003896:	950c      	str	r5, [sp, #48]	@ 0x30
10003898:	e002      	b.n	100038a0 <_vsnprintf+0x964>
1000389a:	2a20      	cmp	r2, #32
1000389c:	d012      	beq.n	100038c4 <_vsnprintf+0x988>
1000389e:	4629      	mov	r1, r5
100038a0:	fbb1 f5fc 	udiv	r5, r1, ip
100038a4:	fb0c 1015 	mls	r0, ip, r5, r1
100038a8:	b2c3      	uxtb	r3, r0
100038aa:	2809      	cmp	r0, #9
100038ac:	f103 0030 	add.w	r0, r3, #48	@ 0x30
100038b0:	bf8a      	itet	hi
100038b2:	191b      	addhi	r3, r3, r4
100038b4:	b2c3      	uxtbls	r3, r0
100038b6:	b2db      	uxtbhi	r3, r3
100038b8:	4561      	cmp	r1, ip
100038ba:	f80e 3b01 	strb.w	r3, [lr], #1
100038be:	f102 0201 	add.w	r2, r2, #1
100038c2:	d2ea      	bcs.n	1000389a <_vsnprintf+0x95e>
100038c4:	9b0a      	ldr	r3, [sp, #40]	@ 0x28
100038c6:	9d0c      	ldr	r5, [sp, #48]	@ 0x30
100038c8:	e7d4      	b.n	10003874 <_vsnprintf+0x938>
100038ca:	6819      	ldr	r1, [r3, #0]
100038cc:	ea81 77e1 	eor.w	r7, r1, r1, asr #31
100038d0:	eba7 77e1 	sub.w	r7, r7, r1, asr #31
100038d4:	e62d      	b.n	10003532 <_vsnprintf+0x5f6>
100038d6:	2a00      	cmp	r2, #0
100038d8:	f43f af59 	beq.w	1000378e <_vsnprintf+0x852>
100038dc:	aa12      	add	r2, sp, #72	@ 0x48
100038de:	920b      	str	r2, [sp, #44]	@ 0x2c
100038e0:	e771      	b.n	100037c6 <_vsnprintf+0x88a>
100038e2:	f413 6480 	ands.w	r4, r3, #1024	@ 0x400
100038e6:	d00d      	beq.n	10003904 <_vsnprintf+0x9c8>
100038e8:	f013 0402 	ands.w	r4, r3, #2
100038ec:	d012      	beq.n	10003914 <_vsnprintf+0x9d8>
100038ee:	4604      	mov	r4, r0
100038f0:	4646      	mov	r6, r8
100038f2:	e5ec      	b.n	100034ce <_vsnprintf+0x592>
100038f4:	270a      	movs	r7, #10
100038f6:	4663      	mov	r3, ip
100038f8:	46bc      	mov	ip, r7
100038fa:	e56c      	b.n	100033d6 <_vsnprintf+0x49a>
100038fc:	ab12      	add	r3, sp, #72	@ 0x48
100038fe:	2000      	movs	r0, #0
10003900:	930b      	str	r3, [sp, #44]	@ 0x2c
10003902:	e69d      	b.n	10003640 <_vsnprintf+0x704>
10003904:	f013 0302 	ands.w	r3, r3, #2
10003908:	f47f ade0 	bne.w	100034cc <_vsnprintf+0x590>
1000390c:	2d00      	cmp	r5, #0
1000390e:	f47f af13 	bne.w	10003738 <_vsnprintf+0x7fc>
10003912:	e49a      	b.n	1000324a <_vsnprintf+0x30e>
10003914:	2d00      	cmp	r5, #0
10003916:	f47f af0d 	bne.w	10003734 <_vsnprintf+0x7f8>
1000391a:	e496      	b.n	1000324a <_vsnprintf+0x30e>
1000391c:	cccccccd 	.word	0xcccccccd

10003920 <vfctprintf>:
10003920:	b570      	push	{r4, r5, r6, lr}
10003922:	4694      	mov	ip, r2
10003924:	461e      	mov	r6, r3
10003926:	4605      	mov	r5, r0
10003928:	460c      	mov	r4, r1
1000392a:	b084      	sub	sp, #16
1000392c:	f04f 32ff 	mov.w	r2, #4294967295	@ 0xffffffff
10003930:	4663      	mov	r3, ip
10003932:	a902      	add	r1, sp, #8
10003934:	9600      	str	r6, [sp, #0]
10003936:	4803      	ldr	r0, [pc, #12]	@ (10003944 <vfctprintf+0x24>)
10003938:	e9cd 5402 	strd	r5, r4, [sp, #8]
1000393c:	f7ff fafe 	bl	10002f3c <_vsnprintf>
10003940:	b004      	add	sp, #16
10003942:	bd70      	pop	{r4, r5, r6, pc}
10003944:	100024fd 	.word	0x100024fd

10003948 <weak_raw_vprintf>:
10003948:	b510      	push	{r4, lr}
1000394a:	4b09      	ldr	r3, [pc, #36]	@ (10003970 <weak_raw_vprintf+0x28>)
1000394c:	b084      	sub	sp, #16
1000394e:	681c      	ldr	r4, [r3, #0]
10003950:	b14c      	cbz	r4, 10003966 <weak_raw_vprintf+0x1e>
10003952:	4603      	mov	r3, r0
10003954:	9100      	str	r1, [sp, #0]
10003956:	f04f 32ff 	mov.w	r2, #4294967295	@ 0xffffffff
1000395a:	a903      	add	r1, sp, #12
1000395c:	4805      	ldr	r0, [pc, #20]	@ (10003974 <weak_raw_vprintf+0x2c>)
1000395e:	47a0      	blx	r4
10003960:	2001      	movs	r0, #1
10003962:	b004      	add	sp, #16
10003964:	bd10      	pop	{r4, pc}
10003966:	f000 f97f 	bl	10003c68 <__wrap_puts>
1000396a:	4620      	mov	r0, r4
1000396c:	b004      	add	sp, #16
1000396e:	bd10      	pop	{r4, pc}
10003970:	20001e0c 	.word	0x20001e0c
10003974:	100024f5 	.word	0x100024f5

10003978 <_exit>:
10003978:	be00      	bkpt	0x0000
1000397a:	e7fd      	b.n	10003978 <_exit>

1000397c <exit>:
1000397c:	b508      	push	{r3, lr}
1000397e:	f7ff fffb 	bl	10003978 <_exit>
10003982:	bf00      	nop

10003984 <runtime_init>:
10003984:	b538      	push	{r3, r4, r5, lr}
10003986:	4c06      	ldr	r4, [pc, #24]	@ (100039a0 <runtime_init+0x1c>)
10003988:	4d06      	ldr	r5, [pc, #24]	@ (100039a4 <runtime_init+0x20>)
1000398a:	f7fe fa07 	bl	10001d9c <runtime_run_initializers>
1000398e:	42ac      	cmp	r4, r5
10003990:	d204      	bcs.n	1000399c <runtime_init+0x18>
10003992:	f854 3b04 	ldr.w	r3, [r4], #4
10003996:	4798      	blx	r3
10003998:	42ac      	cmp	r4, r5
1000399a:	d3fa      	bcc.n	10003992 <runtime_init+0xe>
1000399c:	bd38      	pop	{r3, r4, r5, pc}
1000399e:	bf00      	nop
100039a0:	100068e0 	.word	0x100068e0
100039a4:	100068e8 	.word	0x100068e8

100039a8 <stdio_out_chars_no_crlf>:
100039a8:	6803      	ldr	r3, [r0, #0]
100039aa:	4608      	mov	r0, r1
100039ac:	4611      	mov	r1, r2
100039ae:	4718      	bx	r3

100039b0 <stdio_out_chars_crlf>:
100039b0:	e92d 41f0 	stmdb	sp!, {r4, r5, r6, r7, r8, lr}
100039b4:	4615      	mov	r5, r2
100039b6:	7d42      	ldrb	r2, [r0, #21]
100039b8:	4607      	mov	r7, r0
100039ba:	4688      	mov	r8, r1
100039bc:	2a00      	cmp	r2, #0
100039be:	d046      	beq.n	10003a4e <stdio_out_chars_crlf+0x9e>
100039c0:	2d00      	cmp	r5, #0
100039c2:	dd1d      	ble.n	10003a00 <stdio_out_chars_crlf+0x50>
100039c4:	780b      	ldrb	r3, [r1, #0]
100039c6:	2b0a      	cmp	r3, #10
100039c8:	d023      	beq.n	10003a12 <stdio_out_chars_crlf+0x62>
100039ca:	2d01      	cmp	r5, #1
100039cc:	f04f 0c00 	mov.w	ip, #0
100039d0:	d018      	beq.n	10003a04 <stdio_out_chars_crlf+0x54>
100039d2:	4646      	mov	r6, r8
100039d4:	2401      	movs	r4, #1
100039d6:	f816 2f01 	ldrb.w	r2, [r6, #1]!
100039da:	4621      	mov	r1, r4
100039dc:	2a0a      	cmp	r2, #10
100039de:	f104 0401 	add.w	r4, r4, #1
100039e2:	d022      	beq.n	10003a2a <stdio_out_chars_crlf+0x7a>
100039e4:	42a5      	cmp	r5, r4
100039e6:	d1f6      	bne.n	100039d6 <stdio_out_chars_crlf+0x26>
100039e8:	4565      	cmp	r5, ip
100039ea:	dc0b      	bgt.n	10003a04 <stdio_out_chars_crlf+0x54>
100039ec:	eb08 0305 	add.w	r3, r8, r5
100039f0:	f813 3c01 	ldrb.w	r3, [r3, #-1]
100039f4:	f1a3 030d 	sub.w	r3, r3, #13
100039f8:	fab3 f383 	clz	r3, r3
100039fc:	095b      	lsrs	r3, r3, #5
100039fe:	753b      	strb	r3, [r7, #20]
10003a00:	e8bd 81f0 	ldmia.w	sp!, {r4, r5, r6, r7, r8, pc}
10003a04:	683b      	ldr	r3, [r7, #0]
10003a06:	eba5 010c 	sub.w	r1, r5, ip
10003a0a:	eb08 000c 	add.w	r0, r8, ip
10003a0e:	4798      	blx	r3
10003a10:	e7ec      	b.n	100039ec <stdio_out_chars_crlf+0x3c>
10003a12:	7d03      	ldrb	r3, [r0, #20]
10003a14:	2b00      	cmp	r3, #0
10003a16:	d1d8      	bne.n	100039ca <stdio_out_chars_crlf+0x1a>
10003a18:	6803      	ldr	r3, [r0, #0]
10003a1a:	2102      	movs	r1, #2
10003a1c:	480f      	ldr	r0, [pc, #60]	@ (10003a5c <stdio_out_chars_crlf+0xac>)
10003a1e:	4798      	blx	r3
10003a20:	2d01      	cmp	r5, #1
10003a22:	d0e3      	beq.n	100039ec <stdio_out_chars_crlf+0x3c>
10003a24:	f04f 0c01 	mov.w	ip, #1
10003a28:	e7d3      	b.n	100039d2 <stdio_out_chars_crlf+0x22>
10003a2a:	f816 3c01 	ldrb.w	r3, [r6, #-1]
10003a2e:	2b0d      	cmp	r3, #13
10003a30:	d0d8      	beq.n	100039e4 <stdio_out_chars_crlf+0x34>
10003a32:	458c      	cmp	ip, r1
10003a34:	eb08 000c 	add.w	r0, r8, ip
10003a38:	eba1 010c 	sub.w	r1, r1, ip
10003a3c:	da01      	bge.n	10003a42 <stdio_out_chars_crlf+0x92>
10003a3e:	683b      	ldr	r3, [r7, #0]
10003a40:	4798      	blx	r3
10003a42:	2102      	movs	r1, #2
10003a44:	4805      	ldr	r0, [pc, #20]	@ (10003a5c <stdio_out_chars_crlf+0xac>)
10003a46:	683b      	ldr	r3, [r7, #0]
10003a48:	4798      	blx	r3
10003a4a:	46a4      	mov	ip, r4
10003a4c:	e7ca      	b.n	100039e4 <stdio_out_chars_crlf+0x34>
10003a4e:	4629      	mov	r1, r5
10003a50:	4640      	mov	r0, r8
10003a52:	683b      	ldr	r3, [r7, #0]
10003a54:	e8bd 41f0 	ldmia.w	sp!, {r4, r5, r6, r7, r8, lr}
10003a58:	4718      	bx	r3
10003a5a:	bf00      	nop
10003a5c:	10006be0 	.word	0x10006be0

10003a60 <stdio_buffered_printer>:
10003a60:	680b      	ldr	r3, [r1, #0]
10003a62:	e92d 41f0 	stmdb	sp!, {r4, r5, r6, r7, r8, lr}
10003a66:	2b80      	cmp	r3, #128	@ 0x80
10003a68:	460d      	mov	r5, r1
10003a6a:	4606      	mov	r6, r0
10003a6c:	d005      	beq.n	10003a7a <stdio_buffered_printer+0x1a>
10003a6e:	1c5a      	adds	r2, r3, #1
10003a70:	442b      	add	r3, r5
10003a72:	602a      	str	r2, [r5, #0]
10003a74:	711e      	strb	r6, [r3, #4]
10003a76:	e8bd 81f0 	ldmia.w	sp!, {r4, r5, r6, r7, r8, pc}
10003a7a:	4b0f      	ldr	r3, [pc, #60]	@ (10003ab8 <stdio_buffered_printer+0x58>)
10003a7c:	681c      	ldr	r4, [r3, #0]
10003a7e:	b1a4      	cbz	r4, 10003aaa <stdio_buffered_printer+0x4a>
10003a80:	4f0e      	ldr	r7, [pc, #56]	@ (10003abc <stdio_buffered_printer+0x5c>)
10003a82:	f101 0804 	add.w	r8, r1, #4
10003a86:	e001      	b.n	10003a8c <stdio_buffered_printer+0x2c>
10003a88:	6924      	ldr	r4, [r4, #16]
10003a8a:	b174      	cbz	r4, 10003aaa <stdio_buffered_printer+0x4a>
10003a8c:	6823      	ldr	r3, [r4, #0]
10003a8e:	2b00      	cmp	r3, #0
10003a90:	d0fa      	beq.n	10003a88 <stdio_buffered_printer+0x28>
10003a92:	683b      	ldr	r3, [r7, #0]
10003a94:	b10b      	cbz	r3, 10003a9a <stdio_buffered_printer+0x3a>
10003a96:	42a3      	cmp	r3, r4
10003a98:	d1f6      	bne.n	10003a88 <stdio_buffered_printer+0x28>
10003a9a:	4620      	mov	r0, r4
10003a9c:	4641      	mov	r1, r8
10003a9e:	682a      	ldr	r2, [r5, #0]
10003aa0:	f7ff ff86 	bl	100039b0 <stdio_out_chars_crlf>
10003aa4:	6924      	ldr	r4, [r4, #16]
10003aa6:	2c00      	cmp	r4, #0
10003aa8:	d1f0      	bne.n	10003a8c <stdio_buffered_printer+0x2c>
10003aaa:	2300      	movs	r3, #0
10003aac:	2201      	movs	r2, #1
10003aae:	442b      	add	r3, r5
10003ab0:	602a      	str	r2, [r5, #0]
10003ab2:	711e      	strb	r6, [r3, #4]
10003ab4:	e8bd 81f0 	ldmia.w	sp!, {r4, r5, r6, r7, r8, pc}
10003ab8:	200019fc 	.word	0x200019fc
10003abc:	20001a04 	.word	0x20001a04

10003ac0 <stdio_put_string>:
10003ac0:	e92d 47f0 	stmdb	sp!, {r4, r5, r6, r7, r8, r9, sl, lr}
10003ac4:	b082      	sub	sp, #8
10003ac6:	460d      	mov	r5, r1
10003ac8:	4691      	mov	r9, r2
10003aca:	461c      	mov	r4, r3
10003acc:	4606      	mov	r6, r0
10003ace:	f7fd ff21 	bl	10001914 <time_us_64>
10003ad2:	f04f 3cff 	mov.w	ip, #4294967295	@ 0xffffffff
10003ad6:	f06f 4700 	mvn.w	r7, #2147483648	@ 0x80000000
10003ada:	4a2e      	ldr	r2, [pc, #184]	@ (10003b94 <stdio_put_string+0xd4>)
10003adc:	1882      	adds	r2, r0, r2
10003ade:	f141 0300 	adc.w	r3, r1, #0
10003ae2:	4594      	cmp	ip, r2
10003ae4:	eb77 0103 	sbcs.w	r1, r7, r3
10003ae8:	bf3c      	itt	cc
10003aea:	4662      	movcc	r2, ip
10003aec:	463b      	movcc	r3, r7
10003aee:	482a      	ldr	r0, [pc, #168]	@ (10003b98 <stdio_put_string+0xd8>)
10003af0:	f002 fec6 	bl	10006880 <__mutex_try_enter_block_until_veneer>
10003af4:	1c6b      	adds	r3, r5, #1
10003af6:	4680      	mov	r8, r0
10003af8:	d040      	beq.n	10003b7c <stdio_put_string+0xbc>
10003afa:	b30c      	cbz	r4, 10003b40 <stdio_put_string+0x80>
10003afc:	4f27      	ldr	r7, [pc, #156]	@ (10003b9c <stdio_put_string+0xdc>)
10003afe:	4b28      	ldr	r3, [pc, #160]	@ (10003ba0 <stdio_put_string+0xe0>)
10003b00:	681c      	ldr	r4, [r3, #0]
10003b02:	b1b4      	cbz	r4, 10003b32 <stdio_put_string+0x72>
10003b04:	f1b9 0f00 	cmp.w	r9, #0
10003b08:	d11c      	bne.n	10003b44 <stdio_put_string+0x84>
10003b0a:	f8df 909c 	ldr.w	r9, [pc, #156]	@ 10003ba8 <stdio_put_string+0xe8>
10003b0e:	e001      	b.n	10003b14 <stdio_put_string+0x54>
10003b10:	6924      	ldr	r4, [r4, #16]
10003b12:	b174      	cbz	r4, 10003b32 <stdio_put_string+0x72>
10003b14:	6823      	ldr	r3, [r4, #0]
10003b16:	2b00      	cmp	r3, #0
10003b18:	d0fa      	beq.n	10003b10 <stdio_put_string+0x50>
10003b1a:	f8d9 3000 	ldr.w	r3, [r9]
10003b1e:	b10b      	cbz	r3, 10003b24 <stdio_put_string+0x64>
10003b20:	429c      	cmp	r4, r3
10003b22:	d1f5      	bne.n	10003b10 <stdio_put_string+0x50>
10003b24:	4620      	mov	r0, r4
10003b26:	462a      	mov	r2, r5
10003b28:	4631      	mov	r1, r6
10003b2a:	47b8      	blx	r7
10003b2c:	6924      	ldr	r4, [r4, #16]
10003b2e:	2c00      	cmp	r4, #0
10003b30:	d1f0      	bne.n	10003b14 <stdio_put_string+0x54>
10003b32:	f1b8 0f00 	cmp.w	r8, #0
10003b36:	d126      	bne.n	10003b86 <stdio_put_string+0xc6>
10003b38:	4628      	mov	r0, r5
10003b3a:	b002      	add	sp, #8
10003b3c:	e8bd 87f0 	ldmia.w	sp!, {r4, r5, r6, r7, r8, r9, sl, pc}
10003b40:	4f18      	ldr	r7, [pc, #96]	@ (10003ba4 <stdio_put_string+0xe4>)
10003b42:	e7dc      	b.n	10003afe <stdio_put_string+0x3e>
10003b44:	f04f 0a0a 	mov.w	sl, #10
10003b48:	f8df 905c 	ldr.w	r9, [pc, #92]	@ 10003ba8 <stdio_put_string+0xe8>
10003b4c:	e002      	b.n	10003b54 <stdio_put_string+0x94>
10003b4e:	6924      	ldr	r4, [r4, #16]
10003b50:	2c00      	cmp	r4, #0
10003b52:	d0ee      	beq.n	10003b32 <stdio_put_string+0x72>
10003b54:	6823      	ldr	r3, [r4, #0]
10003b56:	2b00      	cmp	r3, #0
10003b58:	d0f9      	beq.n	10003b4e <stdio_put_string+0x8e>
10003b5a:	f8d9 3000 	ldr.w	r3, [r9]
10003b5e:	b10b      	cbz	r3, 10003b64 <stdio_put_string+0xa4>
10003b60:	42a3      	cmp	r3, r4
10003b62:	d1f4      	bne.n	10003b4e <stdio_put_string+0x8e>
10003b64:	462a      	mov	r2, r5
10003b66:	4631      	mov	r1, r6
10003b68:	4620      	mov	r0, r4
10003b6a:	47b8      	blx	r7
10003b6c:	2201      	movs	r2, #1
10003b6e:	4620      	mov	r0, r4
10003b70:	f10d 0107 	add.w	r1, sp, #7
10003b74:	f88d a007 	strb.w	sl, [sp, #7]
10003b78:	47b8      	blx	r7
10003b7a:	e7e8      	b.n	10003b4e <stdio_put_string+0x8e>
10003b7c:	4630      	mov	r0, r6
10003b7e:	f002 fe37 	bl	100067f0 <strlen>
10003b82:	4605      	mov	r5, r0
10003b84:	e7b9      	b.n	10003afa <stdio_put_string+0x3a>
10003b86:	4804      	ldr	r0, [pc, #16]	@ (10003b98 <stdio_put_string+0xd8>)
10003b88:	f002 fe72 	bl	10006870 <__mutex_exit_veneer>
10003b8c:	4628      	mov	r0, r5
10003b8e:	b002      	add	sp, #8
10003b90:	e8bd 87f0 	ldmia.w	sp!, {r4, r5, r6, r7, r8, r9, sl, pc}
10003b94:	000f4240 	.word	0x000f4240
10003b98:	2000123c 	.word	0x2000123c
10003b9c:	100039b1 	.word	0x100039b1
10003ba0:	200019fc 	.word	0x200019fc
10003ba4:	100039a9 	.word	0x100039a9
10003ba8:	20001a04 	.word	0x20001a04

10003bac <stdio_set_driver_enabled>:
10003bac:	4a08      	ldr	r2, [pc, #32]	@ (10003bd0 <stdio_set_driver_enabled+0x24>)
10003bae:	6813      	ldr	r3, [r2, #0]
10003bb0:	b923      	cbnz	r3, 10003bbc <stdio_set_driver_enabled+0x10>
10003bb2:	e00a      	b.n	10003bca <stdio_set_driver_enabled+0x1e>
10003bb4:	f103 0210 	add.w	r2, r3, #16
10003bb8:	691b      	ldr	r3, [r3, #16]
10003bba:	b133      	cbz	r3, 10003bca <stdio_set_driver_enabled+0x1e>
10003bbc:	4283      	cmp	r3, r0
10003bbe:	d1f9      	bne.n	10003bb4 <stdio_set_driver_enabled+0x8>
10003bc0:	b929      	cbnz	r1, 10003bce <stdio_set_driver_enabled+0x22>
10003bc2:	6918      	ldr	r0, [r3, #16]
10003bc4:	6010      	str	r0, [r2, #0]
10003bc6:	6119      	str	r1, [r3, #16]
10003bc8:	4770      	bx	lr
10003bca:	b101      	cbz	r1, 10003bce <stdio_set_driver_enabled+0x22>
10003bcc:	6010      	str	r0, [r2, #0]
10003bce:	4770      	bx	lr
10003bd0:	200019fc 	.word	0x200019fc

10003bd4 <stdio_init_all>:
10003bd4:	b508      	push	{r3, lr}
10003bd6:	f000 f9a5 	bl	10003f24 <stdio_uart_init>
10003bda:	f000 fbdb 	bl	10004394 <stdio_usb_init>
10003bde:	2001      	movs	r0, #1
10003be0:	bd08      	pop	{r3, pc}
10003be2:	bf00      	nop

10003be4 <__wrap_putchar>:
10003be4:	b5f0      	push	{r4, r5, r6, r7, lr}
10003be6:	b083      	sub	sp, #12
10003be8:	4606      	mov	r6, r0
10003bea:	f88d 0007 	strb.w	r0, [sp, #7]
10003bee:	f7fd fe91 	bl	10001914 <time_us_64>
10003bf2:	f04f 35ff 	mov.w	r5, #4294967295	@ 0xffffffff
10003bf6:	f06f 4400 	mvn.w	r4, #2147483648	@ 0x80000000
10003bfa:	4a17      	ldr	r2, [pc, #92]	@ (10003c58 <__wrap_putchar+0x74>)
10003bfc:	1882      	adds	r2, r0, r2
10003bfe:	f141 0300 	adc.w	r3, r1, #0
10003c02:	4295      	cmp	r5, r2
10003c04:	eb74 0103 	sbcs.w	r1, r4, r3
10003c08:	bf3c      	itt	cc
10003c0a:	4623      	movcc	r3, r4
10003c0c:	462a      	movcc	r2, r5
10003c0e:	4813      	ldr	r0, [pc, #76]	@ (10003c5c <__wrap_putchar+0x78>)
10003c10:	f002 fe36 	bl	10006880 <__mutex_try_enter_block_until_veneer>
10003c14:	4b12      	ldr	r3, [pc, #72]	@ (10003c60 <__wrap_putchar+0x7c>)
10003c16:	4607      	mov	r7, r0
10003c18:	681c      	ldr	r4, [r3, #0]
10003c1a:	b19c      	cbz	r4, 10003c44 <__wrap_putchar+0x60>
10003c1c:	4d11      	ldr	r5, [pc, #68]	@ (10003c64 <__wrap_putchar+0x80>)
10003c1e:	e001      	b.n	10003c24 <__wrap_putchar+0x40>
10003c20:	6924      	ldr	r4, [r4, #16]
10003c22:	b17c      	cbz	r4, 10003c44 <__wrap_putchar+0x60>
10003c24:	6823      	ldr	r3, [r4, #0]
10003c26:	2b00      	cmp	r3, #0
10003c28:	d0fa      	beq.n	10003c20 <__wrap_putchar+0x3c>
10003c2a:	682b      	ldr	r3, [r5, #0]
10003c2c:	b10b      	cbz	r3, 10003c32 <__wrap_putchar+0x4e>
10003c2e:	429c      	cmp	r4, r3
10003c30:	d1f6      	bne.n	10003c20 <__wrap_putchar+0x3c>
10003c32:	4620      	mov	r0, r4
10003c34:	2201      	movs	r2, #1
10003c36:	f10d 0107 	add.w	r1, sp, #7
10003c3a:	f7ff feb9 	bl	100039b0 <stdio_out_chars_crlf>
10003c3e:	6924      	ldr	r4, [r4, #16]
10003c40:	2c00      	cmp	r4, #0
10003c42:	d1ef      	bne.n	10003c24 <__wrap_putchar+0x40>
10003c44:	b917      	cbnz	r7, 10003c4c <__wrap_putchar+0x68>
10003c46:	4630      	mov	r0, r6
10003c48:	b003      	add	sp, #12
10003c4a:	bdf0      	pop	{r4, r5, r6, r7, pc}
10003c4c:	4803      	ldr	r0, [pc, #12]	@ (10003c5c <__wrap_putchar+0x78>)
10003c4e:	f002 fe0f 	bl	10006870 <__mutex_exit_veneer>
10003c52:	4630      	mov	r0, r6
10003c54:	b003      	add	sp, #12
10003c56:	bdf0      	pop	{r4, r5, r6, r7, pc}
10003c58:	000f4240 	.word	0x000f4240
10003c5c:	2000123c 	.word	0x2000123c
10003c60:	200019fc 	.word	0x200019fc
10003c64:	20001a04 	.word	0x20001a04

10003c68 <__wrap_puts>:
10003c68:	b538      	push	{r3, r4, r5, lr}
10003c6a:	4604      	mov	r4, r0
10003c6c:	f002 fdc0 	bl	100067f0 <strlen>
10003c70:	2301      	movs	r3, #1
10003c72:	4605      	mov	r5, r0
10003c74:	461a      	mov	r2, r3
10003c76:	4620      	mov	r0, r4
10003c78:	4629      	mov	r1, r5
10003c7a:	f7ff ff21 	bl	10003ac0 <stdio_put_string>
10003c7e:	4b08      	ldr	r3, [pc, #32]	@ (10003ca0 <__wrap_puts+0x38>)
10003c80:	681c      	ldr	r4, [r3, #0]
10003c82:	b12c      	cbz	r4, 10003c90 <__wrap_puts+0x28>
10003c84:	6863      	ldr	r3, [r4, #4]
10003c86:	b12b      	cbz	r3, 10003c94 <__wrap_puts+0x2c>
10003c88:	4798      	blx	r3
10003c8a:	6924      	ldr	r4, [r4, #16]
10003c8c:	2c00      	cmp	r4, #0
10003c8e:	d1f9      	bne.n	10003c84 <__wrap_puts+0x1c>
10003c90:	4628      	mov	r0, r5
10003c92:	bd38      	pop	{r3, r4, r5, pc}
10003c94:	6924      	ldr	r4, [r4, #16]
10003c96:	2c00      	cmp	r4, #0
10003c98:	d1f4      	bne.n	10003c84 <__wrap_puts+0x1c>
10003c9a:	4628      	mov	r0, r5
10003c9c:	bd38      	pop	{r3, r4, r5, pc}
10003c9e:	bf00      	nop
10003ca0:	200019fc 	.word	0x200019fc

10003ca4 <__wrap_vprintf>:
10003ca4:	e92d 41f0 	stmdb	sp!, {r4, r5, r6, r7, r8, lr}
10003ca8:	b0a2      	sub	sp, #136	@ 0x88
10003caa:	4604      	mov	r4, r0
10003cac:	460d      	mov	r5, r1
10003cae:	f7fd fe31 	bl	10001914 <time_us_64>
10003cb2:	f04f 37ff 	mov.w	r7, #4294967295	@ 0xffffffff
10003cb6:	f06f 4600 	mvn.w	r6, #2147483648	@ 0x80000000
10003cba:	4a26      	ldr	r2, [pc, #152]	@ (10003d54 <__wrap_vprintf+0xb0>)
10003cbc:	f8df 80a4 	ldr.w	r8, [pc, #164]	@ 10003d64 <__wrap_vprintf+0xc0>
10003cc0:	1882      	adds	r2, r0, r2
10003cc2:	f141 0300 	adc.w	r3, r1, #0
10003cc6:	4297      	cmp	r7, r2
10003cc8:	eb76 0103 	sbcs.w	r1, r6, r3
10003ccc:	bf3c      	itt	cc
10003cce:	463a      	movcc	r2, r7
10003cd0:	4633      	movcc	r3, r6
10003cd2:	4821      	ldr	r0, [pc, #132]	@ (10003d58 <__wrap_vprintf+0xb4>)
10003cd4:	f002 fdd4 	bl	10006880 <__mutex_try_enter_block_until_veneer>
10003cd8:	2700      	movs	r7, #0
10003cda:	462b      	mov	r3, r5
10003cdc:	4622      	mov	r2, r4
10003cde:	4606      	mov	r6, r0
10003ce0:	a901      	add	r1, sp, #4
10003ce2:	481e      	ldr	r0, [pc, #120]	@ (10003d5c <__wrap_vprintf+0xb8>)
10003ce4:	9701      	str	r7, [sp, #4]
10003ce6:	f7ff fe1b 	bl	10003920 <vfctprintf>
10003cea:	9b01      	ldr	r3, [sp, #4]
10003cec:	4605      	mov	r5, r0
10003cee:	f8d8 4000 	ldr.w	r4, [r8]
10003cf2:	b1c3      	cbz	r3, 10003d26 <__wrap_vprintf+0x82>
10003cf4:	2c00      	cmp	r4, #0
10003cf6:	d02b      	beq.n	10003d50 <__wrap_vprintf+0xac>
10003cf8:	4f19      	ldr	r7, [pc, #100]	@ (10003d60 <__wrap_vprintf+0xbc>)
10003cfa:	e001      	b.n	10003d00 <__wrap_vprintf+0x5c>
10003cfc:	6924      	ldr	r4, [r4, #16]
10003cfe:	b174      	cbz	r4, 10003d1e <__wrap_vprintf+0x7a>
10003d00:	6823      	ldr	r3, [r4, #0]
10003d02:	2b00      	cmp	r3, #0
10003d04:	d0fa      	beq.n	10003cfc <__wrap_vprintf+0x58>
10003d06:	683b      	ldr	r3, [r7, #0]
10003d08:	b10b      	cbz	r3, 10003d0e <__wrap_vprintf+0x6a>
10003d0a:	42a3      	cmp	r3, r4
10003d0c:	d1f6      	bne.n	10003cfc <__wrap_vprintf+0x58>
10003d0e:	4620      	mov	r0, r4
10003d10:	9a01      	ldr	r2, [sp, #4]
10003d12:	a902      	add	r1, sp, #8
10003d14:	f7ff fe4c 	bl	100039b0 <stdio_out_chars_crlf>
10003d18:	6924      	ldr	r4, [r4, #16]
10003d1a:	2c00      	cmp	r4, #0
10003d1c:	d1f0      	bne.n	10003d00 <__wrap_vprintf+0x5c>
10003d1e:	2300      	movs	r3, #0
10003d20:	f8d8 4000 	ldr.w	r4, [r8]
10003d24:	9301      	str	r3, [sp, #4]
10003d26:	b12c      	cbz	r4, 10003d34 <__wrap_vprintf+0x90>
10003d28:	6863      	ldr	r3, [r4, #4]
10003d2a:	b143      	cbz	r3, 10003d3e <__wrap_vprintf+0x9a>
10003d2c:	4798      	blx	r3
10003d2e:	6924      	ldr	r4, [r4, #16]
10003d30:	2c00      	cmp	r4, #0
10003d32:	d1f9      	bne.n	10003d28 <__wrap_vprintf+0x84>
10003d34:	b92e      	cbnz	r6, 10003d42 <__wrap_vprintf+0x9e>
10003d36:	4628      	mov	r0, r5
10003d38:	b022      	add	sp, #136	@ 0x88
10003d3a:	e8bd 81f0 	ldmia.w	sp!, {r4, r5, r6, r7, r8, pc}
10003d3e:	6924      	ldr	r4, [r4, #16]
10003d40:	e7f1      	b.n	10003d26 <__wrap_vprintf+0x82>
10003d42:	4805      	ldr	r0, [pc, #20]	@ (10003d58 <__wrap_vprintf+0xb4>)
10003d44:	f002 fd94 	bl	10006870 <__mutex_exit_veneer>
10003d48:	4628      	mov	r0, r5
10003d4a:	b022      	add	sp, #136	@ 0x88
10003d4c:	e8bd 81f0 	ldmia.w	sp!, {r4, r5, r6, r7, r8, pc}
10003d50:	9401      	str	r4, [sp, #4]
10003d52:	e7ef      	b.n	10003d34 <__wrap_vprintf+0x90>
10003d54:	000f4240 	.word	0x000f4240
10003d58:	2000123c 	.word	0x2000123c
10003d5c:	10003a61 	.word	0x10003a61
10003d60:	20001a04 	.word	0x20001a04
10003d64:	200019fc 	.word	0x200019fc

10003d68 <__wrap_printf>:
10003d68:	b40f      	push	{r0, r1, r2, r3}
10003d6a:	b500      	push	{lr}
10003d6c:	b083      	sub	sp, #12
10003d6e:	a904      	add	r1, sp, #16
10003d70:	f851 0b04 	ldr.w	r0, [r1], #4
10003d74:	9101      	str	r1, [sp, #4]
10003d76:	f7ff ff95 	bl	10003ca4 <__wrap_vprintf>
10003d7a:	b003      	add	sp, #12
10003d7c:	f85d eb04 	ldr.w	lr, [sp], #4
10003d80:	b004      	add	sp, #16
10003d82:	4770      	bx	lr

10003d84 <stdio_uart_out_chars>:
10003d84:	f1b1 0c00 	subs.w	ip, r1, #0
10003d88:	dd1d      	ble.n	10003dc6 <stdio_uart_out_chars+0x42>
10003d8a:	4a0f      	ldr	r2, [pc, #60]	@ (10003dc8 <stdio_uart_out_chars+0x44>)
10003d8c:	4b0f      	ldr	r3, [pc, #60]	@ (10003dcc <stdio_uart_out_chars+0x48>)
10003d8e:	6812      	ldr	r2, [r2, #0]
10003d90:	b530      	push	{r4, r5, lr}
10003d92:	1ad3      	subs	r3, r2, r3
10003d94:	fab3 f383 	clz	r3, r3
10003d98:	240d      	movs	r4, #13
10003d9a:	4d0d      	ldr	r5, [pc, #52]	@ (10003dd0 <stdio_uart_out_chars+0x4c>)
10003d9c:	095b      	lsrs	r3, r3, #5
10003d9e:	1e41      	subs	r1, r0, #1
10003da0:	f935 e013 	ldrsh.w	lr, [r5, r3, lsl #1]
10003da4:	448c      	add	ip, r1
10003da6:	f811 0f01 	ldrb.w	r0, [r1, #1]!
10003daa:	4586      	cmp	lr, r0
10003dac:	d006      	beq.n	10003dbc <stdio_uart_out_chars+0x38>
10003dae:	6993      	ldr	r3, [r2, #24]
10003db0:	069b      	lsls	r3, r3, #26
10003db2:	d4fc      	bmi.n	10003dae <stdio_uart_out_chars+0x2a>
10003db4:	4561      	cmp	r1, ip
10003db6:	6010      	str	r0, [r2, #0]
10003db8:	d1f5      	bne.n	10003da6 <stdio_uart_out_chars+0x22>
10003dba:	bd30      	pop	{r4, r5, pc}
10003dbc:	6993      	ldr	r3, [r2, #24]
10003dbe:	069d      	lsls	r5, r3, #26
10003dc0:	d4fc      	bmi.n	10003dbc <stdio_uart_out_chars+0x38>
10003dc2:	6014      	str	r4, [r2, #0]
10003dc4:	e7f3      	b.n	10003dae <stdio_uart_out_chars+0x2a>
10003dc6:	4770      	bx	lr
10003dc8:	20001e98 	.word	0x20001e98
10003dcc:	40078000 	.word	0x40078000
10003dd0:	20001e94 	.word	0x20001e94

10003dd4 <stdio_uart_in_chars>:
10003dd4:	4b22      	ldr	r3, [pc, #136]	@ (10003e60 <stdio_uart_in_chars+0x8c>)
10003dd6:	f1b1 0c00 	subs.w	ip, r1, #0
10003dda:	b410      	push	{r4}
10003ddc:	681c      	ldr	r4, [r3, #0]
10003dde:	dd2e      	ble.n	10003e3e <stdio_uart_in_chars+0x6a>
10003de0:	4603      	mov	r3, r0
10003de2:	2000      	movs	r0, #0
10003de4:	4a1f      	ldr	r2, [pc, #124]	@ (10003e64 <stdio_uart_in_chars+0x90>)
10003de6:	1e59      	subs	r1, r3, #1
10003de8:	6812      	ldr	r2, [r2, #0]
10003dea:	6993      	ldr	r3, [r2, #24]
10003dec:	06db      	lsls	r3, r3, #27
10003dee:	d417      	bmi.n	10003e20 <stdio_uart_in_chars+0x4c>
10003df0:	3001      	adds	r0, #1
10003df2:	6993      	ldr	r3, [r2, #24]
10003df4:	06db      	lsls	r3, r3, #27
10003df6:	d4fc      	bmi.n	10003df2 <stdio_uart_in_chars+0x1e>
10003df8:	6813      	ldr	r3, [r2, #0]
10003dfa:	4584      	cmp	ip, r0
10003dfc:	f801 3f01 	strb.w	r3, [r1, #1]!
10003e00:	d1f3      	bne.n	10003dea <stdio_uart_in_chars+0x16>
10003e02:	b14c      	cbz	r4, 10003e18 <stdio_uart_in_chars+0x44>
10003e04:	2150      	movs	r1, #80	@ 0x50
10003e06:	4613      	mov	r3, r2
10003e08:	6391      	str	r1, [r2, #56]	@ 0x38
10003e0a:	f853 2f34 	ldr.w	r2, [r3, #52]!
10003e0e:	f002 0238 	and.w	r2, r2, #56	@ 0x38
10003e12:	f503 5380 	add.w	r3, r3, #4096	@ 0x1000
10003e16:	601a      	str	r2, [r3, #0]
10003e18:	4660      	mov	r0, ip
10003e1a:	f85d 4b04 	ldr.w	r4, [sp], #4
10003e1e:	4770      	bx	lr
10003e20:	b14c      	cbz	r4, 10003e36 <stdio_uart_in_chars+0x62>
10003e22:	2150      	movs	r1, #80	@ 0x50
10003e24:	4613      	mov	r3, r2
10003e26:	6391      	str	r1, [r2, #56]	@ 0x38
10003e28:	f853 2f34 	ldr.w	r2, [r3, #52]!
10003e2c:	f002 0238 	and.w	r2, r2, #56	@ 0x38
10003e30:	f503 5380 	add.w	r3, r3, #4096	@ 0x1000
10003e34:	601a      	str	r2, [r3, #0]
10003e36:	b178      	cbz	r0, 10003e58 <stdio_uart_in_chars+0x84>
10003e38:	f85d 4b04 	ldr.w	r4, [sp], #4
10003e3c:	4770      	bx	lr
10003e3e:	b15c      	cbz	r4, 10003e58 <stdio_uart_in_chars+0x84>
10003e40:	4b08      	ldr	r3, [pc, #32]	@ (10003e64 <stdio_uart_in_chars+0x90>)
10003e42:	2150      	movs	r1, #80	@ 0x50
10003e44:	681a      	ldr	r2, [r3, #0]
10003e46:	4613      	mov	r3, r2
10003e48:	6391      	str	r1, [r2, #56]	@ 0x38
10003e4a:	f853 2f34 	ldr.w	r2, [r3, #52]!
10003e4e:	f002 0238 	and.w	r2, r2, #56	@ 0x38
10003e52:	f503 5380 	add.w	r3, r3, #4096	@ 0x1000
10003e56:	601a      	str	r2, [r3, #0]
10003e58:	f06f 0002 	mvn.w	r0, #2
10003e5c:	e7dd      	b.n	10003e1a <stdio_uart_in_chars+0x46>
10003e5e:	bf00      	nop
10003e60:	20001994 	.word	0x20001994
10003e64:	20001e98 	.word	0x20001e98

10003e68 <on_uart_rx>:
10003e68:	4b05      	ldr	r3, [pc, #20]	@ (10003e80 <on_uart_rx+0x18>)
10003e6a:	681b      	ldr	r3, [r3, #0]
10003e6c:	b133      	cbz	r3, 10003e7c <on_uart_rx+0x14>
10003e6e:	2100      	movs	r1, #0
10003e70:	4a04      	ldr	r2, [pc, #16]	@ (10003e84 <on_uart_rx+0x1c>)
10003e72:	4805      	ldr	r0, [pc, #20]	@ (10003e88 <on_uart_rx+0x20>)
10003e74:	6812      	ldr	r2, [r2, #0]
10003e76:	6800      	ldr	r0, [r0, #0]
10003e78:	6391      	str	r1, [r2, #56]	@ 0x38
10003e7a:	4718      	bx	r3
10003e7c:	4770      	bx	lr
10003e7e:	bf00      	nop
10003e80:	20001994 	.word	0x20001994
10003e84:	20001e98 	.word	0x20001e98
10003e88:	2000199c 	.word	0x2000199c

10003e8c <stdio_uart_out_flush>:
10003e8c:	4b02      	ldr	r3, [pc, #8]	@ (10003e98 <stdio_uart_out_flush+0xc>)
10003e8e:	681a      	ldr	r2, [r3, #0]
10003e90:	6993      	ldr	r3, [r2, #24]
10003e92:	071b      	lsls	r3, r3, #28
10003e94:	d4fc      	bmi.n	10003e90 <stdio_uart_out_flush+0x4>
10003e96:	4770      	bx	lr
10003e98:	20001e98 	.word	0x20001e98

10003e9c <stdio_uart_set_chars_available_callback>:
10003e9c:	b5f8      	push	{r3, r4, r5, r6, r7, lr}
10003e9e:	4f1c      	ldr	r7, [pc, #112]	@ (10003f10 <stdio_uart_set_chars_available_callback+0x74>)
10003ea0:	4d1c      	ldr	r5, [pc, #112]	@ (10003f14 <stdio_uart_set_chars_available_callback+0x78>)
10003ea2:	683a      	ldr	r2, [r7, #0]
10003ea4:	4e1c      	ldr	r6, [pc, #112]	@ (10003f18 <stdio_uart_set_chars_available_callback+0x7c>)
10003ea6:	42aa      	cmp	r2, r5
10003ea8:	bf14      	ite	ne
10003eaa:	2521      	movne	r5, #33	@ 0x21
10003eac:	2522      	moveq	r5, #34	@ 0x22
10003eae:	4604      	mov	r4, r0
10003eb0:	f8d6 c000 	ldr.w	ip, [r6]
10003eb4:	b118      	cbz	r0, 10003ebe <stdio_uart_set_chars_available_callback+0x22>
10003eb6:	f1bc 0f00 	cmp.w	ip, #0
10003eba:	d010      	beq.n	10003ede <stdio_uart_set_chars_available_callback+0x42>
10003ebc:	bdf8      	pop	{r3, r4, r5, r6, r7, pc}
10003ebe:	f1bc 0f00 	cmp.w	ip, #0
10003ec2:	d0fb      	beq.n	10003ebc <stdio_uart_set_chars_available_callback+0x20>
10003ec4:	4601      	mov	r1, r0
10003ec6:	6390      	str	r0, [r2, #56]	@ 0x38
10003ec8:	4628      	mov	r0, r5
10003eca:	f7fc fddf 	bl	10000a8c <irq_set_enabled>
10003ece:	4628      	mov	r0, r5
10003ed0:	4912      	ldr	r1, [pc, #72]	@ (10003f1c <stdio_uart_set_chars_available_callback+0x80>)
10003ed2:	f7fc ff41 	bl	10000d58 <irq_remove_handler>
10003ed6:	4b12      	ldr	r3, [pc, #72]	@ (10003f20 <stdio_uart_set_chars_available_callback+0x84>)
10003ed8:	6034      	str	r4, [r6, #0]
10003eda:	601c      	str	r4, [r3, #0]
10003edc:	bdf8      	pop	{r3, r4, r5, r6, r7, pc}
10003ede:	460b      	mov	r3, r1
10003ee0:	4a0f      	ldr	r2, [pc, #60]	@ (10003f20 <stdio_uart_set_chars_available_callback+0x84>)
10003ee2:	490e      	ldr	r1, [pc, #56]	@ (10003f1c <stdio_uart_set_chars_available_callback+0x80>)
10003ee4:	6030      	str	r0, [r6, #0]
10003ee6:	4628      	mov	r0, r5
10003ee8:	6013      	str	r3, [r2, #0]
10003eea:	f7fc fe11 	bl	10000b10 <irq_set_exclusive_handler>
10003eee:	2101      	movs	r1, #1
10003ef0:	4628      	mov	r0, r5
10003ef2:	f7fc fdcb 	bl	10000a8c <irq_set_enabled>
10003ef6:	683a      	ldr	r2, [r7, #0]
10003ef8:	2150      	movs	r1, #80	@ 0x50
10003efa:	4613      	mov	r3, r2
10003efc:	6391      	str	r1, [r2, #56]	@ 0x38
10003efe:	f853 2f34 	ldr.w	r2, [r3, #52]!
10003f02:	f002 0238 	and.w	r2, r2, #56	@ 0x38
10003f06:	f503 5380 	add.w	r3, r3, #4096	@ 0x1000
10003f0a:	601a      	str	r2, [r3, #0]
10003f0c:	bdf8      	pop	{r3, r4, r5, r6, r7, pc}
10003f0e:	bf00      	nop
10003f10:	20001e98 	.word	0x20001e98
10003f14:	40078000 	.word	0x40078000
10003f18:	20001994 	.word	0x20001994
10003f1c:	10003e69 	.word	0x10003e69
10003f20:	2000199c 	.word	0x2000199c

10003f24 <stdio_uart_init>:
10003f24:	b510      	push	{r4, lr}
10003f26:	490e      	ldr	r1, [pc, #56]	@ (10003f60 <stdio_uart_init+0x3c>)
10003f28:	4c0e      	ldr	r4, [pc, #56]	@ (10003f64 <stdio_uart_init+0x40>)
10003f2a:	480f      	ldr	r0, [pc, #60]	@ (10003f68 <stdio_uart_init+0x44>)
10003f2c:	4a0f      	ldr	r2, [pc, #60]	@ (10003f6c <stdio_uart_init+0x48>)
10003f2e:	4b10      	ldr	r3, [pc, #64]	@ (10003f70 <stdio_uart_init+0x4c>)
10003f30:	7800      	ldrb	r0, [r0, #0]
10003f32:	6021      	str	r1, [r4, #0]
10003f34:	2000      	movs	r0, #0
10003f36:	2102      	movs	r1, #2
10003f38:	7812      	ldrb	r2, [r2, #0]
10003f3a:	781b      	ldrb	r3, [r3, #0]
10003f3c:	f7fc fc28 	bl	10000790 <gpio_set_function>
10003f40:	2102      	movs	r1, #2
10003f42:	2001      	movs	r0, #1
10003f44:	f7fc fc24 	bl	10000790 <gpio_set_function>
10003f48:	f44f 31e1 	mov.w	r1, #115200	@ 0x1c200
10003f4c:	6820      	ldr	r0, [r4, #0]
10003f4e:	f7fd fd2b 	bl	100019a8 <uart_init>
10003f52:	e8bd 4010 	ldmia.w	sp!, {r4, lr}
10003f56:	2101      	movs	r1, #1
10003f58:	4806      	ldr	r0, [pc, #24]	@ (10003f74 <stdio_uart_init+0x50>)
10003f5a:	f7ff be27 	b.w	10003bac <stdio_set_driver_enabled>
10003f5e:	bf00      	nop
10003f60:	40070000 	.word	0x40070000
10003f64:	20001e98 	.word	0x20001e98
10003f68:	10006de8 	.word	0x10006de8
10003f6c:	10006de4 	.word	0x10006de4
10003f70:	10006de0 	.word	0x10006de0
10003f74:	200011ec 	.word	0x200011ec

10003f78 <resetd_init>:
10003f78:	4770      	bx	lr
10003f7a:	bf00      	nop

10003f7c <resetd_reset>:
10003f7c:	2200      	movs	r2, #0
10003f7e:	4b01      	ldr	r3, [pc, #4]	@ (10003f84 <resetd_reset+0x8>)
10003f80:	701a      	strb	r2, [r3, #0]
10003f82:	4770      	bx	lr
10003f84:	20001eb2 	.word	0x20001eb2

10003f88 <resetd_open>:
10003f88:	794b      	ldrb	r3, [r1, #5]
10003f8a:	2bff      	cmp	r3, #255	@ 0xff
10003f8c:	d10b      	bne.n	10003fa6 <resetd_open+0x1e>
10003f8e:	7988      	ldrb	r0, [r1, #6]
10003f90:	b948      	cbnz	r0, 10003fa6 <resetd_open+0x1e>
10003f92:	79cb      	ldrb	r3, [r1, #7]
10003f94:	2b01      	cmp	r3, #1
10003f96:	d107      	bne.n	10003fa8 <resetd_open+0x20>
10003f98:	2a08      	cmp	r2, #8
10003f9a:	d905      	bls.n	10003fa8 <resetd_open+0x20>
10003f9c:	4b03      	ldr	r3, [pc, #12]	@ (10003fac <resetd_open+0x24>)
10003f9e:	788a      	ldrb	r2, [r1, #2]
10003fa0:	2009      	movs	r0, #9
10003fa2:	701a      	strb	r2, [r3, #0]
10003fa4:	4770      	bx	lr
10003fa6:	2000      	movs	r0, #0
10003fa8:	4770      	bx	lr
10003faa:	bf00      	nop
10003fac:	20001eb2 	.word	0x20001eb2

10003fb0 <resetd_xfer_cb>:
10003fb0:	2001      	movs	r0, #1
10003fb2:	4770      	bx	lr

10003fb4 <resetd_control_xfer_cb>:
10003fb4:	2901      	cmp	r1, #1
10003fb6:	d001      	beq.n	10003fbc <resetd_control_xfer_cb+0x8>
10003fb8:	2001      	movs	r0, #1
10003fba:	4770      	bx	lr
10003fbc:	b508      	push	{r3, lr}
10003fbe:	4b10      	ldr	r3, [pc, #64]	@ (10004000 <resetd_control_xfer_cb+0x4c>)
10003fc0:	8891      	ldrh	r1, [r2, #4]
10003fc2:	781b      	ldrb	r3, [r3, #0]
10003fc4:	4299      	cmp	r1, r3
10003fc6:	d001      	beq.n	10003fcc <resetd_control_xfer_cb+0x18>
10003fc8:	2000      	movs	r0, #0
10003fca:	bd08      	pop	{r3, pc}
10003fcc:	7853      	ldrb	r3, [r2, #1]
10003fce:	2b01      	cmp	r3, #1
10003fd0:	d008      	beq.n	10003fe4 <resetd_control_xfer_cb+0x30>
10003fd2:	2b02      	cmp	r3, #2
10003fd4:	d1f8      	bne.n	10003fc8 <resetd_control_xfer_cb+0x14>
10003fd6:	2100      	movs	r1, #0
10003fd8:	2264      	movs	r2, #100	@ 0x64
10003fda:	4608      	mov	r0, r1
10003fdc:	f7fd fe1a 	bl	10001c14 <watchdog_reboot>
10003fe0:	2001      	movs	r0, #1
10003fe2:	bd08      	pop	{r3, pc}
10003fe4:	8851      	ldrh	r1, [r2, #2]
10003fe6:	05cb      	lsls	r3, r1, #23
10003fe8:	bf48      	it	mi
10003fea:	0a48      	lsrmi	r0, r1, #9
10003fec:	f3c1 2240 	ubfx	r2, r1, #9, #1
10003ff0:	bf58      	it	pl
10003ff2:	f04f 30ff 	movpl.w	r0, #4294967295	@ 0xffffffff
10003ff6:	f001 017f 	and.w	r1, r1, #127	@ 0x7f
10003ffa:	f7fd fe89 	bl	10001d10 <rom_reset_usb_boot_extra>
10003ffe:	bf00      	nop
10004000:	20001eb2 	.word	0x20001eb2

10004004 <tud_descriptor_bos_cb>:
10004004:	4800      	ldr	r0, [pc, #0]	@ (10004008 <tud_descriptor_bos_cb+0x4>)
10004006:	4770      	bx	lr
10004008:	10006cc8 	.word	0x10006cc8

1000400c <tud_vendor_control_xfer_cb>:
1000400c:	2901      	cmp	r1, #1
1000400e:	d107      	bne.n	10004020 <tud_vendor_control_xfer_cb+0x14>
10004010:	7853      	ldrb	r3, [r2, #1]
10004012:	2b01      	cmp	r3, #1
10004014:	d102      	bne.n	1000401c <tud_vendor_control_xfer_cb+0x10>
10004016:	8893      	ldrh	r3, [r2, #4]
10004018:	2b07      	cmp	r3, #7
1000401a:	d003      	beq.n	10004024 <tud_vendor_control_xfer_cb+0x18>
1000401c:	2000      	movs	r0, #0
1000401e:	4770      	bx	lr
10004020:	2001      	movs	r0, #1
10004022:	4770      	bx	lr
10004024:	4611      	mov	r1, r2
10004026:	23a6      	movs	r3, #166	@ 0xa6
10004028:	4a01      	ldr	r2, [pc, #4]	@ (10004030 <tud_vendor_control_xfer_cb+0x24>)
1000402a:	f001 ba39 	b.w	100054a0 <tud_control_xfer>
1000402e:	bf00      	nop
10004030:	10006c20 	.word	0x10006c20

10004034 <usbd_app_driver_get_cb>:
10004034:	4603      	mov	r3, r0
10004036:	2201      	movs	r2, #1
10004038:	4801      	ldr	r0, [pc, #4]	@ (10004040 <usbd_app_driver_get_cb+0xc>)
1000403a:	701a      	strb	r2, [r3, #0]
1000403c:	4770      	bx	lr
1000403e:	bf00      	nop
10004040:	10006c00 	.word	0x10006c00

10004044 <tud_cdc_line_coding_cb>:
10004044:	b508      	push	{r3, lr}
10004046:	680b      	ldr	r3, [r1, #0]
10004048:	f5b3 6f96 	cmp.w	r3, #1200	@ 0x4b0
1000404c:	d000      	beq.n	10004050 <tud_cdc_line_coding_cb+0xc>
1000404e:	bd08      	pop	{r3, pc}
10004050:	2200      	movs	r2, #0
10004052:	f04f 30ff 	mov.w	r0, #4294967295	@ 0xffffffff
10004056:	4611      	mov	r1, r2
10004058:	f7fd fe5a 	bl	10001d10 <rom_reset_usb_boot_extra>

1000405c <stdio_usb_set_chars_available_callback>:
1000405c:	4a02      	ldr	r2, [pc, #8]	@ (10004068 <stdio_usb_set_chars_available_callback+0xc>)
1000405e:	4b03      	ldr	r3, [pc, #12]	@ (1000406c <stdio_usb_set_chars_available_callback+0x10>)
10004060:	6010      	str	r0, [r2, #0]
10004062:	6019      	str	r1, [r3, #0]
10004064:	4770      	bx	lr
10004066:	bf00      	nop
10004068:	20001998 	.word	0x20001998
1000406c:	200019a0 	.word	0x200019a0

10004070 <timer_task>:
10004070:	4b18      	ldr	r3, [pc, #96]	@ (100040d4 <timer_task+0x64>)
10004072:	b570      	push	{r4, r5, r6, lr}
10004074:	681a      	ldr	r2, [r3, #0]
10004076:	2a00      	cmp	r2, #0
10004078:	d028      	beq.n	100040cc <timer_task+0x5c>
1000407a:	f3ef 8110 	mrs	r1, PRIMASK
1000407e:	b672      	cpsid	i
10004080:	e8d2 4fcf 	ldaexb	r4, [r2]
10004084:	2001      	movs	r0, #1
10004086:	2c00      	cmp	r4, #0
10004088:	d1fa      	bne.n	10004080 <timer_task+0x10>
1000408a:	e8c2 0f44 	strexb	r4, r0, [r2]
1000408e:	2c00      	cmp	r4, #0
10004090:	d1f6      	bne.n	10004080 <timer_task+0x10>
10004092:	f3bf 8f5f 	dmb	sy
10004096:	2200      	movs	r2, #0
10004098:	4c0f      	ldr	r4, [pc, #60]	@ (100040d8 <timer_task+0x68>)
1000409a:	6818      	ldr	r0, [r3, #0]
1000409c:	6059      	str	r1, [r3, #4]
1000409e:	7022      	strb	r2, [r4, #0]
100040a0:	e8c0 2f8f 	stlb	r2, [r0]
100040a4:	f381 8810 	msr	PRIMASK, r1
100040a8:	2400      	movs	r4, #0
100040aa:	2500      	movs	r5, #0
100040ac:	4e0b      	ldr	r6, [pc, #44]	@ (100040dc <timer_task+0x6c>)
100040ae:	7830      	ldrb	r0, [r6, #0]
100040b0:	f7fc fd02 	bl	10000ab8 <irq_is_enabled>
100040b4:	b920      	cbnz	r0, 100040c0 <timer_task+0x50>
100040b6:	2400      	movs	r4, #0
100040b8:	2500      	movs	r5, #0
100040ba:	4620      	mov	r0, r4
100040bc:	4629      	mov	r1, r5
100040be:	bd70      	pop	{r4, r5, r6, pc}
100040c0:	7830      	ldrb	r0, [r6, #0]
100040c2:	f7fc fd09 	bl	10000ad8 <irq_set_pending>
100040c6:	4620      	mov	r0, r4
100040c8:	4629      	mov	r1, r5
100040ca:	bd70      	pop	{r4, r5, r6, pc}
100040cc:	f44f 747a 	mov.w	r4, #1000	@ 0x3e8
100040d0:	2500      	movs	r5, #0
100040d2:	e7eb      	b.n	100040ac <timer_task+0x3c>
100040d4:	20001e30 	.word	0x20001e30
100040d8:	20001eb4 	.word	0x20001eb4
100040dc:	20001eb3 	.word	0x20001eb3

100040e0 <usb_irq>:
100040e0:	4b01      	ldr	r3, [pc, #4]	@ (100040e8 <usb_irq+0x8>)
100040e2:	7818      	ldrb	r0, [r3, #0]
100040e4:	f7fc bcf8 	b.w	10000ad8 <irq_set_pending>
100040e8:	20001eb3 	.word	0x20001eb3

100040ec <stdio_usb_in_chars>:
100040ec:	b538      	push	{r3, r4, r5, lr}
100040ee:	4604      	mov	r4, r0
100040f0:	2000      	movs	r0, #0
100040f2:	460d      	mov	r5, r1
100040f4:	f001 fb04 	bl	10005700 <tud_cdc_n_connected>
100040f8:	b3a8      	cbz	r0, 10004166 <stdio_usb_in_chars+0x7a>
100040fa:	2000      	movs	r0, #0
100040fc:	f001 fb16 	bl	1000572c <tud_cdc_n_available>
10004100:	b388      	cbz	r0, 10004166 <stdio_usb_in_chars+0x7a>
10004102:	f7fd fc07 	bl	10001914 <time_us_64>
10004106:	f04f 3eff 	mov.w	lr, #4294967295	@ 0xffffffff
1000410a:	f06f 4c00 	mvn.w	ip, #2147483648	@ 0x80000000
1000410e:	4a17      	ldr	r2, [pc, #92]	@ (1000416c <stdio_usb_in_chars+0x80>)
10004110:	1882      	adds	r2, r0, r2
10004112:	f141 0300 	adc.w	r3, r1, #0
10004116:	4596      	cmp	lr, r2
10004118:	eb7c 0103 	sbcs.w	r1, ip, r3
1000411c:	bf3c      	itt	cc
1000411e:	4672      	movcc	r2, lr
10004120:	4663      	movcc	r3, ip
10004122:	4813      	ldr	r0, [pc, #76]	@ (10004170 <stdio_usb_in_chars+0x84>)
10004124:	f002 fbac 	bl	10006880 <__mutex_try_enter_block_until_veneer>
10004128:	b1e8      	cbz	r0, 10004166 <stdio_usb_in_chars+0x7a>
1000412a:	2000      	movs	r0, #0
1000412c:	f001 fae8 	bl	10005700 <tud_cdc_n_connected>
10004130:	b958      	cbnz	r0, 1000414a <stdio_usb_in_chars+0x5e>
10004132:	2100      	movs	r1, #0
10004134:	f04f 30ff 	mov.w	r0, #4294967295	@ 0xffffffff
10004138:	f000 fd0a 	bl	10004b50 <tud_task_ext>
1000413c:	f06f 0402 	mvn.w	r4, #2
10004140:	480b      	ldr	r0, [pc, #44]	@ (10004170 <stdio_usb_in_chars+0x84>)
10004142:	f002 fb95 	bl	10006870 <__mutex_exit_veneer>
10004146:	4620      	mov	r0, r4
10004148:	bd38      	pop	{r3, r4, r5, pc}
1000414a:	2000      	movs	r0, #0
1000414c:	f001 faee 	bl	1000572c <tud_cdc_n_available>
10004150:	2800      	cmp	r0, #0
10004152:	d0ee      	beq.n	10004132 <stdio_usb_in_chars+0x46>
10004154:	4621      	mov	r1, r4
10004156:	462a      	mov	r2, r5
10004158:	2000      	movs	r0, #0
1000415a:	f001 faf1 	bl	10005740 <tud_cdc_n_read>
1000415e:	4604      	mov	r4, r0
10004160:	2800      	cmp	r0, #0
10004162:	d1ed      	bne.n	10004140 <stdio_usb_in_chars+0x54>
10004164:	e7ea      	b.n	1000413c <stdio_usb_in_chars+0x50>
10004166:	f06f 0402 	mvn.w	r4, #2
1000416a:	e7ec      	b.n	10004146 <stdio_usb_in_chars+0x5a>
1000416c:	000f4240 	.word	0x000f4240
10004170:	20001e8c 	.word	0x20001e8c

10004174 <stdio_usb_out_flush>:
10004174:	b508      	push	{r3, lr}
10004176:	f7fd fbcd 	bl	10001914 <time_us_64>
1000417a:	f04f 3eff 	mov.w	lr, #4294967295	@ 0xffffffff
1000417e:	f06f 4c00 	mvn.w	ip, #2147483648	@ 0x80000000
10004182:	4a0f      	ldr	r2, [pc, #60]	@ (100041c0 <stdio_usb_out_flush+0x4c>)
10004184:	1882      	adds	r2, r0, r2
10004186:	f141 0300 	adc.w	r3, r1, #0
1000418a:	4596      	cmp	lr, r2
1000418c:	eb7c 0103 	sbcs.w	r1, ip, r3
10004190:	bf3c      	itt	cc
10004192:	4672      	movcc	r2, lr
10004194:	4663      	movcc	r3, ip
10004196:	480b      	ldr	r0, [pc, #44]	@ (100041c4 <stdio_usb_out_flush+0x50>)
10004198:	f002 fb72 	bl	10006880 <__mutex_try_enter_block_until_veneer>
1000419c:	b170      	cbz	r0, 100041bc <stdio_usb_out_flush+0x48>
1000419e:	f04f 30ff 	mov.w	r0, #4294967295	@ 0xffffffff
100041a2:	2100      	movs	r1, #0
100041a4:	f000 fcd4 	bl	10004b50 <tud_task_ext>
100041a8:	2000      	movs	r0, #0
100041aa:	f001 fb11 	bl	100057d0 <tud_cdc_n_write_flush>
100041ae:	2800      	cmp	r0, #0
100041b0:	d1f5      	bne.n	1000419e <stdio_usb_out_flush+0x2a>
100041b2:	e8bd 4008 	ldmia.w	sp!, {r3, lr}
100041b6:	4803      	ldr	r0, [pc, #12]	@ (100041c4 <stdio_usb_out_flush+0x50>)
100041b8:	f002 bb5a 	b.w	10006870 <__mutex_exit_veneer>
100041bc:	bd08      	pop	{r3, pc}
100041be:	bf00      	nop
100041c0:	000f4240 	.word	0x000f4240
100041c4:	20001e8c 	.word	0x20001e8c

100041c8 <stdio_usb_out_chars>:
100041c8:	e92d 43f8 	stmdb	sp!, {r3, r4, r5, r6, r7, r8, r9, lr}
100041cc:	4680      	mov	r8, r0
100041ce:	460f      	mov	r7, r1
100041d0:	f7fd fba0 	bl	10001914 <time_us_64>
100041d4:	f04f 35ff 	mov.w	r5, #4294967295	@ 0xffffffff
100041d8:	f06f 4400 	mvn.w	r4, #2147483648	@ 0x80000000
100041dc:	4a33      	ldr	r2, [pc, #204]	@ (100042ac <stdio_usb_out_chars+0xe4>)
100041de:	1882      	adds	r2, r0, r2
100041e0:	f141 0300 	adc.w	r3, r1, #0
100041e4:	4295      	cmp	r5, r2
100041e6:	eb74 0103 	sbcs.w	r1, r4, r3
100041ea:	bf3c      	itt	cc
100041ec:	462a      	movcc	r2, r5
100041ee:	4623      	movcc	r3, r4
100041f0:	482f      	ldr	r0, [pc, #188]	@ (100042b0 <stdio_usb_out_chars+0xe8>)
100041f2:	f002 fb45 	bl	10006880 <__mutex_try_enter_block_until_veneer>
100041f6:	b908      	cbnz	r0, 100041fc <stdio_usb_out_chars+0x34>
100041f8:	e8bd 83f8 	ldmia.w	sp!, {r3, r4, r5, r6, r7, r8, r9, pc}
100041fc:	2000      	movs	r0, #0
100041fe:	f001 fa7f 	bl	10005700 <tud_cdc_n_connected>
10004202:	2800      	cmp	r0, #0
10004204:	d047      	beq.n	10004296 <stdio_usb_out_chars+0xce>
10004206:	2f00      	cmp	r7, #0
10004208:	dd40      	ble.n	1000428c <stdio_usb_out_chars+0xc4>
1000420a:	2500      	movs	r5, #0
1000420c:	f8df 90a8 	ldr.w	r9, [pc, #168]	@ 100042b8 <stdio_usb_out_chars+0xf0>
10004210:	4e28      	ldr	r6, [pc, #160]	@ (100042b4 <stdio_usb_out_chars+0xec>)
10004212:	e013      	b.n	1000423c <stdio_usb_out_chars+0x74>
10004214:	4622      	mov	r2, r4
10004216:	2000      	movs	r0, #0
10004218:	f001 fb20 	bl	1000585c <tud_cdc_n_write>
1000421c:	2100      	movs	r1, #0
1000421e:	4604      	mov	r4, r0
10004220:	f04f 30ff 	mov.w	r0, #4294967295	@ 0xffffffff
10004224:	f000 fc94 	bl	10004b50 <tud_task_ext>
10004228:	2000      	movs	r0, #0
1000422a:	f001 fad1 	bl	100057d0 <tud_cdc_n_write_flush>
1000422e:	f7fd fb71 	bl	10001914 <time_us_64>
10004232:	e9c9 0100 	strd	r0, r1, [r9]
10004236:	4425      	add	r5, r4
10004238:	42af      	cmp	r7, r5
1000423a:	dd27      	ble.n	1000428c <stdio_usb_out_chars+0xc4>
1000423c:	2000      	movs	r0, #0
1000423e:	f001 fb2d 	bl	1000589c <tud_cdc_n_write_available>
10004242:	1b7c      	subs	r4, r7, r5
10004244:	4284      	cmp	r4, r0
10004246:	bfa8      	it	ge
10004248:	4604      	movge	r4, r0
1000424a:	eb08 0105 	add.w	r1, r8, r5
1000424e:	2c00      	cmp	r4, #0
10004250:	d1e0      	bne.n	10004214 <stdio_usb_out_chars+0x4c>
10004252:	4621      	mov	r1, r4
10004254:	f04f 30ff 	mov.w	r0, #4294967295	@ 0xffffffff
10004258:	f000 fc7a 	bl	10004b50 <tud_task_ext>
1000425c:	4620      	mov	r0, r4
1000425e:	f001 fab7 	bl	100057d0 <tud_cdc_n_write_flush>
10004262:	4620      	mov	r0, r4
10004264:	f001 fa4c 	bl	10005700 <tud_cdc_n_connected>
10004268:	b180      	cbz	r0, 1000428c <stdio_usb_out_chars+0xc4>
1000426a:	4620      	mov	r0, r4
1000426c:	f001 fb16 	bl	1000589c <tud_cdc_n_write_available>
10004270:	2800      	cmp	r0, #0
10004272:	d1e1      	bne.n	10004238 <stdio_usb_out_chars+0x70>
10004274:	f7fd fb4e 	bl	10001914 <time_us_64>
10004278:	f8d9 3000 	ldr.w	r3, [r9]
1000427c:	f8d9 2004 	ldr.w	r2, [r9, #4]
10004280:	199b      	adds	r3, r3, r6
10004282:	f142 0200 	adc.w	r2, r2, #0
10004286:	4283      	cmp	r3, r0
10004288:	418a      	sbcs	r2, r1
1000428a:	d2d5      	bcs.n	10004238 <stdio_usb_out_chars+0x70>
1000428c:	4808      	ldr	r0, [pc, #32]	@ (100042b0 <stdio_usb_out_chars+0xe8>)
1000428e:	e8bd 43f8 	ldmia.w	sp!, {r3, r4, r5, r6, r7, r8, r9, lr}
10004292:	f002 baed 	b.w	10006870 <__mutex_exit_veneer>
10004296:	2000      	movs	r0, #0
10004298:	2100      	movs	r1, #0
1000429a:	4b07      	ldr	r3, [pc, #28]	@ (100042b8 <stdio_usb_out_chars+0xf0>)
1000429c:	e9c3 0100 	strd	r0, r1, [r3]
100042a0:	e8bd 43f8 	ldmia.w	sp!, {r3, r4, r5, r6, r7, r8, r9, lr}
100042a4:	4802      	ldr	r0, [pc, #8]	@ (100042b0 <stdio_usb_out_chars+0xe8>)
100042a6:	f002 bae3 	b.w	10006870 <__mutex_exit_veneer>
100042aa:	bf00      	nop
100042ac:	000f4240 	.word	0x000f4240
100042b0:	20001e8c 	.word	0x20001e8c
100042b4:	0007a120 	.word	0x0007a120
100042b8:	200013c8 	.word	0x200013c8

100042bc <low_priority_worker_irq>:
100042bc:	b530      	push	{r4, r5, lr}
100042be:	2100      	movs	r1, #0
100042c0:	b085      	sub	sp, #20
100042c2:	482e      	ldr	r0, [pc, #184]	@ (1000437c <low_priority_worker_irq+0xc0>)
100042c4:	f002 fae8 	bl	10006898 <__mutex_try_enter_veneer>
100042c8:	b9f0      	cbnz	r0, 10004308 <low_priority_worker_irq+0x4c>
100042ca:	4b2d      	ldr	r3, [pc, #180]	@ (10004380 <low_priority_worker_irq+0xc4>)
100042cc:	681a      	ldr	r2, [r3, #0]
100042ce:	b1ca      	cbz	r2, 10004304 <low_priority_worker_irq+0x48>
100042d0:	f3ef 8110 	mrs	r1, PRIMASK
100042d4:	b672      	cpsid	i
100042d6:	e8d2 5fcf 	ldaexb	r5, [r2]
100042da:	2401      	movs	r4, #1
100042dc:	2d00      	cmp	r5, #0
100042de:	d1fa      	bne.n	100042d6 <low_priority_worker_irq+0x1a>
100042e0:	e8c2 4f45 	strexb	r5, r4, [r2]
100042e4:	2d00      	cmp	r5, #0
100042e6:	d1f6      	bne.n	100042d6 <low_priority_worker_irq+0x1a>
100042e8:	f3bf 8f5f 	dmb	sy
100042ec:	4c25      	ldr	r4, [pc, #148]	@ (10004384 <low_priority_worker_irq+0xc8>)
100042ee:	681d      	ldr	r5, [r3, #0]
100042f0:	7822      	ldrb	r2, [r4, #0]
100042f2:	6059      	str	r1, [r3, #4]
100042f4:	b2d3      	uxtb	r3, r2
100042f6:	2201      	movs	r2, #1
100042f8:	7022      	strb	r2, [r4, #0]
100042fa:	e8c5 0f8f 	stlb	r0, [r5]
100042fe:	f381 8810 	msr	PRIMASK, r1
10004302:	b1cb      	cbz	r3, 10004338 <low_priority_worker_irq+0x7c>
10004304:	b005      	add	sp, #20
10004306:	bd30      	pop	{r4, r5, pc}
10004308:	2100      	movs	r1, #0
1000430a:	f04f 30ff 	mov.w	r0, #4294967295	@ 0xffffffff
1000430e:	f000 fc1f 	bl	10004b50 <tud_task_ext>
10004312:	2000      	movs	r0, #0
10004314:	f001 fa0a 	bl	1000572c <tud_cdc_n_available>
10004318:	4604      	mov	r4, r0
1000431a:	4818      	ldr	r0, [pc, #96]	@ (1000437c <low_priority_worker_irq+0xc0>)
1000431c:	f002 faa8 	bl	10006870 <__mutex_exit_veneer>
10004320:	2c00      	cmp	r4, #0
10004322:	d0ef      	beq.n	10004304 <low_priority_worker_irq+0x48>
10004324:	4b18      	ldr	r3, [pc, #96]	@ (10004388 <low_priority_worker_irq+0xcc>)
10004326:	681b      	ldr	r3, [r3, #0]
10004328:	2b00      	cmp	r3, #0
1000432a:	d0eb      	beq.n	10004304 <low_priority_worker_irq+0x48>
1000432c:	4a17      	ldr	r2, [pc, #92]	@ (1000438c <low_priority_worker_irq+0xd0>)
1000432e:	6810      	ldr	r0, [r2, #0]
10004330:	b005      	add	sp, #20
10004332:	e8bd 4030 	ldmia.w	sp!, {r4, r5, lr}
10004336:	4718      	bx	r3
10004338:	f7fd f8e2 	bl	10001500 <alarm_pool_get_default>
1000433c:	4604      	mov	r4, r0
1000433e:	f7fd fae9 	bl	10001914 <time_us_64>
10004342:	f04f 3cff 	mov.w	ip, #4294967295	@ 0xffffffff
10004346:	f06f 4500 	mvn.w	r5, #2147483648	@ 0x80000000
1000434a:	f510 727a 	adds.w	r2, r0, #1000	@ 0x3e8
1000434e:	f141 0300 	adc.w	r3, r1, #0
10004352:	4594      	cmp	ip, r2
10004354:	eb75 0103 	sbcs.w	r1, r5, r3
10004358:	bf38      	it	cc
1000435a:	462b      	movcc	r3, r5
1000435c:	f04f 0100 	mov.w	r1, #0
10004360:	f04f 0501 	mov.w	r5, #1
10004364:	4620      	mov	r0, r4
10004366:	4c0a      	ldr	r4, [pc, #40]	@ (10004390 <low_priority_worker_irq+0xd4>)
10004368:	bf38      	it	cc
1000436a:	4662      	movcc	r2, ip
1000436c:	e9cd 1501 	strd	r1, r5, [sp, #4]
10004370:	9400      	str	r4, [sp, #0]
10004372:	f7fd f8c9 	bl	10001508 <alarm_pool_add_alarm_at>
10004376:	b005      	add	sp, #20
10004378:	bd30      	pop	{r4, r5, pc}
1000437a:	bf00      	nop
1000437c:	20001e8c 	.word	0x20001e8c
10004380:	20001e30 	.word	0x20001e30
10004384:	20001eb4 	.word	0x20001eb4
10004388:	20001998 	.word	0x20001998
1000438c:	200019a0 	.word	0x200019a0
10004390:	10004071 	.word	0x10004071

10004394 <stdio_usb_init>:
10004394:	f04f 4350 	mov.w	r3, #3489660928	@ 0xd0000000
10004398:	b530      	push	{r4, r5, lr}
1000439a:	b085      	sub	sp, #20
1000439c:	681c      	ldr	r4, [r3, #0]
1000439e:	f7fd f8af 	bl	10001500 <alarm_pool_get_default>
100043a2:	f7fd f9c3 	bl	1000172c <alarm_pool_core_num>
100043a6:	42a0      	cmp	r0, r4
100043a8:	d002      	beq.n	100043b0 <stdio_usb_init+0x1c>
100043aa:	2000      	movs	r0, #0
100043ac:	b005      	add	sp, #20
100043ae:	bd30      	pop	{r4, r5, pc}
100043b0:	2100      	movs	r1, #0
100043b2:	4b2a      	ldr	r3, [pc, #168]	@ (1000445c <stdio_usb_init+0xc8>)
100043b4:	4608      	mov	r0, r1
100043b6:	781b      	ldrb	r3, [r3, #0]
100043b8:	f001 fd38 	bl	10005e2c <tusb_rhport_init>
100043bc:	4828      	ldr	r0, [pc, #160]	@ (10004460 <stdio_usb_init+0xcc>)
100043be:	6803      	ldr	r3, [r0, #0]
100043c0:	2b00      	cmp	r3, #0
100043c2:	d047      	beq.n	10004454 <stdio_usb_init+0xc0>
100043c4:	2001      	movs	r0, #1
100043c6:	f7fc fe1f 	bl	10001008 <user_irq_claim_unused>
100043ca:	4603      	mov	r3, r0
100043cc:	4c25      	ldr	r4, [pc, #148]	@ (10004464 <stdio_usb_init+0xd0>)
100043ce:	4926      	ldr	r1, [pc, #152]	@ (10004468 <stdio_usb_init+0xd4>)
100043d0:	b2c0      	uxtb	r0, r0
100043d2:	7023      	strb	r3, [r4, #0]
100043d4:	f7fc fb9c 	bl	10000b10 <irq_set_exclusive_handler>
100043d8:	7820      	ldrb	r0, [r4, #0]
100043da:	2101      	movs	r1, #1
100043dc:	f7fc fb56 	bl	10000a8c <irq_set_enabled>
100043e0:	200e      	movs	r0, #14
100043e2:	f7fc fb85 	bl	10000af0 <irq_has_shared_handler>
100043e6:	bb40      	cbnz	r0, 1000443a <stdio_usb_init+0xa6>
100043e8:	4b20      	ldr	r3, [pc, #128]	@ (1000446c <stdio_usb_init+0xd8>)
100043ea:	2501      	movs	r5, #1
100043ec:	e9c3 0000 	strd	r0, r0, [r3]
100043f0:	f7fd f886 	bl	10001500 <alarm_pool_get_default>
100043f4:	4604      	mov	r4, r0
100043f6:	f7fd fa8d 	bl	10001914 <time_us_64>
100043fa:	f04f 3eff 	mov.w	lr, #4294967295	@ 0xffffffff
100043fe:	f06f 4c00 	mvn.w	ip, #2147483648	@ 0x80000000
10004402:	f510 727a 	adds.w	r2, r0, #1000	@ 0x3e8
10004406:	f141 0300 	adc.w	r3, r1, #0
1000440a:	4596      	cmp	lr, r2
1000440c:	eb7c 0103 	sbcs.w	r1, ip, r3
10004410:	f04f 0100 	mov.w	r1, #0
10004414:	4620      	mov	r0, r4
10004416:	4c16      	ldr	r4, [pc, #88]	@ (10004470 <stdio_usb_init+0xdc>)
10004418:	bf3c      	itt	cc
1000441a:	4672      	movcc	r2, lr
1000441c:	4663      	movcc	r3, ip
1000441e:	e9cd 1501 	strd	r1, r5, [sp, #4]
10004422:	9400      	str	r4, [sp, #0]
10004424:	f7fd f870 	bl	10001508 <alarm_pool_add_alarm_at>
10004428:	2800      	cmp	r0, #0
1000442a:	dbbe      	blt.n	100043aa <stdio_usb_init+0x16>
1000442c:	2101      	movs	r1, #1
1000442e:	4811      	ldr	r0, [pc, #68]	@ (10004474 <stdio_usb_init+0xe0>)
10004430:	f7ff fbbc 	bl	10003bac <stdio_set_driver_enabled>
10004434:	2001      	movs	r0, #1
10004436:	b005      	add	sp, #20
10004438:	bd30      	pop	{r4, r5, pc}
1000443a:	2001      	movs	r0, #1
1000443c:	f7fc fae2 	bl	10000a04 <spin_lock_claim_unused>
10004440:	4601      	mov	r1, r0
10004442:	480a      	ldr	r0, [pc, #40]	@ (1000446c <stdio_usb_init+0xd8>)
10004444:	f7fc fe3c 	bl	100010c0 <critical_section_init_with_lock_num>
10004448:	2200      	movs	r2, #0
1000444a:	200e      	movs	r0, #14
1000444c:	490a      	ldr	r1, [pc, #40]	@ (10004478 <stdio_usb_init+0xe4>)
1000444e:	f7fc fb8f 	bl	10000b70 <irq_add_shared_handler>
10004452:	e7eb      	b.n	1000442c <stdio_usb_init+0x98>
10004454:	f7fc fe18 	bl	10001088 <mutex_init>
10004458:	e7b4      	b.n	100043c4 <stdio_usb_init+0x30>
1000445a:	bf00      	nop
1000445c:	10006dec 	.word	0x10006dec
10004460:	20001e8c 	.word	0x20001e8c
10004464:	20001eb3 	.word	0x20001eb3
10004468:	100042bd 	.word	0x100042bd
1000446c:	20001e30 	.word	0x20001e30
10004470:	10004071 	.word	0x10004071
10004474:	20001204 	.word	0x20001204
10004478:	100040e1 	.word	0x100040e1

1000447c <tud_descriptor_device_cb>:
1000447c:	4800      	ldr	r0, [pc, #0]	@ (10004480 <tud_descriptor_device_cb+0x4>)
1000447e:	4770      	bx	lr
10004480:	10006d64 	.word	0x10006d64

10004484 <tud_descriptor_configuration_cb>:
10004484:	4800      	ldr	r0, [pc, #0]	@ (10004488 <tud_descriptor_configuration_cb+0x4>)
10004486:	4770      	bx	lr
10004488:	10006d10 	.word	0x10006d10

1000448c <tud_descriptor_string_cb>:
1000448c:	b538      	push	{r3, r4, r5, lr}
1000448e:	4b18      	ldr	r3, [pc, #96]	@ (100044f0 <tud_descriptor_string_cb+0x64>)
10004490:	4604      	mov	r4, r0
10004492:	781a      	ldrb	r2, [r3, #0]
10004494:	b30a      	cbz	r2, 100044da <tud_descriptor_string_cb+0x4e>
10004496:	b944      	cbnz	r4, 100044aa <tud_descriptor_string_cb+0x1e>
10004498:	f240 4209 	movw	r2, #1033	@ 0x409
1000449c:	f44f 7341 	mov.w	r3, #772	@ 0x304
100044a0:	4d14      	ldr	r5, [pc, #80]	@ (100044f4 <tud_descriptor_string_cb+0x68>)
100044a2:	806a      	strh	r2, [r5, #2]
100044a4:	4813      	ldr	r0, [pc, #76]	@ (100044f4 <tud_descriptor_string_cb+0x68>)
100044a6:	802b      	strh	r3, [r5, #0]
100044a8:	bd38      	pop	{r3, r4, r5, pc}
100044aa:	2c05      	cmp	r4, #5
100044ac:	d81d      	bhi.n	100044ea <tud_descriptor_string_cb+0x5e>
100044ae:	4b12      	ldr	r3, [pc, #72]	@ (100044f8 <tud_descriptor_string_cb+0x6c>)
100044b0:	4d10      	ldr	r5, [pc, #64]	@ (100044f4 <tud_descriptor_string_cb+0x68>)
100044b2:	f853 1024 	ldr.w	r1, [r3, r4, lsl #2]
100044b6:	4628      	mov	r0, r5
100044b8:	2300      	movs	r3, #0
100044ba:	3901      	subs	r1, #1
100044bc:	e003      	b.n	100044c6 <tud_descriptor_string_cb+0x3a>
100044be:	2b13      	cmp	r3, #19
100044c0:	f820 2f02 	strh.w	r2, [r0, #2]!
100044c4:	d00e      	beq.n	100044e4 <tud_descriptor_string_cb+0x58>
100044c6:	f811 2f01 	ldrb.w	r2, [r1, #1]!
100044ca:	3301      	adds	r3, #1
100044cc:	b2db      	uxtb	r3, r3
100044ce:	2a00      	cmp	r2, #0
100044d0:	d1f5      	bne.n	100044be <tud_descriptor_string_cb+0x32>
100044d2:	005b      	lsls	r3, r3, #1
100044d4:	f443 7340 	orr.w	r3, r3, #768	@ 0x300
100044d8:	e7e4      	b.n	100044a4 <tud_descriptor_string_cb+0x18>
100044da:	2111      	movs	r1, #17
100044dc:	4618      	mov	r0, r3
100044de:	f000 f825 	bl	1000452c <pico_get_unique_board_id_string>
100044e2:	e7d8      	b.n	10004496 <tud_descriptor_string_cb+0xa>
100044e4:	f44f 734a 	mov.w	r3, #808	@ 0x328
100044e8:	e7dc      	b.n	100044a4 <tud_descriptor_string_cb+0x18>
100044ea:	2000      	movs	r0, #0
100044ec:	bd38      	pop	{r3, r4, r5, pc}
100044ee:	bf00      	nop
100044f0:	20001e9c 	.word	0x20001e9c
100044f4:	200019d4 	.word	0x200019d4
100044f8:	10006cf8 	.word	0x10006cf8

100044fc <_retrieve_unique_id_on_boot>:
100044fc:	b500      	push	{lr}
100044fe:	f245 3047 	movw	r0, #21319	@ 0x5347
10004502:	b08b      	sub	sp, #44	@ 0x2c
10004504:	f7fd fbf8 	bl	10001cf8 <rom_func_lookup>
10004508:	2201      	movs	r2, #1
1000450a:	4603      	mov	r3, r0
1000450c:	2109      	movs	r1, #9
1000450e:	a801      	add	r0, sp, #4
10004510:	4798      	blx	r3
10004512:	e9dd 3203 	ldrd	r3, r2, [sp, #12]
10004516:	4904      	ldr	r1, [pc, #16]	@ (10004528 <_retrieve_unique_id_on_boot+0x2c>)
10004518:	ba12      	rev	r2, r2
1000451a:	ba1b      	rev	r3, r3
1000451c:	e9c1 2300 	strd	r2, r3, [r1]
10004520:	b00b      	add	sp, #44	@ 0x2c
10004522:	f85d fb04 	ldr.w	pc, [sp], #4
10004526:	bf00      	nop
10004528:	20001e80 	.word	0x20001e80

1000452c <pico_get_unique_board_id_string>:
1000452c:	2901      	cmp	r1, #1
1000452e:	f101 33ff 	add.w	r3, r1, #4294967295	@ 0xffffffff
10004532:	f000 80b3 	beq.w	1000469c <pico_get_unique_board_id_string+0x170>
10004536:	495d      	ldr	r1, [pc, #372]	@ (100046ac <pico_get_unique_board_id_string+0x180>)
10004538:	780a      	ldrb	r2, [r1, #0]
1000453a:	ea4f 1c12 	mov.w	ip, r2, lsr #4
1000453e:	2a9f      	cmp	r2, #159	@ 0x9f
10004540:	bf8c      	ite	hi
10004542:	f10c 0c37 	addhi.w	ip, ip, #55	@ 0x37
10004546:	f10c 0c30 	addls.w	ip, ip, #48	@ 0x30
1000454a:	2b01      	cmp	r3, #1
1000454c:	f880 c000 	strb.w	ip, [r0]
10004550:	f000 80a7 	beq.w	100046a2 <pico_get_unique_board_id_string+0x176>
10004554:	f002 020f 	and.w	r2, r2, #15
10004558:	2a09      	cmp	r2, #9
1000455a:	bf8c      	ite	hi
1000455c:	3237      	addhi	r2, #55	@ 0x37
1000455e:	3230      	addls	r2, #48	@ 0x30
10004560:	2b02      	cmp	r3, #2
10004562:	7042      	strb	r2, [r0, #1]
10004564:	f000 809d 	beq.w	100046a2 <pico_get_unique_board_id_string+0x176>
10004568:	784a      	ldrb	r2, [r1, #1]
1000456a:	ea4f 1c12 	mov.w	ip, r2, lsr #4
1000456e:	2a9f      	cmp	r2, #159	@ 0x9f
10004570:	bf8c      	ite	hi
10004572:	f10c 0c37 	addhi.w	ip, ip, #55	@ 0x37
10004576:	f10c 0c30 	addls.w	ip, ip, #48	@ 0x30
1000457a:	2b03      	cmp	r3, #3
1000457c:	f880 c002 	strb.w	ip, [r0, #2]
10004580:	f000 808f 	beq.w	100046a2 <pico_get_unique_board_id_string+0x176>
10004584:	f002 020f 	and.w	r2, r2, #15
10004588:	2a09      	cmp	r2, #9
1000458a:	bf8c      	ite	hi
1000458c:	3237      	addhi	r2, #55	@ 0x37
1000458e:	3230      	addls	r2, #48	@ 0x30
10004590:	2b04      	cmp	r3, #4
10004592:	70c2      	strb	r2, [r0, #3]
10004594:	f000 8085 	beq.w	100046a2 <pico_get_unique_board_id_string+0x176>
10004598:	788a      	ldrb	r2, [r1, #2]
1000459a:	ea4f 1c12 	mov.w	ip, r2, lsr #4
1000459e:	2a9f      	cmp	r2, #159	@ 0x9f
100045a0:	bf8c      	ite	hi
100045a2:	f10c 0c37 	addhi.w	ip, ip, #55	@ 0x37
100045a6:	f10c 0c30 	addls.w	ip, ip, #48	@ 0x30
100045aa:	2b05      	cmp	r3, #5
100045ac:	f880 c004 	strb.w	ip, [r0, #4]
100045b0:	d077      	beq.n	100046a2 <pico_get_unique_board_id_string+0x176>
100045b2:	f002 020f 	and.w	r2, r2, #15
100045b6:	2a09      	cmp	r2, #9
100045b8:	bf8c      	ite	hi
100045ba:	3237      	addhi	r2, #55	@ 0x37
100045bc:	3230      	addls	r2, #48	@ 0x30
100045be:	2b06      	cmp	r3, #6
100045c0:	7142      	strb	r2, [r0, #5]
100045c2:	d06e      	beq.n	100046a2 <pico_get_unique_board_id_string+0x176>
100045c4:	78ca      	ldrb	r2, [r1, #3]
100045c6:	ea4f 1c12 	mov.w	ip, r2, lsr #4
100045ca:	2a9f      	cmp	r2, #159	@ 0x9f
100045cc:	bf8c      	ite	hi
100045ce:	f10c 0c37 	addhi.w	ip, ip, #55	@ 0x37
100045d2:	f10c 0c30 	addls.w	ip, ip, #48	@ 0x30
100045d6:	2b07      	cmp	r3, #7
100045d8:	f880 c006 	strb.w	ip, [r0, #6]
100045dc:	d061      	beq.n	100046a2 <pico_get_unique_board_id_string+0x176>
100045de:	f002 020f 	and.w	r2, r2, #15
100045e2:	2a09      	cmp	r2, #9
100045e4:	bf8c      	ite	hi
100045e6:	3237      	addhi	r2, #55	@ 0x37
100045e8:	3230      	addls	r2, #48	@ 0x30
100045ea:	2b08      	cmp	r3, #8
100045ec:	71c2      	strb	r2, [r0, #7]
100045ee:	d058      	beq.n	100046a2 <pico_get_unique_board_id_string+0x176>
100045f0:	790a      	ldrb	r2, [r1, #4]
100045f2:	ea4f 1c12 	mov.w	ip, r2, lsr #4
100045f6:	2a9f      	cmp	r2, #159	@ 0x9f
100045f8:	bf8c      	ite	hi
100045fa:	f10c 0c37 	addhi.w	ip, ip, #55	@ 0x37
100045fe:	f10c 0c30 	addls.w	ip, ip, #48	@ 0x30
10004602:	2b09      	cmp	r3, #9
10004604:	f880 c008 	strb.w	ip, [r0, #8]
10004608:	d04b      	beq.n	100046a2 <pico_get_unique_board_id_string+0x176>
1000460a:	f002 020f 	and.w	r2, r2, #15
1000460e:	2a09      	cmp	r2, #9
10004610:	bf8c      	ite	hi
10004612:	3237      	addhi	r2, #55	@ 0x37
10004614:	3230      	addls	r2, #48	@ 0x30
10004616:	2b0a      	cmp	r3, #10
10004618:	7242      	strb	r2, [r0, #9]
1000461a:	d042      	beq.n	100046a2 <pico_get_unique_board_id_string+0x176>
1000461c:	794a      	ldrb	r2, [r1, #5]
1000461e:	ea4f 1c12 	mov.w	ip, r2, lsr #4
10004622:	2a9f      	cmp	r2, #159	@ 0x9f
10004624:	bf8c      	ite	hi
10004626:	f10c 0c37 	addhi.w	ip, ip, #55	@ 0x37
1000462a:	f10c 0c30 	addls.w	ip, ip, #48	@ 0x30
1000462e:	2b0b      	cmp	r3, #11
10004630:	f880 c00a 	strb.w	ip, [r0, #10]
10004634:	d035      	beq.n	100046a2 <pico_get_unique_board_id_string+0x176>
10004636:	f002 020f 	and.w	r2, r2, #15
1000463a:	2a09      	cmp	r2, #9
1000463c:	bf8c      	ite	hi
1000463e:	3237      	addhi	r2, #55	@ 0x37
10004640:	3230      	addls	r2, #48	@ 0x30
10004642:	2b0c      	cmp	r3, #12
10004644:	72c2      	strb	r2, [r0, #11]
10004646:	d02c      	beq.n	100046a2 <pico_get_unique_board_id_string+0x176>
10004648:	798a      	ldrb	r2, [r1, #6]
1000464a:	ea4f 1c12 	mov.w	ip, r2, lsr #4
1000464e:	2a9f      	cmp	r2, #159	@ 0x9f
10004650:	bf8c      	ite	hi
10004652:	f10c 0c37 	addhi.w	ip, ip, #55	@ 0x37
10004656:	f10c 0c30 	addls.w	ip, ip, #48	@ 0x30
1000465a:	2b0d      	cmp	r3, #13
1000465c:	f880 c00c 	strb.w	ip, [r0, #12]
10004660:	d01f      	beq.n	100046a2 <pico_get_unique_board_id_string+0x176>
10004662:	f002 020f 	and.w	r2, r2, #15
10004666:	2a09      	cmp	r2, #9
10004668:	bf8c      	ite	hi
1000466a:	3237      	addhi	r2, #55	@ 0x37
1000466c:	3230      	addls	r2, #48	@ 0x30
1000466e:	2b0e      	cmp	r3, #14
10004670:	7342      	strb	r2, [r0, #13]
10004672:	d016      	beq.n	100046a2 <pico_get_unique_board_id_string+0x176>
10004674:	79ca      	ldrb	r2, [r1, #7]
10004676:	0911      	lsrs	r1, r2, #4
10004678:	2a9f      	cmp	r2, #159	@ 0x9f
1000467a:	bf8c      	ite	hi
1000467c:	3137      	addhi	r1, #55	@ 0x37
1000467e:	3130      	addls	r1, #48	@ 0x30
10004680:	2b0f      	cmp	r3, #15
10004682:	7381      	strb	r1, [r0, #14]
10004684:	d00d      	beq.n	100046a2 <pico_get_unique_board_id_string+0x176>
10004686:	f002 020f 	and.w	r2, r2, #15
1000468a:	2a09      	cmp	r2, #9
1000468c:	bf94      	ite	ls
1000468e:	3230      	addls	r2, #48	@ 0x30
10004690:	3237      	addhi	r2, #55	@ 0x37
10004692:	2b10      	cmp	r3, #16
10004694:	73c2      	strb	r2, [r0, #15]
10004696:	bf18      	it	ne
10004698:	3010      	addne	r0, #16
1000469a:	d002      	beq.n	100046a2 <pico_get_unique_board_id_string+0x176>
1000469c:	2300      	movs	r3, #0
1000469e:	7003      	strb	r3, [r0, #0]
100046a0:	4770      	bx	lr
100046a2:	4418      	add	r0, r3
100046a4:	2300      	movs	r3, #0
100046a6:	7003      	strb	r3, [r0, #0]
100046a8:	4770      	bx	lr
100046aa:	bf00      	nop
100046ac:	20001e80 	.word	0x20001e80

100046b0 <dcd_init>:
100046b0:	b570      	push	{r4, r5, r6, lr}
100046b2:	f000 f92d 	bl	10004910 <rp2040_usb_init>
100046b6:	230c      	movs	r3, #12
100046b8:	2640      	movs	r6, #64	@ 0x40
100046ba:	4c19      	ldr	r4, [pc, #100]	@ (10004720 <dcd_init+0x70>)
100046bc:	22ff      	movs	r2, #255	@ 0xff
100046be:	67a3      	str	r3, [r4, #120]	@ 0x78
100046c0:	200e      	movs	r0, #14
100046c2:	4918      	ldr	r1, [pc, #96]	@ (10004724 <dcd_init+0x74>)
100046c4:	f7fc fa54 	bl	10000b70 <irq_add_shared_handler>
100046c8:	4632      	mov	r2, r6
100046ca:	2100      	movs	r1, #0
100046cc:	4816      	ldr	r0, [pc, #88]	@ (10004728 <dcd_init+0x78>)
100046ce:	f001 ffcb 	bl	10006668 <memset>
100046d2:	2501      	movs	r5, #1
100046d4:	2300      	movs	r3, #0
100046d6:	2180      	movs	r1, #128	@ 0x80
100046d8:	4813      	ldr	r0, [pc, #76]	@ (10004728 <dcd_init+0x78>)
100046da:	4a14      	ldr	r2, [pc, #80]	@ (1000472c <dcd_init+0x7c>)
100046dc:	8441      	strh	r1, [r0, #34]	@ 0x22
100046de:	7045      	strb	r5, [r0, #1]
100046e0:	8306      	strh	r6, [r0, #24]
100046e2:	8706      	strh	r6, [r0, #56]	@ 0x38
100046e4:	6082      	str	r2, [r0, #8]
100046e6:	6043      	str	r3, [r0, #4]
100046e8:	6013      	str	r3, [r2, #0]
100046ea:	f842 3c04 	str.w	r3, [r2, #-4]
100046ee:	f880 3021 	strb.w	r3, [r0, #33]	@ 0x21
100046f2:	f880 303b 	strb.w	r3, [r0, #59]	@ 0x3b
100046f6:	6243      	str	r3, [r0, #36]	@ 0x24
100046f8:	4b0d      	ldr	r3, [pc, #52]	@ (10004730 <dcd_init+0x80>)
100046fa:	f04f 5600 	mov.w	r6, #536870912	@ 0x20000000
100046fe:	60c3      	str	r3, [r0, #12]
10004700:	62c3      	str	r3, [r0, #44]	@ 0x2c
10004702:	3b80      	subs	r3, #128	@ 0x80
10004704:	6283      	str	r3, [r0, #40]	@ 0x28
10004706:	f002 f8a3 	bl	10006850 <__reset_non_control_endpoints_veneer>
1000470a:	f44f 3280 	mov.w	r2, #65536	@ 0x10000
1000470e:	4909      	ldr	r1, [pc, #36]	@ (10004734 <dcd_init+0x84>)
10004710:	4b09      	ldr	r3, [pc, #36]	@ (10004738 <dcd_init+0x88>)
10004712:	6425      	str	r5, [r4, #64]	@ 0x40
10004714:	4628      	mov	r0, r5
10004716:	64e6      	str	r6, [r4, #76]	@ 0x4c
10004718:	f8c4 1090 	str.w	r1, [r4, #144]	@ 0x90
1000471c:	64da      	str	r2, [r3, #76]	@ 0x4c
1000471e:	bd70      	pop	{r4, r5, r6, pc}
10004720:	50110000 	.word	0x50110000
10004724:	2000039d 	.word	0x2000039d
10004728:	20001a08 	.word	0x20001a08
1000472c:	50100084 	.word	0x50100084
10004730:	50100100 	.word	0x50100100
10004734:	0001d010 	.word	0x0001d010
10004738:	50112000 	.word	0x50112000

1000473c <dcd_int_enable>:
1000473c:	2101      	movs	r1, #1
1000473e:	200e      	movs	r0, #14
10004740:	f7fc b9a4 	b.w	10000a8c <irq_set_enabled>

10004744 <dcd_set_address>:
10004744:	2200      	movs	r2, #0
10004746:	4802      	ldr	r0, [pc, #8]	@ (10004750 <dcd_set_address+0xc>)
10004748:	4611      	mov	r1, r2
1000474a:	f000 b901 	b.w	10004950 <hw_endpoint_xfer_start>
1000474e:	bf00      	nop
10004750:	20001a28 	.word	0x20001a28

10004754 <dcd_sof_enable>:
10004754:	4b04      	ldr	r3, [pc, #16]	@ (10004768 <dcd_sof_enable+0x14>)
10004756:	7019      	strb	r1, [r3, #0]
10004758:	b121      	cbz	r1, 10004764 <dcd_sof_enable+0x10>
1000475a:	f44f 3200 	mov.w	r2, #131072	@ 0x20000
1000475e:	4b03      	ldr	r3, [pc, #12]	@ (1000476c <dcd_sof_enable+0x18>)
10004760:	f8c3 2090 	str.w	r2, [r3, #144]	@ 0x90
10004764:	4770      	bx	lr
10004766:	bf00      	nop
10004768:	20001eae 	.word	0x20001eae
1000476c:	50112000 	.word	0x50112000

10004770 <dcd_edpt0_status_complete>:
10004770:	780b      	ldrb	r3, [r1, #0]
10004772:	065b      	lsls	r3, r3, #25
10004774:	d102      	bne.n	1000477c <dcd_edpt0_status_complete+0xc>
10004776:	784b      	ldrb	r3, [r1, #1]
10004778:	2b05      	cmp	r3, #5
1000477a:	d000      	beq.n	1000477e <dcd_edpt0_status_complete+0xe>
1000477c:	4770      	bx	lr
1000477e:	884b      	ldrh	r3, [r1, #2]
10004780:	4a01      	ldr	r2, [pc, #4]	@ (10004788 <dcd_edpt0_status_complete+0x18>)
10004782:	b2db      	uxtb	r3, r3
10004784:	6013      	str	r3, [r2, #0]
10004786:	4770      	bx	lr
10004788:	50110000 	.word	0x50110000

1000478c <dcd_edpt_open>:
1000478c:	78cb      	ldrb	r3, [r1, #3]
1000478e:	e92d 41f0 	stmdb	sp!, {r4, r5, r6, r7, r8, lr}
10004792:	f003 0e03 	and.w	lr, r3, #3
10004796:	f1be 0f01 	cmp.w	lr, #1
1000479a:	f3c3 0001 	ubfx	r0, r3, #0, #2
1000479e:	d05b      	beq.n	10004858 <dcd_edpt_open+0xcc>
100047a0:	2700      	movs	r7, #0
100047a2:	f891 c002 	ldrb.w	ip, [r1, #2]
100047a6:	4c34      	ldr	r4, [pc, #208]	@ (10004878 <dcd_edpt_open+0xec>)
100047a8:	f00c 027f 	and.w	r2, ip, #127	@ 0x7f
100047ac:	0056      	lsls	r6, r2, #1
100047ae:	8889      	ldrh	r1, [r1, #4]
100047b0:	eb06 13dc 	add.w	r3, r6, ip, lsr #7
100047b4:	eb04 1343 	add.w	r3, r4, r3, lsl #5
100047b8:	ea4f 15dc 	mov.w	r5, ip, lsr #7
100047bc:	76d8      	strb	r0, [r3, #27]
100047be:	f3c1 010a 	ubfx	r1, r1, #0, #11
100047c2:	f085 0001 	eor.w	r0, r5, #1
100047c6:	f883 c002 	strb.w	ip, [r3, #2]
100047ca:	8319      	strh	r1, [r3, #24]
100047cc:	7058      	strb	r0, [r3, #1]
100047ce:	70df      	strb	r7, [r3, #3]
100047d0:	00d3      	lsls	r3, r2, #3
100047d2:	bb8d      	cbnz	r5, 10004838 <dcd_edpt_open+0xac>
100047d4:	4829      	ldr	r0, [pc, #164]	@ (1000487c <dcd_edpt_open+0xf0>)
100047d6:	3304      	adds	r3, #4
100047d8:	eb04 1c82 	add.w	ip, r4, r2, lsl #6
100047dc:	eb03 0800 	add.w	r8, r3, r0
100047e0:	f8cc 8008 	str.w	r8, [ip, #8]
100047e4:	501f      	str	r7, [r3, r0]
100047e6:	b382      	cbz	r2, 1000484a <dcd_edpt_open+0xbe>
100047e8:	4b25      	ldr	r3, [pc, #148]	@ (10004880 <dcd_edpt_open+0xf4>)
100047ea:	00d2      	lsls	r2, r2, #3
100047ec:	4413      	add	r3, r2
100047ee:	f8cc 3004 	str.w	r3, [ip, #4]
100047f2:	4b24      	ldr	r3, [pc, #144]	@ (10004884 <dcd_edpt_open+0xf8>)
100047f4:	313f      	adds	r1, #63	@ 0x3f
100047f6:	681a      	ldr	r2, [r3, #0]
100047f8:	f021 013f 	bic.w	r1, r1, #63	@ 0x3f
100047fc:	f1be 0f02 	cmp.w	lr, #2
10004800:	bf08      	it	eq
10004802:	0049      	lsleq	r1, r1, #1
10004804:	4411      	add	r1, r2
10004806:	6019      	str	r1, [r3, #0]
10004808:	4b1f      	ldr	r3, [pc, #124]	@ (10004888 <dcd_edpt_open+0xfc>)
1000480a:	1977      	adds	r7, r6, r5
1000480c:	eb04 1747 	add.w	r7, r4, r7, lsl #5
10004810:	4299      	cmp	r1, r3
10004812:	60fa      	str	r2, [r7, #12]
10004814:	d82b      	bhi.n	1000486e <dcd_edpt_open+0xe2>
10004816:	442e      	add	r6, r5
10004818:	eb04 1346 	add.w	r3, r4, r6, lsl #5
1000481c:	7ed9      	ldrb	r1, [r3, #27]
1000481e:	f082 42a0 	eor.w	r2, r2, #1342177280	@ 0x50000000
10004822:	f482 1280 	eor.w	r2, r2, #1048576	@ 0x100000
10004826:	685b      	ldr	r3, [r3, #4]
10004828:	ea42 6281 	orr.w	r2, r2, r1, lsl #26
1000482c:	f042 4200 	orr.w	r2, r2, #2147483648	@ 0x80000000
10004830:	601a      	str	r2, [r3, #0]
10004832:	2001      	movs	r0, #1
10004834:	e8bd 81f0 	ldmia.w	sp!, {r4, r5, r6, r7, r8, pc}
10004838:	4810      	ldr	r0, [pc, #64]	@ (1000487c <dcd_edpt_open+0xf0>)
1000483a:	eb04 1c82 	add.w	ip, r4, r2, lsl #6
1000483e:	4403      	add	r3, r0
10004840:	f8cc 3028 	str.w	r3, [ip, #40]	@ 0x28
10004844:	f840 7032 	str.w	r7, [r0, r2, lsl #3]
10004848:	b94a      	cbnz	r2, 1000485e <dcd_edpt_open+0xd2>
1000484a:	2200      	movs	r2, #0
1000484c:	490f      	ldr	r1, [pc, #60]	@ (1000488c <dcd_edpt_open+0x100>)
1000484e:	eb04 1345 	add.w	r3, r4, r5, lsl #5
10004852:	60d9      	str	r1, [r3, #12]
10004854:	605a      	str	r2, [r3, #4]
10004856:	e7ec      	b.n	10004832 <dcd_edpt_open+0xa6>
10004858:	2000      	movs	r0, #0
1000485a:	e8bd 81f0 	ldmia.w	sp!, {r4, r5, r6, r7, r8, pc}
1000485e:	00d2      	lsls	r2, r2, #3
10004860:	f102 42a0 	add.w	r2, r2, #1342177280	@ 0x50000000
10004864:	f502 1280 	add.w	r2, r2, #1048576	@ 0x100000
10004868:	f8cc 2024 	str.w	r2, [ip, #36]	@ 0x24
1000486c:	e7c1      	b.n	100047f2 <dcd_edpt_open+0x66>
1000486e:	f7fd fa8f 	bl	10001d90 <hard_assertion_failure>
10004872:	68fa      	ldr	r2, [r7, #12]
10004874:	e7cf      	b.n	10004816 <dcd_edpt_open+0x8a>
10004876:	bf00      	nop
10004878:	20001a08 	.word	0x20001a08
1000487c:	50100080 	.word	0x50100080
10004880:	50100004 	.word	0x50100004
10004884:	20001e14 	.word	0x20001e14
10004888:	50100fff 	.word	0x50100fff
1000488c:	50100100 	.word	0x50100100

10004890 <dcd_edpt_close_all>:
10004890:	f001 bfde 	b.w	10006850 <__reset_non_control_endpoints_veneer>

10004894 <dcd_edpt_xfer>:
10004894:	468c      	mov	ip, r1
10004896:	b508      	push	{r3, lr}
10004898:	4611      	mov	r1, r2
1000489a:	4807      	ldr	r0, [pc, #28]	@ (100048b8 <dcd_edpt_xfer+0x24>)
1000489c:	461a      	mov	r2, r3
1000489e:	f00c 037f 	and.w	r3, ip, #127	@ 0x7f
100048a2:	ea4f 1cdc 	mov.w	ip, ip, lsr #7
100048a6:	eb0c 0c43 	add.w	ip, ip, r3, lsl #1
100048aa:	eb00 104c 	add.w	r0, r0, ip, lsl #5
100048ae:	f000 f84f 	bl	10004950 <hw_endpoint_xfer_start>
100048b2:	2001      	movs	r0, #1
100048b4:	bd08      	pop	{r3, pc}
100048b6:	bf00      	nop
100048b8:	20001a08 	.word	0x20001a08

100048bc <dcd_edpt_stall>:
100048bc:	f011 027f 	ands.w	r2, r1, #127	@ 0x7f
100048c0:	d105      	bne.n	100048ce <dcd_edpt_stall+0x12>
100048c2:	2900      	cmp	r1, #0
100048c4:	bf0c      	ite	eq
100048c6:	2002      	moveq	r0, #2
100048c8:	2001      	movne	r0, #1
100048ca:	4b06      	ldr	r3, [pc, #24]	@ (100048e4 <dcd_edpt_stall+0x28>)
100048cc:	6698      	str	r0, [r3, #104]	@ 0x68
100048ce:	09c9      	lsrs	r1, r1, #7
100048d0:	4b05      	ldr	r3, [pc, #20]	@ (100048e8 <dcd_edpt_stall+0x2c>)
100048d2:	eb01 0042 	add.w	r0, r1, r2, lsl #1
100048d6:	eb03 1040 	add.w	r0, r3, r0, lsl #5
100048da:	f44f 6200 	mov.w	r2, #2048	@ 0x800
100048de:	2100      	movs	r1, #0
100048e0:	f001 bfca 	b.w	10006878 <___hw_endpoint_buffer_control_update32_veneer>
100048e4:	50112000 	.word	0x50112000
100048e8:	20001a08 	.word	0x20001a08

100048ec <dcd_edpt_clear_stall>:
100048ec:	f011 037f 	ands.w	r3, r1, #127	@ 0x7f
100048f0:	d100      	bne.n	100048f4 <dcd_edpt_clear_stall+0x8>
100048f2:	4770      	bx	lr
100048f4:	2200      	movs	r2, #0
100048f6:	4805      	ldr	r0, [pc, #20]	@ (1000490c <dcd_edpt_clear_stall+0x20>)
100048f8:	005b      	lsls	r3, r3, #1
100048fa:	eb03 13d1 	add.w	r3, r3, r1, lsr #7
100048fe:	eb00 1043 	add.w	r0, r0, r3, lsl #5
10004902:	f46f 6100 	mvn.w	r1, #2048	@ 0x800
10004906:	70c2      	strb	r2, [r0, #3]
10004908:	f001 bfb6 	b.w	10006878 <___hw_endpoint_buffer_control_update32_veneer>
1000490c:	20001a08 	.word	0x20001a08

10004910 <rp2040_usb_init>:
10004910:	f04f 5280 	mov.w	r2, #268435456	@ 0x10000000
10004914:	4809      	ldr	r0, [pc, #36]	@ (1000493c <rp2040_usb_init+0x2c>)
10004916:	490a      	ldr	r1, [pc, #40]	@ (10004940 <rp2040_usb_init+0x30>)
10004918:	b508      	push	{r3, lr}
1000491a:	4b0a      	ldr	r3, [pc, #40]	@ (10004944 <rp2040_usb_init+0x34>)
1000491c:	6002      	str	r2, [r0, #0]
1000491e:	600a      	str	r2, [r1, #0]
10004920:	6899      	ldr	r1, [r3, #8]
10004922:	43c9      	mvns	r1, r1
10004924:	f011 5180 	ands.w	r1, r1, #268435456	@ 0x10000000
10004928:	d1fa      	bne.n	10004920 <rp2040_usb_init+0x10>
1000492a:	f44f 5280 	mov.w	r2, #4096	@ 0x1000
1000492e:	4806      	ldr	r0, [pc, #24]	@ (10004948 <rp2040_usb_init+0x38>)
10004930:	f001 fe9a 	bl	10006668 <memset>
10004934:	2209      	movs	r2, #9
10004936:	4b05      	ldr	r3, [pc, #20]	@ (1000494c <rp2040_usb_init+0x3c>)
10004938:	675a      	str	r2, [r3, #116]	@ 0x74
1000493a:	bd08      	pop	{r3, pc}
1000493c:	40022000 	.word	0x40022000
10004940:	40023000 	.word	0x40023000
10004944:	40020000 	.word	0x40020000
10004948:	50100000 	.word	0x50100000
1000494c:	50110000 	.word	0x50110000

10004950 <hw_endpoint_xfer_start>:
10004950:	2300      	movs	r3, #0
10004952:	f04f 0c01 	mov.w	ip, #1
10004956:	b510      	push	{r4, lr}
10004958:	f880 c01a 	strb.w	ip, [r0, #26]
1000495c:	8282      	strh	r2, [r0, #20]
1000495e:	82c3      	strh	r3, [r0, #22]
10004960:	6101      	str	r1, [r0, #16]
10004962:	4604      	mov	r4, r0
10004964:	f001 ff90 	bl	10006888 <__e15_is_bulkin_ep_veneer>
10004968:	b120      	cbz	r0, 10004974 <hw_endpoint_xfer_start+0x24>
1000496a:	f44f 3200 	mov.w	r2, #131072	@ 0x20000
1000496e:	4b07      	ldr	r3, [pc, #28]	@ (1000498c <hw_endpoint_xfer_start+0x3c>)
10004970:	f8c3 2090 	str.w	r2, [r3, #144]	@ 0x90
10004974:	4620      	mov	r0, r4
10004976:	f001 ff8b 	bl	10006890 <__e15_is_critical_frame_period_veneer>
1000497a:	b110      	cbz	r0, 10004982 <hw_endpoint_xfer_start+0x32>
1000497c:	2301      	movs	r3, #1
1000497e:	7723      	strb	r3, [r4, #28]
10004980:	bd10      	pop	{r4, pc}
10004982:	4620      	mov	r0, r4
10004984:	e8bd 4010 	ldmia.w	sp!, {r4, lr}
10004988:	f001 bf6a 	b.w	10006860 <__hw_endpoint_start_next_buffer_veneer>
1000498c:	50112000 	.word	0x50112000

10004990 <configuration_reset>:
10004990:	e92d 41f0 	stmdb	sp!, {r4, r5, r6, r7, r8, lr}
10004994:	2400      	movs	r4, #0
10004996:	4e1d      	ldr	r6, [pc, #116]	@ (10004a0c <configuration_reset+0x7c>)
10004998:	4605      	mov	r5, r0
1000499a:	4623      	mov	r3, r4
1000499c:	7832      	ldrb	r2, [r6, #0]
1000499e:	f8df 8078 	ldr.w	r8, [pc, #120]	@ 10004a18 <configuration_reset+0x88>
100049a2:	4f1b      	ldr	r7, [pc, #108]	@ (10004a10 <configuration_reset+0x80>)
100049a4:	e00d      	b.n	100049c2 <configuration_reset+0x32>
100049a6:	683b      	ldr	r3, [r7, #0]
100049a8:	eb13 1344 	adds.w	r3, r3, r4, lsl #5
100049ac:	d024      	beq.n	100049f8 <configuration_reset+0x68>
100049ae:	68db      	ldr	r3, [r3, #12]
100049b0:	4628      	mov	r0, r5
100049b2:	4798      	blx	r3
100049b4:	7832      	ldrb	r2, [r6, #0]
100049b6:	3401      	adds	r4, #1
100049b8:	b2e4      	uxtb	r4, r4
100049ba:	1c51      	adds	r1, r2, #1
100049bc:	42a1      	cmp	r1, r4
100049be:	4623      	mov	r3, r4
100049c0:	db06      	blt.n	100049d0 <configuration_reset+0x40>
100049c2:	42a2      	cmp	r2, r4
100049c4:	eba3 0302 	sub.w	r3, r3, r2
100049c8:	d8ed      	bhi.n	100049a6 <configuration_reset+0x16>
100049ca:	eb08 1343 	add.w	r3, r8, r3, lsl #5
100049ce:	e7ee      	b.n	100049ae <configuration_reset+0x1e>
100049d0:	2254      	movs	r2, #84	@ 0x54
100049d2:	2100      	movs	r1, #0
100049d4:	480f      	ldr	r0, [pc, #60]	@ (10004a14 <configuration_reset+0x84>)
100049d6:	f001 fe47 	bl	10006668 <memset>
100049da:	f04f 33ff 	mov.w	r3, #4294967295	@ 0xffffffff
100049de:	480d      	ldr	r0, [pc, #52]	@ (10004a14 <configuration_reset+0x84>)
100049e0:	2220      	movs	r2, #32
100049e2:	1d04      	adds	r4, r0, #4
100049e4:	6043      	str	r3, [r0, #4]
100049e6:	e9c4 3301 	strd	r3, r3, [r4, #4]
100049ea:	60e3      	str	r3, [r4, #12]
100049ec:	21ff      	movs	r1, #255	@ 0xff
100049ee:	e8bd 41f0 	ldmia.w	sp!, {r4, r5, r6, r7, r8, lr}
100049f2:	3014      	adds	r0, #20
100049f4:	f001 be38 	b.w	10006668 <memset>
100049f8:	f04f 23e0 	mov.w	r3, #3758153728	@ 0xe000e000
100049fc:	f8d3 3df0 	ldr.w	r3, [r3, #3568]	@ 0xdf0
10004a00:	07db      	lsls	r3, r3, #31
10004a02:	d500      	bpl.n	10004a06 <configuration_reset+0x76>
10004a04:	be00      	bkpt	0x0000
10004a06:	e8bd 81f0 	ldmia.w	sp!, {r4, r5, r6, r7, r8, pc}
10004a0a:	bf00      	nop
10004a0c:	20001ead 	.word	0x20001ead
10004a10:	200013d4 	.word	0x200013d4
10004a14:	200015a4 	.word	0x200015a4
10004a18:	10006d78 	.word	0x10006d78

10004a1c <tud_event_hook_cb>:
10004a1c:	4770      	bx	lr
10004a1e:	bf00      	nop

10004a20 <tud_sof_cb>:
10004a20:	4770      	bx	lr
10004a22:	bf00      	nop

10004a24 <tud_descriptor_device_qualifier_cb>:
10004a24:	2000      	movs	r0, #0
10004a26:	4770      	bx	lr

10004a28 <tud_descriptor_other_speed_configuration_cb>:
10004a28:	2000      	movs	r0, #0
10004a2a:	4770      	bx	lr

10004a2c <tud_mount_cb>:
10004a2c:	4770      	bx	lr
10004a2e:	bf00      	nop

10004a30 <tud_umount_cb>:
10004a30:	4770      	bx	lr
10004a32:	bf00      	nop

10004a34 <tud_suspend_cb>:
10004a34:	4770      	bx	lr
10004a36:	bf00      	nop

10004a38 <tud_resume_cb>:
10004a38:	4770      	bx	lr
10004a3a:	bf00      	nop

10004a3c <tud_mounted>:
10004a3c:	4b02      	ldr	r3, [pc, #8]	@ (10004a48 <tud_mounted+0xc>)
10004a3e:	7858      	ldrb	r0, [r3, #1]
10004a40:	3800      	subs	r0, #0
10004a42:	bf18      	it	ne
10004a44:	2001      	movne	r0, #1
10004a46:	4770      	bx	lr
10004a48:	200015a4 	.word	0x200015a4

10004a4c <tud_suspended>:
10004a4c:	4b02      	ldr	r3, [pc, #8]	@ (10004a58 <tud_suspended+0xc>)
10004a4e:	7818      	ldrb	r0, [r3, #0]
10004a50:	f3c0 0080 	ubfx	r0, r0, #2, #1
10004a54:	4770      	bx	lr
10004a56:	bf00      	nop
10004a58:	200015a4 	.word	0x200015a4

10004a5c <tud_rhport_init>:
10004a5c:	e92d 47f0 	stmdb	sp!, {r4, r5, r6, r7, r8, r9, sl, lr}
10004a60:	f8df a0e4 	ldr.w	sl, [pc, #228]	@ 10004b48 <tud_rhport_init+0xec>
10004a64:	f89a 3000 	ldrb.w	r3, [sl]
10004a68:	2bff      	cmp	r3, #255	@ 0xff
10004a6a:	d156      	bne.n	10004b1a <tud_rhport_init+0xbe>
10004a6c:	460e      	mov	r6, r1
10004a6e:	2900      	cmp	r1, #0
10004a70:	d03e      	beq.n	10004af0 <tud_rhport_init+0x94>
10004a72:	2100      	movs	r1, #0
10004a74:	2254      	movs	r2, #84	@ 0x54
10004a76:	4607      	mov	r7, r0
10004a78:	4829      	ldr	r0, [pc, #164]	@ (10004b20 <tud_rhport_init+0xc4>)
10004a7a:	f001 fdf5 	bl	10006668 <memset>
10004a7e:	2200      	movs	r2, #0
10004a80:	4c28      	ldr	r4, [pc, #160]	@ (10004b24 <tud_rhport_init+0xc8>)
10004a82:	4b29      	ldr	r3, [pc, #164]	@ (10004b28 <tud_rhport_init+0xcc>)
10004a84:	4620      	mov	r0, r4
10004a86:	701a      	strb	r2, [r3, #0]
10004a88:	f7fc fafe 	bl	10001088 <mutex_init>
10004a8c:	4b27      	ldr	r3, [pc, #156]	@ (10004b2c <tud_rhport_init+0xd0>)
10004a8e:	4828      	ldr	r0, [pc, #160]	@ (10004b30 <tud_rhport_init+0xd4>)
10004a90:	601c      	str	r4, [r3, #0]
10004a92:	4c28      	ldr	r4, [pc, #160]	@ (10004b34 <tud_rhport_init+0xd8>)
10004a94:	f7fc fb06 	bl	100010a4 <critical_section_init>
10004a98:	4620      	mov	r0, r4
10004a9a:	f001 fdab 	bl	100065f4 <tu_fifo_clear>
10004a9e:	4a26      	ldr	r2, [pc, #152]	@ (10004b38 <tud_rhport_init+0xdc>)
10004aa0:	4b26      	ldr	r3, [pc, #152]	@ (10004b3c <tud_rhport_init+0xe0>)
10004aa2:	6014      	str	r4, [r2, #0]
10004aa4:	b123      	cbz	r3, 10004ab0 <tud_rhport_init+0x54>
10004aa6:	4826      	ldr	r0, [pc, #152]	@ (10004b40 <tud_rhport_init+0xe4>)
10004aa8:	f7ff fac4 	bl	10004034 <usbd_app_driver_get_cb>
10004aac:	4b25      	ldr	r3, [pc, #148]	@ (10004b44 <tud_rhport_init+0xe8>)
10004aae:	6018      	str	r0, [r3, #0]
10004ab0:	2400      	movs	r4, #0
10004ab2:	4d23      	ldr	r5, [pc, #140]	@ (10004b40 <tud_rhport_init+0xe4>)
10004ab4:	4623      	mov	r3, r4
10004ab6:	782a      	ldrb	r2, [r5, #0]
10004ab8:	f8df 9090 	ldr.w	r9, [pc, #144]	@ 10004b4c <tud_rhport_init+0xf0>
10004abc:	f8df 8084 	ldr.w	r8, [pc, #132]	@ 10004b44 <tud_rhport_init+0xe8>
10004ac0:	e00e      	b.n	10004ae0 <tud_rhport_init+0x84>
10004ac2:	f8d8 3000 	ldr.w	r3, [r8]
10004ac6:	eb13 1344 	adds.w	r3, r3, r4, lsl #5
10004aca:	d011      	beq.n	10004af0 <tud_rhport_init+0x94>
10004acc:	685b      	ldr	r3, [r3, #4]
10004ace:	b17b      	cbz	r3, 10004af0 <tud_rhport_init+0x94>
10004ad0:	4798      	blx	r3
10004ad2:	782a      	ldrb	r2, [r5, #0]
10004ad4:	3401      	adds	r4, #1
10004ad6:	b2e4      	uxtb	r4, r4
10004ad8:	1c51      	adds	r1, r2, #1
10004ada:	42a1      	cmp	r1, r4
10004adc:	4623      	mov	r3, r4
10004ade:	db11      	blt.n	10004b04 <tud_rhport_init+0xa8>
10004ae0:	42a2      	cmp	r2, r4
10004ae2:	d8ee      	bhi.n	10004ac2 <tud_rhport_init+0x66>
10004ae4:	1a9b      	subs	r3, r3, r2
10004ae6:	eb09 1343 	add.w	r3, r9, r3, lsl #5
10004aea:	685b      	ldr	r3, [r3, #4]
10004aec:	2b00      	cmp	r3, #0
10004aee:	d1ef      	bne.n	10004ad0 <tud_rhport_init+0x74>
10004af0:	f04f 23e0 	mov.w	r3, #3758153728	@ 0xe000e000
10004af4:	f8d3 3df0 	ldr.w	r3, [r3, #3568]	@ 0xdf0
10004af8:	07db      	lsls	r3, r3, #31
10004afa:	d500      	bpl.n	10004afe <tud_rhport_init+0xa2>
10004afc:	be00      	bkpt	0x0000
10004afe:	2000      	movs	r0, #0
10004b00:	e8bd 87f0 	ldmia.w	sp!, {r4, r5, r6, r7, r8, r9, sl, pc}
10004b04:	4631      	mov	r1, r6
10004b06:	4638      	mov	r0, r7
10004b08:	f88a 7000 	strb.w	r7, [sl]
10004b0c:	f7ff fdd0 	bl	100046b0 <dcd_init>
10004b10:	2800      	cmp	r0, #0
10004b12:	d0ed      	beq.n	10004af0 <tud_rhport_init+0x94>
10004b14:	4638      	mov	r0, r7
10004b16:	f7ff fe11 	bl	1000473c <dcd_int_enable>
10004b1a:	2001      	movs	r0, #1
10004b1c:	e8bd 87f0 	ldmia.w	sp!, {r4, r5, r6, r7, r8, r9, sl, pc}
10004b20:	200015a4 	.word	0x200015a4
10004b24:	2000159c 	.word	0x2000159c
10004b28:	20001eaf 	.word	0x20001eaf
10004b2c:	200015f8 	.word	0x200015f8
10004b30:	20001230 	.word	0x20001230
10004b34:	2000121c 	.word	0x2000121c
10004b38:	200015fc 	.word	0x200015fc
10004b3c:	10004035 	.word	0x10004035
10004b40:	20001ead 	.word	0x20001ead
10004b44:	200013d4 	.word	0x200013d4
10004b48:	20001238 	.word	0x20001238
10004b4c:	10006d78 	.word	0x10006d78

10004b50 <tud_task_ext>:
10004b50:	e92d 4ff0 	stmdb	sp!, {r4, r5, r6, r7, r8, r9, sl, fp, lr}
10004b54:	f8df 92c8 	ldr.w	r9, [pc, #712]	@ 10004e20 <tud_task_ext+0x2d0>
10004b58:	b08b      	sub	sp, #44	@ 0x2c
10004b5a:	f899 3000 	ldrb.w	r3, [r9]
10004b5e:	2bff      	cmp	r3, #255	@ 0xff
10004b60:	f000 80f1 	beq.w	10004d46 <tud_task_ext+0x1f6>
10004b64:	4ca8      	ldr	r4, [pc, #672]	@ (10004e08 <tud_task_ext+0x2b8>)
10004b66:	4da9      	ldr	r5, [pc, #676]	@ (10004e0c <tud_task_ext+0x2bc>)
10004b68:	f8df a2b0 	ldr.w	sl, [pc, #688]	@ 10004e1c <tud_task_ext+0x2cc>
10004b6c:	f8df b2b4 	ldr.w	fp, [pc, #692]	@ 10004e24 <tud_task_ext+0x2d4>
10004b70:	6826      	ldr	r6, [r4, #0]
10004b72:	6973      	ldr	r3, [r6, #20]
10004b74:	f3ef 8210 	mrs	r2, PRIMASK
10004b78:	b672      	cpsid	i
10004b7a:	e8d3 0fcf 	ldaexb	r0, [r3]
10004b7e:	2101      	movs	r1, #1
10004b80:	2800      	cmp	r0, #0
10004b82:	d1fa      	bne.n	10004b7a <tud_task_ext+0x2a>
10004b84:	e8c3 1f40 	strexb	r0, r1, [r3]
10004b88:	2800      	cmp	r0, #0
10004b8a:	d1f6      	bne.n	10004b7a <tud_task_ext+0x2a>
10004b8c:	f3bf 8f5f 	dmb	sy
10004b90:	61b2      	str	r2, [r6, #24]
10004b92:	4630      	mov	r0, r6
10004b94:	a907      	add	r1, sp, #28
10004b96:	f001 fb77 	bl	10006288 <tu_fifo_read>
10004b9a:	2300      	movs	r3, #0
10004b9c:	6972      	ldr	r2, [r6, #20]
10004b9e:	e8c2 3f8f 	stlb	r3, [r2]
10004ba2:	69b3      	ldr	r3, [r6, #24]
10004ba4:	f383 8810 	msr	PRIMASK, r3
10004ba8:	2800      	cmp	r0, #0
10004baa:	f000 80cc 	beq.w	10004d46 <tud_task_ext+0x1f6>
10004bae:	f89d 301d 	ldrb.w	r3, [sp, #29]
10004bb2:	3b01      	subs	r3, #1
10004bb4:	2b07      	cmp	r3, #7
10004bb6:	f200 837d 	bhi.w	100052b4 <tud_task_ext+0x764>
10004bba:	e8df f003 	tbb	[pc, r3]
10004bbe:	b1a7      	.short	0xb1a7
10004bc0:	358e9d95 	.word	0x358e9d95
10004bc4:	040a      	.short	0x040a
10004bc6:	9b08      	ldr	r3, [sp, #32]
10004bc8:	2b00      	cmp	r3, #0
10004bca:	d0d1      	beq.n	10004b70 <tud_task_ext+0x20>
10004bcc:	9809      	ldr	r0, [sp, #36]	@ 0x24
10004bce:	4798      	blx	r3
10004bd0:	e7ce      	b.n	10004b70 <tud_task_ext+0x20>
10004bd2:	f89d 1020 	ldrb.w	r1, [sp, #32]
10004bd6:	f001 067f 	and.w	r6, r1, #127	@ 0x7f
10004bda:	eb05 0046 	add.w	r0, r5, r6, lsl #1
10004bde:	eb00 10d1 	add.w	r0, r0, r1, lsr #7
10004be2:	f890 3034 	ldrb.w	r3, [r0, #52]	@ 0x34
10004be6:	f023 0301 	bic.w	r3, r3, #1
10004bea:	f880 3034 	strb.w	r3, [r0, #52]	@ 0x34
10004bee:	f890 3034 	ldrb.w	r3, [r0, #52]	@ 0x34
10004bf2:	f023 0304 	bic.w	r3, r3, #4
10004bf6:	f880 3034 	strb.w	r3, [r0, #52]	@ 0x34
10004bfa:	2e00      	cmp	r6, #0
10004bfc:	f000 80a6 	beq.w	10004d4c <tud_task_ext+0x1fc>
10004c00:	7d03      	ldrb	r3, [r0, #20]
10004c02:	f89a 2000 	ldrb.w	r2, [sl]
10004c06:	4293      	cmp	r3, r2
10004c08:	f080 8093 	bcs.w	10004d32 <tud_task_ext+0x1e2>
10004c0c:	4a80      	ldr	r2, [pc, #512]	@ (10004e10 <tud_task_ext+0x2c0>)
10004c0e:	6812      	ldr	r2, [r2, #0]
10004c10:	eb12 1343 	adds.w	r3, r2, r3, lsl #5
10004c14:	f000 8090 	beq.w	10004d38 <tud_task_ext+0x1e8>
10004c18:	699e      	ldr	r6, [r3, #24]
10004c1a:	f89d 2021 	ldrb.w	r2, [sp, #33]	@ 0x21
10004c1e:	9b09      	ldr	r3, [sp, #36]	@ 0x24
10004c20:	f89d 001c 	ldrb.w	r0, [sp, #28]
10004c24:	47b0      	blx	r6
10004c26:	e7a3      	b.n	10004b70 <tud_task_ext+0x20>
10004c28:	f89b 3000 	ldrb.w	r3, [fp]
10004c2c:	2b00      	cmp	r3, #0
10004c2e:	f000 8083 	beq.w	10004d38 <tud_task_ext+0x1e8>
10004c32:	f89b 3000 	ldrb.w	r3, [fp]
10004c36:	3b01      	subs	r3, #1
10004c38:	b2db      	uxtb	r3, r3
10004c3a:	f88b 3000 	strb.w	r3, [fp]
10004c3e:	f89b 3000 	ldrb.w	r3, [fp]
10004c42:	f003 00ff 	and.w	r0, r3, #255	@ 0xff
10004c46:	2b00      	cmp	r3, #0
10004c48:	d192      	bne.n	10004b70 <tud_task_ext+0x20>
10004c4a:	4f70      	ldr	r7, [pc, #448]	@ (10004e0c <tud_task_ext+0x2bc>)
10004c4c:	f89d 801c 	ldrb.w	r8, [sp, #28]
10004c50:	783b      	ldrb	r3, [r7, #0]
10004c52:	f043 0301 	orr.w	r3, r3, #1
10004c56:	703b      	strb	r3, [r7, #0]
10004c58:	f897 3034 	ldrb.w	r3, [r7, #52]	@ 0x34
10004c5c:	f360 0300 	bfi	r3, r0, #0, #1
10004c60:	f887 3034 	strb.w	r3, [r7, #52]	@ 0x34
10004c64:	f897 3034 	ldrb.w	r3, [r7, #52]	@ 0x34
10004c68:	f360 0382 	bfi	r3, r0, #2, #1
10004c6c:	f887 3034 	strb.w	r3, [r7, #52]	@ 0x34
10004c70:	f897 3035 	ldrb.w	r3, [r7, #53]	@ 0x35
10004c74:	f360 0300 	bfi	r3, r0, #0, #1
10004c78:	f887 3035 	strb.w	r3, [r7, #53]	@ 0x35
10004c7c:	f897 3035 	ldrb.w	r3, [r7, #53]	@ 0x35
10004c80:	f360 0382 	bfi	r3, r0, #2, #1
10004c84:	f887 3035 	strb.w	r3, [r7, #53]	@ 0x35
10004c88:	f000 fc6c 	bl	10005564 <usbd_control_set_complete_callback>
10004c8c:	f89d 3020 	ldrb.w	r3, [sp, #32]
10004c90:	f003 0260 	and.w	r2, r3, #96	@ 0x60
10004c94:	2a60      	cmp	r2, #96	@ 0x60
10004c96:	d06c      	beq.n	10004d72 <tud_task_ext+0x222>
10004c98:	2a40      	cmp	r2, #64	@ 0x40
10004c9a:	d07c      	beq.n	10004d96 <tud_task_ext+0x246>
10004c9c:	f003 031f 	and.w	r3, r3, #31
10004ca0:	2b01      	cmp	r3, #1
10004ca2:	f000 80c1 	beq.w	10004e28 <tud_task_ext+0x2d8>
10004ca6:	2b02      	cmp	r3, #2
10004ca8:	f000 8081 	beq.w	10004dae <tud_task_ext+0x25e>
10004cac:	2b00      	cmp	r3, #0
10004cae:	d160      	bne.n	10004d72 <tud_task_ext+0x222>
10004cb0:	2a20      	cmp	r2, #32
10004cb2:	f000 81e9 	beq.w	10005088 <tud_task_ext+0x538>
10004cb6:	2a00      	cmp	r2, #0
10004cb8:	d15b      	bne.n	10004d72 <tud_task_ext+0x222>
10004cba:	f89d 3021 	ldrb.w	r3, [sp, #33]	@ 0x21
10004cbe:	2b09      	cmp	r3, #9
10004cc0:	d857      	bhi.n	10004d72 <tud_task_ext+0x222>
10004cc2:	e8df f013 	tbh	[pc, r3, lsl #1]
10004cc6:	01b0      	.short	0x01b0
10004cc8:	005601a2 	.word	0x005601a2
10004ccc:	005601c1 	.word	0x005601c1
10004cd0:	016b0195 	.word	0x016b0195
10004cd4:	01600056 	.word	0x01600056
10004cd8:	00f4      	.short	0x00f4
10004cda:	782b      	ldrb	r3, [r5, #0]
10004cdc:	07d9      	lsls	r1, r3, #31
10004cde:	f57f af47 	bpl.w	10004b70 <tud_task_ext+0x20>
10004ce2:	f7ff fea9 	bl	10004a38 <tud_resume_cb>
10004ce6:	e743      	b.n	10004b70 <tud_task_ext+0x20>
10004ce8:	78eb      	ldrb	r3, [r5, #3]
10004cea:	07da      	lsls	r2, r3, #31
10004cec:	f57f af40 	bpl.w	10004b70 <tud_task_ext+0x20>
10004cf0:	9808      	ldr	r0, [sp, #32]
10004cf2:	f7ff fe95 	bl	10004a20 <tud_sof_cb>
10004cf6:	e73b      	b.n	10004b70 <tud_task_ext+0x20>
10004cf8:	782b      	ldrb	r3, [r5, #0]
10004cfa:	07d8      	lsls	r0, r3, #31
10004cfc:	f57f af38 	bpl.w	10004b70 <tud_task_ext+0x20>
10004d00:	7828      	ldrb	r0, [r5, #0]
10004d02:	f3c0 00c0 	ubfx	r0, r0, #3, #1
10004d06:	f7ff fe95 	bl	10004a34 <tud_suspend_cb>
10004d0a:	e731      	b.n	10004b70 <tud_task_ext+0x20>
10004d0c:	f89d 001c 	ldrb.w	r0, [sp, #28]
10004d10:	f7ff fe3e 	bl	10004990 <configuration_reset>
10004d14:	f000 fc1c 	bl	10005550 <usbd_control_reset>
10004d18:	f89d 3020 	ldrb.w	r3, [sp, #32]
10004d1c:	70ab      	strb	r3, [r5, #2]
10004d1e:	e727      	b.n	10004b70 <tud_task_ext+0x20>
10004d20:	f89d 001c 	ldrb.w	r0, [sp, #28]
10004d24:	f7ff fe34 	bl	10004990 <configuration_reset>
10004d28:	f000 fc12 	bl	10005550 <usbd_control_reset>
10004d2c:	f7ff fe80 	bl	10004a30 <tud_umount_cb>
10004d30:	e71e      	b.n	10004b70 <tud_task_ext+0x20>
10004d32:	1c50      	adds	r0, r2, #1
10004d34:	4298      	cmp	r0, r3
10004d36:	da11      	bge.n	10004d5c <tud_task_ext+0x20c>
10004d38:	f04f 23e0 	mov.w	r3, #3758153728	@ 0xe000e000
10004d3c:	f8d3 3df0 	ldr.w	r3, [r3, #3568]	@ 0xdf0
10004d40:	07dc      	lsls	r4, r3, #31
10004d42:	d500      	bpl.n	10004d46 <tud_task_ext+0x1f6>
10004d44:	be00      	bkpt	0x0000
10004d46:	b00b      	add	sp, #44	@ 0x2c
10004d48:	e8bd 8ff0 	ldmia.w	sp!, {r4, r5, r6, r7, r8, r9, sl, fp, pc}
10004d4c:	9b09      	ldr	r3, [sp, #36]	@ 0x24
10004d4e:	f89d 2021 	ldrb.w	r2, [sp, #33]	@ 0x21
10004d52:	f89d 001c 	ldrb.w	r0, [sp, #28]
10004d56:	f000 fc19 	bl	1000558c <usbd_control_xfer_cb>
10004d5a:	e709      	b.n	10004b70 <tud_task_ext+0x20>
10004d5c:	1a9b      	subs	r3, r3, r2
10004d5e:	4a2d      	ldr	r2, [pc, #180]	@ (10004e14 <tud_task_ext+0x2c4>)
10004d60:	eb02 1343 	add.w	r3, r2, r3, lsl #5
10004d64:	e758      	b.n	10004c18 <tud_task_ext+0xc8>
10004d66:	f7ff fb8d 	bl	10004484 <tud_descriptor_configuration_cb>
10004d6a:	4602      	mov	r2, r0
10004d6c:	2800      	cmp	r0, #0
10004d6e:	f040 8182 	bne.w	10005076 <tud_task_ext+0x526>
10004d72:	f04f 23e0 	mov.w	r3, #3758153728	@ 0xe000e000
10004d76:	f8d3 3df0 	ldr.w	r3, [r3, #3568]	@ 0xdf0
10004d7a:	07de      	lsls	r6, r3, #31
10004d7c:	d500      	bpl.n	10004d80 <tud_task_ext+0x230>
10004d7e:	be00      	bkpt	0x0000
10004d80:	f89d 001c 	ldrb.w	r0, [sp, #28]
10004d84:	2100      	movs	r1, #0
10004d86:	f7ff fd99 	bl	100048bc <dcd_edpt_stall>
10004d8a:	2180      	movs	r1, #128	@ 0x80
10004d8c:	f89d 001c 	ldrb.w	r0, [sp, #28]
10004d90:	f7ff fd94 	bl	100048bc <dcd_edpt_stall>
10004d94:	e6ec      	b.n	10004b70 <tud_task_ext+0x20>
10004d96:	4820      	ldr	r0, [pc, #128]	@ (10004e18 <tud_task_ext+0x2c8>)
10004d98:	f000 fbe4 	bl	10005564 <usbd_control_set_complete_callback>
10004d9c:	2101      	movs	r1, #1
10004d9e:	4640      	mov	r0, r8
10004da0:	aa08      	add	r2, sp, #32
10004da2:	f7ff f933 	bl	1000400c <tud_vendor_control_xfer_cb>
10004da6:	2800      	cmp	r0, #0
10004da8:	f47f aee2 	bne.w	10004b70 <tud_task_ext+0x20>
10004dac:	e7e8      	b.n	10004d80 <tud_task_ext+0x230>
10004dae:	f89d 1024 	ldrb.w	r1, [sp, #36]	@ 0x24
10004db2:	f011 0f70 	tst.w	r1, #112	@ 0x70
10004db6:	d1dc      	bne.n	10004d72 <tud_task_ext+0x222>
10004db8:	f001 067f 	and.w	r6, r1, #127	@ 0x7f
10004dbc:	eb07 0046 	add.w	r0, r7, r6, lsl #1
10004dc0:	4b16      	ldr	r3, [pc, #88]	@ (10004e1c <tud_task_ext+0x2cc>)
10004dc2:	eb00 10d1 	add.w	r0, r0, r1, lsr #7
10004dc6:	781b      	ldrb	r3, [r3, #0]
10004dc8:	7d00      	ldrb	r0, [r0, #20]
10004dca:	0076      	lsls	r6, r6, #1
10004dcc:	9601      	str	r6, [sp, #4]
10004dce:	4298      	cmp	r0, r3
10004dd0:	ea4f 16d1 	mov.w	r6, r1, lsr #7
10004dd4:	9600      	str	r6, [sp, #0]
10004dd6:	d359      	bcc.n	10004e8c <tud_task_ext+0x33c>
10004dd8:	1c5e      	adds	r6, r3, #1
10004dda:	4286      	cmp	r6, r0
10004ddc:	f2c0 8166 	blt.w	100050ac <tud_task_ext+0x55c>
10004de0:	1ac0      	subs	r0, r0, r3
10004de2:	4b0c      	ldr	r3, [pc, #48]	@ (10004e14 <tud_task_ext+0x2c4>)
10004de4:	eb03 1640 	add.w	r6, r3, r0, lsl #5
10004de8:	2a00      	cmp	r2, #0
10004dea:	f000 8163 	beq.w	100050b4 <tud_task_ext+0x564>
10004dee:	6970      	ldr	r0, [r6, #20]
10004df0:	f000 fbb8 	bl	10005564 <usbd_control_set_complete_callback>
10004df4:	2101      	movs	r1, #1
10004df6:	4640      	mov	r0, r8
10004df8:	6973      	ldr	r3, [r6, #20]
10004dfa:	aa08      	add	r2, sp, #32
10004dfc:	4798      	blx	r3
10004dfe:	2800      	cmp	r0, #0
10004e00:	f47f aeb6 	bne.w	10004b70 <tud_task_ext+0x20>
10004e04:	e7bc      	b.n	10004d80 <tud_task_ext+0x230>
10004e06:	bf00      	nop
10004e08:	200015fc 	.word	0x200015fc
10004e0c:	200015a4 	.word	0x200015a4
10004e10:	200013d4 	.word	0x200013d4
10004e14:	10006d78 	.word	0x10006d78
10004e18:	1000400d 	.word	0x1000400d
10004e1c:	20001ead 	.word	0x20001ead
10004e20:	20001238 	.word	0x20001238
10004e24:	20001eaf 	.word	0x20001eaf
10004e28:	f89d 3024 	ldrb.w	r3, [sp, #36]	@ 0x24
10004e2c:	2b0f      	cmp	r3, #15
10004e2e:	d8a7      	bhi.n	10004d80 <tud_task_ext+0x230>
10004e30:	4aae      	ldr	r2, [pc, #696]	@ (100050ec <tud_task_ext+0x59c>)
10004e32:	443b      	add	r3, r7
10004e34:	791b      	ldrb	r3, [r3, #4]
10004e36:	7812      	ldrb	r2, [r2, #0]
10004e38:	4293      	cmp	r3, r2
10004e3a:	d332      	bcc.n	10004ea2 <tud_task_ext+0x352>
10004e3c:	1c51      	adds	r1, r2, #1
10004e3e:	4299      	cmp	r1, r3
10004e40:	db9e      	blt.n	10004d80 <tud_task_ext+0x230>
10004e42:	4eab      	ldr	r6, [pc, #684]	@ (100050f0 <tud_task_ext+0x5a0>)
10004e44:	1a9b      	subs	r3, r3, r2
10004e46:	eb06 1643 	add.w	r6, r6, r3, lsl #5
10004e4a:	6970      	ldr	r0, [r6, #20]
10004e4c:	f000 fb8a 	bl	10005564 <usbd_control_set_complete_callback>
10004e50:	2101      	movs	r1, #1
10004e52:	4640      	mov	r0, r8
10004e54:	6973      	ldr	r3, [r6, #20]
10004e56:	aa08      	add	r2, sp, #32
10004e58:	4798      	blx	r3
10004e5a:	2800      	cmp	r0, #0
10004e5c:	f47f ae88 	bne.w	10004b70 <tud_task_ext+0x20>
10004e60:	f89d 3020 	ldrb.w	r3, [sp, #32]
10004e64:	f013 0660 	ands.w	r6, r3, #96	@ 0x60
10004e68:	d18a      	bne.n	10004d80 <tud_task_ext+0x230>
10004e6a:	f89d 3021 	ldrb.w	r3, [sp, #33]	@ 0x21
10004e6e:	3b0a      	subs	r3, #10
10004e70:	2b01      	cmp	r3, #1
10004e72:	d885      	bhi.n	10004d80 <tud_task_ext+0x230>
10004e74:	f000 fb76 	bl	10005564 <usbd_control_set_complete_callback>
10004e78:	f89d 3021 	ldrb.w	r3, [sp, #33]	@ 0x21
10004e7c:	2b0a      	cmp	r3, #10
10004e7e:	f000 81f2 	beq.w	10005266 <tud_task_ext+0x716>
10004e82:	4640      	mov	r0, r8
10004e84:	a908      	add	r1, sp, #32
10004e86:	f000 faf1 	bl	1000546c <tud_control_status>
10004e8a:	e671      	b.n	10004b70 <tud_task_ext+0x20>
10004e8c:	4b99      	ldr	r3, [pc, #612]	@ (100050f4 <tud_task_ext+0x5a4>)
10004e8e:	681b      	ldr	r3, [r3, #0]
10004e90:	eb03 1640 	add.w	r6, r3, r0, lsl #5
10004e94:	2a00      	cmp	r2, #0
10004e96:	f000 810d 	beq.w	100050b4 <tud_task_ext+0x564>
10004e9a:	2e00      	cmp	r6, #0
10004e9c:	f43f af70 	beq.w	10004d80 <tud_task_ext+0x230>
10004ea0:	e7a5      	b.n	10004dee <tud_task_ext+0x29e>
10004ea2:	4a94      	ldr	r2, [pc, #592]	@ (100050f4 <tud_task_ext+0x5a4>)
10004ea4:	6816      	ldr	r6, [r2, #0]
10004ea6:	eb16 1643 	adds.w	r6, r6, r3, lsl #5
10004eaa:	d1ce      	bne.n	10004e4a <tud_task_ext+0x2fa>
10004eac:	e768      	b.n	10004d80 <tud_task_ext+0x230>
10004eae:	787b      	ldrb	r3, [r7, #1]
10004eb0:	f89d 6022 	ldrb.w	r6, [sp, #34]	@ 0x22
10004eb4:	429e      	cmp	r6, r3
10004eb6:	f000 814f 	beq.w	10005158 <tud_task_ext+0x608>
10004eba:	787b      	ldrb	r3, [r7, #1]
10004ebc:	2b00      	cmp	r3, #0
10004ebe:	f040 81be 	bne.w	1000523e <tud_task_ext+0x6ee>
10004ec2:	707e      	strb	r6, [r7, #1]
10004ec4:	2e00      	cmp	r6, #0
10004ec6:	f000 8145 	beq.w	10005154 <tud_task_ext+0x604>
10004eca:	1e70      	subs	r0, r6, #1
10004ecc:	b2c0      	uxtb	r0, r0
10004ece:	f7ff fad9 	bl	10004484 <tud_descriptor_configuration_cb>
10004ed2:	4603      	mov	r3, r0
10004ed4:	2800      	cmp	r0, #0
10004ed6:	f000 815f 	beq.w	10005198 <tud_task_ext+0x648>
10004eda:	7842      	ldrb	r2, [r0, #1]
10004edc:	2a02      	cmp	r2, #2
10004ede:	f040 815b 	bne.w	10005198 <tud_task_ext+0x648>
10004ee2:	79c1      	ldrb	r1, [r0, #7]
10004ee4:	f103 0609 	add.w	r6, r3, #9
10004ee8:	f3c1 1240 	ubfx	r2, r1, #5, #1
10004eec:	0112      	lsls	r2, r2, #4
10004eee:	f3c1 1180 	ubfx	r1, r1, #6, #1
10004ef2:	ea42 1241 	orr.w	r2, r2, r1, lsl #5
10004ef6:	4631      	mov	r1, r6
10004ef8:	7838      	ldrb	r0, [r7, #0]
10004efa:	f020 0030 	bic.w	r0, r0, #48	@ 0x30
10004efe:	4302      	orrs	r2, r0
10004f00:	703a      	strb	r2, [r7, #0]
10004f02:	885a      	ldrh	r2, [r3, #2]
10004f04:	f8cd 800c 	str.w	r8, [sp, #12]
10004f08:	189a      	adds	r2, r3, r2
10004f0a:	9201      	str	r2, [sp, #4]
10004f0c:	9b01      	ldr	r3, [sp, #4]
10004f0e:	428b      	cmp	r3, r1
10004f10:	f240 81a4 	bls.w	1000525c <tud_task_ext+0x70c>
10004f14:	784a      	ldrb	r2, [r1, #1]
10004f16:	2a0b      	cmp	r2, #11
10004f18:	f000 81af 	beq.w	1000527a <tud_task_ext+0x72a>
10004f1c:	2301      	movs	r3, #1
10004f1e:	2a04      	cmp	r2, #4
10004f20:	f040 813a 	bne.w	10005198 <tud_task_ext+0x648>
10004f24:	2600      	movs	r6, #0
10004f26:	9a01      	ldr	r2, [sp, #4]
10004f28:	9600      	str	r6, [sp, #0]
10004f2a:	1a52      	subs	r2, r2, r1
10004f2c:	b292      	uxth	r2, r2
10004f2e:	9202      	str	r2, [sp, #8]
10004f30:	4a6e      	ldr	r2, [pc, #440]	@ (100050ec <tud_task_ext+0x59c>)
10004f32:	9304      	str	r3, [sp, #16]
10004f34:	7812      	ldrb	r2, [r2, #0]
10004f36:	e01d      	b.n	10004f74 <tud_task_ext+0x424>
10004f38:	4b6e      	ldr	r3, [pc, #440]	@ (100050f4 <tud_task_ext+0x5a4>)
10004f3a:	681b      	ldr	r3, [r3, #0]
10004f3c:	eb13 1846 	adds.w	r8, r3, r6, lsl #5
10004f40:	f000 812a 	beq.w	10005198 <tud_task_ext+0x648>
10004f44:	9a02      	ldr	r2, [sp, #8]
10004f46:	f8d8 3010 	ldr.w	r3, [r8, #16]
10004f4a:	9803      	ldr	r0, [sp, #12]
10004f4c:	9105      	str	r1, [sp, #20]
10004f4e:	4798      	blx	r3
10004f50:	2808      	cmp	r0, #8
10004f52:	4602      	mov	r2, r0
10004f54:	9905      	ldr	r1, [sp, #20]
10004f56:	f106 0301 	add.w	r3, r6, #1
10004f5a:	d903      	bls.n	10004f64 <tud_task_ext+0x414>
10004f5c:	9802      	ldr	r0, [sp, #8]
10004f5e:	4290      	cmp	r0, r2
10004f60:	f080 80ff 	bcs.w	10005162 <tud_task_ext+0x612>
10004f64:	b2de      	uxtb	r6, r3
10004f66:	4b61      	ldr	r3, [pc, #388]	@ (100050ec <tud_task_ext+0x59c>)
10004f68:	9600      	str	r6, [sp, #0]
10004f6a:	781a      	ldrb	r2, [r3, #0]
10004f6c:	1c53      	adds	r3, r2, #1
10004f6e:	429e      	cmp	r6, r3
10004f70:	f300 8112 	bgt.w	10005198 <tud_task_ext+0x648>
10004f74:	9b00      	ldr	r3, [sp, #0]
10004f76:	42b2      	cmp	r2, r6
10004f78:	eba3 0202 	sub.w	r2, r3, r2
10004f7c:	d8dc      	bhi.n	10004f38 <tud_task_ext+0x3e8>
10004f7e:	4b5c      	ldr	r3, [pc, #368]	@ (100050f0 <tud_task_ext+0x5a0>)
10004f80:	eb03 1842 	add.w	r8, r3, r2, lsl #5
10004f84:	e7de      	b.n	10004f44 <tud_task_ext+0x3f4>
10004f86:	787b      	ldrb	r3, [r7, #1]
10004f88:	4640      	mov	r0, r8
10004f8a:	f88d 301a 	strb.w	r3, [sp, #26]
10004f8e:	f10d 021a 	add.w	r2, sp, #26
10004f92:	2301      	movs	r3, #1
10004f94:	a908      	add	r1, sp, #32
10004f96:	f000 fa83 	bl	100054a0 <tud_control_xfer>
10004f9a:	e5e9      	b.n	10004b70 <tud_task_ext+0x20>
10004f9c:	f8bd 0022 	ldrh.w	r0, [sp, #34]	@ 0x22
10004fa0:	0a03      	lsrs	r3, r0, #8
10004fa2:	3b01      	subs	r3, #1
10004fa4:	0a02      	lsrs	r2, r0, #8
10004fa6:	b2c0      	uxtb	r0, r0
10004fa8:	2b0e      	cmp	r3, #14
10004faa:	f63f aee9 	bhi.w	10004d80 <tud_task_ext+0x230>
10004fae:	a101      	add	r1, pc, #4	@ (adr r1, 10004fb4 <tud_task_ext+0x464>)
10004fb0:	f851 f023 	ldr.w	pc, [r1, r3, lsl #2]
10004fb4:	100051c9 	.word	0x100051c9
10004fb8:	10005065 	.word	0x10005065
10004fbc:	10005205 	.word	0x10005205
10004fc0:	10004d81 	.word	0x10004d81
10004fc4:	10004d81 	.word	0x10004d81
10004fc8:	100051e7 	.word	0x100051e7
10004fcc:	10005065 	.word	0x10005065
10004fd0:	10004d81 	.word	0x10004d81
10004fd4:	10004d81 	.word	0x10004d81
10004fd8:	10004d81 	.word	0x10004d81
10004fdc:	10004d81 	.word	0x10004d81
10004fe0:	10004d81 	.word	0x10004d81
10004fe4:	10004d81 	.word	0x10004d81
10004fe8:	10004d81 	.word	0x10004d81
10004fec:	100051bb 	.word	0x100051bb
10004ff0:	a808      	add	r0, sp, #32
10004ff2:	f000 fabd 	bl	10005570 <usbd_control_set_request>
10004ff6:	4640      	mov	r0, r8
10004ff8:	f89d 1022 	ldrb.w	r1, [sp, #34]	@ 0x22
10004ffc:	f7ff fba2 	bl	10004744 <dcd_set_address>
10005000:	783b      	ldrb	r3, [r7, #0]
10005002:	f043 0302 	orr.w	r3, r3, #2
10005006:	703b      	strb	r3, [r7, #0]
10005008:	e5b2      	b.n	10004b70 <tud_task_ext+0x20>
1000500a:	f8bd 3022 	ldrh.w	r3, [sp, #34]	@ 0x22
1000500e:	2b01      	cmp	r3, #1
10005010:	f47f aeb6 	bne.w	10004d80 <tud_task_ext+0x230>
10005014:	783b      	ldrb	r3, [r7, #0]
10005016:	4640      	mov	r0, r8
10005018:	f023 0308 	bic.w	r3, r3, #8
1000501c:	a908      	add	r1, sp, #32
1000501e:	703b      	strb	r3, [r7, #0]
10005020:	f000 fa24 	bl	1000546c <tud_control_status>
10005024:	e5a4      	b.n	10004b70 <tud_task_ext+0x20>
10005026:	4640      	mov	r0, r8
10005028:	783b      	ldrb	r3, [r7, #0]
1000502a:	089a      	lsrs	r2, r3, #2
1000502c:	f002 0202 	and.w	r2, r2, #2
10005030:	f3c3 1340 	ubfx	r3, r3, #5, #1
10005034:	4313      	orrs	r3, r2
10005036:	f8ad 301a 	strh.w	r3, [sp, #26]
1000503a:	f10d 021a 	add.w	r2, sp, #26
1000503e:	2302      	movs	r3, #2
10005040:	a908      	add	r1, sp, #32
10005042:	f000 fa2d 	bl	100054a0 <tud_control_xfer>
10005046:	e593      	b.n	10004b70 <tud_task_ext+0x20>
10005048:	f8bd 3022 	ldrh.w	r3, [sp, #34]	@ 0x22
1000504c:	2b01      	cmp	r3, #1
1000504e:	f47f ae97 	bne.w	10004d80 <tud_task_ext+0x230>
10005052:	783b      	ldrb	r3, [r7, #0]
10005054:	4640      	mov	r0, r8
10005056:	f043 0308 	orr.w	r3, r3, #8
1000505a:	a908      	add	r1, sp, #32
1000505c:	703b      	strb	r3, [r7, #0]
1000505e:	f000 fa05 	bl	1000546c <tud_control_status>
10005062:	e585      	b.n	10004b70 <tud_task_ext+0x20>
10005064:	2a02      	cmp	r2, #2
10005066:	f43f ae7e 	beq.w	10004d66 <tud_task_ext+0x216>
1000506a:	f7ff fcdd 	bl	10004a28 <tud_descriptor_other_speed_configuration_cb>
1000506e:	4602      	mov	r2, r0
10005070:	2800      	cmp	r0, #0
10005072:	f43f ae85 	beq.w	10004d80 <tud_task_ext+0x230>
10005076:	4640      	mov	r0, r8
10005078:	8853      	ldrh	r3, [r2, #2]
1000507a:	a908      	add	r1, sp, #32
1000507c:	f000 fa10 	bl	100054a0 <tud_control_xfer>
10005080:	2800      	cmp	r0, #0
10005082:	f47f ad75 	bne.w	10004b70 <tud_task_ext+0x20>
10005086:	e67b      	b.n	10004d80 <tud_task_ext+0x230>
10005088:	f89d 3024 	ldrb.w	r3, [sp, #36]	@ 0x24
1000508c:	2b0f      	cmp	r3, #15
1000508e:	f63f ae77 	bhi.w	10004d80 <tud_task_ext+0x230>
10005092:	4a16      	ldr	r2, [pc, #88]	@ (100050ec <tud_task_ext+0x59c>)
10005094:	443b      	add	r3, r7
10005096:	791b      	ldrb	r3, [r3, #4]
10005098:	7812      	ldrb	r2, [r2, #0]
1000509a:	4293      	cmp	r3, r2
1000509c:	d21d      	bcs.n	100050da <tud_task_ext+0x58a>
1000509e:	4a15      	ldr	r2, [pc, #84]	@ (100050f4 <tud_task_ext+0x5a4>)
100050a0:	6816      	ldr	r6, [r2, #0]
100050a2:	eb16 1643 	adds.w	r6, r6, r3, lsl #5
100050a6:	f47f aea2 	bne.w	10004dee <tud_task_ext+0x29e>
100050aa:	e669      	b.n	10004d80 <tud_task_ext+0x230>
100050ac:	2a00      	cmp	r2, #0
100050ae:	f47f ae67 	bne.w	10004d80 <tud_task_ext+0x230>
100050b2:	2600      	movs	r6, #0
100050b4:	f89d 2021 	ldrb.w	r2, [sp, #33]	@ 0x21
100050b8:	f002 03fd 	and.w	r3, r2, #253	@ 0xfd
100050bc:	2b01      	cmp	r3, #1
100050be:	d01b      	beq.n	100050f8 <tud_task_ext+0x5a8>
100050c0:	2a00      	cmp	r2, #0
100050c2:	f47f ae56 	bne.w	10004d72 <tud_task_ext+0x222>
100050c6:	9b01      	ldr	r3, [sp, #4]
100050c8:	9a00      	ldr	r2, [sp, #0]
100050ca:	443b      	add	r3, r7
100050cc:	4413      	add	r3, r2
100050ce:	f893 3034 	ldrb.w	r3, [r3, #52]	@ 0x34
100050d2:	4640      	mov	r0, r8
100050d4:	f3c3 0340 	ubfx	r3, r3, #1, #1
100050d8:	e7ad      	b.n	10005036 <tud_task_ext+0x4e6>
100050da:	1c51      	adds	r1, r2, #1
100050dc:	4299      	cmp	r1, r3
100050de:	f6ff ae4f 	blt.w	10004d80 <tud_task_ext+0x230>
100050e2:	4e03      	ldr	r6, [pc, #12]	@ (100050f0 <tud_task_ext+0x5a0>)
100050e4:	1a9b      	subs	r3, r3, r2
100050e6:	eb06 1643 	add.w	r6, r6, r3, lsl #5
100050ea:	e680      	b.n	10004dee <tud_task_ext+0x29e>
100050ec:	20001ead 	.word	0x20001ead
100050f0:	10006d78 	.word	0x10006d78
100050f4:	200013d4 	.word	0x200013d4
100050f8:	f8bd 3022 	ldrh.w	r3, [sp, #34]	@ 0x22
100050fc:	b9b3      	cbnz	r3, 1000512c <tud_task_ext+0x5dc>
100050fe:	2a01      	cmp	r2, #1
10005100:	f899 0000 	ldrb.w	r0, [r9]
10005104:	f000 8086 	beq.w	10005214 <tud_task_ext+0x6c4>
10005108:	f7ff fbd8 	bl	100048bc <dcd_edpt_stall>
1000510c:	9b01      	ldr	r3, [sp, #4]
1000510e:	9a00      	ldr	r2, [sp, #0]
10005110:	443b      	add	r3, r7
10005112:	4413      	add	r3, r2
10005114:	f893 2034 	ldrb.w	r2, [r3, #52]	@ 0x34
10005118:	f042 0202 	orr.w	r2, r2, #2
1000511c:	f883 2034 	strb.w	r2, [r3, #52]	@ 0x34
10005120:	f893 2034 	ldrb.w	r2, [r3, #52]	@ 0x34
10005124:	f042 0201 	orr.w	r2, r2, #1
10005128:	f883 2034 	strb.w	r2, [r3, #52]	@ 0x34
1000512c:	2e00      	cmp	r6, #0
1000512e:	f43f ad1f 	beq.w	10004b70 <tud_task_ext+0x20>
10005132:	6970      	ldr	r0, [r6, #20]
10005134:	f000 fa16 	bl	10005564 <usbd_control_set_complete_callback>
10005138:	6973      	ldr	r3, [r6, #20]
1000513a:	2101      	movs	r1, #1
1000513c:	aa08      	add	r2, sp, #32
1000513e:	4640      	mov	r0, r8
10005140:	4798      	blx	r3
10005142:	2000      	movs	r0, #0
10005144:	f000 fa0e 	bl	10005564 <usbd_control_set_complete_callback>
10005148:	f897 3035 	ldrb.w	r3, [r7, #53]	@ 0x35
1000514c:	07df      	lsls	r7, r3, #31
1000514e:	f53f ad0f 	bmi.w	10004b70 <tud_task_ext+0x20>
10005152:	e696      	b.n	10004e82 <tud_task_ext+0x332>
10005154:	f7ff fc6c 	bl	10004a30 <tud_umount_cb>
10005158:	4640      	mov	r0, r8
1000515a:	a908      	add	r1, sp, #32
1000515c:	f000 f986 	bl	1000546c <tud_control_status>
10005160:	e506      	b.n	10004b70 <tud_task_ext+0x20>
10005162:	9b04      	ldr	r3, [sp, #16]
10005164:	2b01      	cmp	r3, #1
10005166:	f000 809e 	beq.w	100052a6 <tud_task_ext+0x756>
1000516a:	2b00      	cmp	r3, #0
1000516c:	f000 808a 	beq.w	10005284 <tud_task_ext+0x734>
10005170:	2000      	movs	r0, #0
10005172:	f891 8002 	ldrb.w	r8, [r1, #2]
10005176:	e005      	b.n	10005184 <tud_task_ext+0x634>
10005178:	f88c 6004 	strb.w	r6, [ip, #4]
1000517c:	fa5f fc80 	uxtb.w	ip, r0
10005180:	4563      	cmp	r3, ip
10005182:	d97f      	bls.n	10005284 <tud_task_ext+0x734>
10005184:	eb08 0c00 	add.w	ip, r8, r0
10005188:	fa57 fc8c 	uxtab	ip, r7, ip
1000518c:	f89c e004 	ldrb.w	lr, [ip, #4]
10005190:	3001      	adds	r0, #1
10005192:	f1be 0fff 	cmp.w	lr, #255	@ 0xff
10005196:	d0ef      	beq.n	10005178 <tud_task_ext+0x628>
10005198:	f04f 23e0 	mov.w	r3, #3758153728	@ 0xe000e000
1000519c:	f8d3 3df0 	ldr.w	r3, [r3, #3568]	@ 0xdf0
100051a0:	07da      	lsls	r2, r3, #31
100051a2:	d500      	bpl.n	100051a6 <tud_task_ext+0x656>
100051a4:	be00      	bkpt	0x0000
100051a6:	f04f 23e0 	mov.w	r3, #3758153728	@ 0xe000e000
100051aa:	f8d3 3df0 	ldr.w	r3, [r3, #3568]	@ 0xdf0
100051ae:	07db      	lsls	r3, r3, #31
100051b0:	d500      	bpl.n	100051b4 <tud_task_ext+0x664>
100051b2:	be00      	bkpt	0x0000
100051b4:	2300      	movs	r3, #0
100051b6:	707b      	strb	r3, [r7, #1]
100051b8:	e5e2      	b.n	10004d80 <tud_task_ext+0x230>
100051ba:	f7fe ff23 	bl	10004004 <tud_descriptor_bos_cb>
100051be:	4602      	mov	r2, r0
100051c0:	2800      	cmp	r0, #0
100051c2:	f47f af58 	bne.w	10005076 <tud_task_ext+0x526>
100051c6:	e5db      	b.n	10004d80 <tud_task_ext+0x230>
100051c8:	f7ff f958 	bl	1000447c <tud_descriptor_device_cb>
100051cc:	4602      	mov	r2, r0
100051ce:	2800      	cmp	r0, #0
100051d0:	f43f adcf 	beq.w	10004d72 <tud_task_ext+0x222>
100051d4:	4640      	mov	r0, r8
100051d6:	2312      	movs	r3, #18
100051d8:	a908      	add	r1, sp, #32
100051da:	f000 f961 	bl	100054a0 <tud_control_xfer>
100051de:	2800      	cmp	r0, #0
100051e0:	f47f acc6 	bne.w	10004b70 <tud_task_ext+0x20>
100051e4:	e5cc      	b.n	10004d80 <tud_task_ext+0x230>
100051e6:	f7ff fc1d 	bl	10004a24 <tud_descriptor_device_qualifier_cb>
100051ea:	4602      	mov	r2, r0
100051ec:	2800      	cmp	r0, #0
100051ee:	f43f adc7 	beq.w	10004d80 <tud_task_ext+0x230>
100051f2:	4640      	mov	r0, r8
100051f4:	7813      	ldrb	r3, [r2, #0]
100051f6:	a908      	add	r1, sp, #32
100051f8:	f000 f952 	bl	100054a0 <tud_control_xfer>
100051fc:	2800      	cmp	r0, #0
100051fe:	f47f acb7 	bne.w	10004b70 <tud_task_ext+0x20>
10005202:	e5bd      	b.n	10004d80 <tud_task_ext+0x230>
10005204:	f8bd 1024 	ldrh.w	r1, [sp, #36]	@ 0x24
10005208:	f7ff f940 	bl	1000448c <tud_descriptor_string_cb>
1000520c:	4602      	mov	r2, r0
1000520e:	2800      	cmp	r0, #0
10005210:	d1ef      	bne.n	100051f2 <tud_task_ext+0x6a2>
10005212:	e5b5      	b.n	10004d80 <tud_task_ext+0x230>
10005214:	9302      	str	r3, [sp, #8]
10005216:	f7ff fb69 	bl	100048ec <dcd_edpt_clear_stall>
1000521a:	9a01      	ldr	r2, [sp, #4]
1000521c:	9b00      	ldr	r3, [sp, #0]
1000521e:	443a      	add	r2, r7
10005220:	441a      	add	r2, r3
10005222:	f892 1034 	ldrb.w	r1, [r2, #52]	@ 0x34
10005226:	9b02      	ldr	r3, [sp, #8]
10005228:	f363 0141 	bfi	r1, r3, #1, #1
1000522c:	f882 1034 	strb.w	r1, [r2, #52]	@ 0x34
10005230:	f892 1034 	ldrb.w	r1, [r2, #52]	@ 0x34
10005234:	f363 0100 	bfi	r1, r3, #0, #1
10005238:	f882 1034 	strb.w	r1, [r2, #52]	@ 0x34
1000523c:	e776      	b.n	1000512c <tud_task_ext+0x5dc>
1000523e:	2100      	movs	r1, #0
10005240:	4640      	mov	r0, r8
10005242:	f7ff fa87 	bl	10004754 <dcd_sof_enable>
10005246:	4640      	mov	r0, r8
10005248:	f7ff fb22 	bl	10004890 <dcd_edpt_close_all>
1000524c:	78bb      	ldrb	r3, [r7, #2]
1000524e:	4640      	mov	r0, r8
10005250:	9300      	str	r3, [sp, #0]
10005252:	f7ff fb9d 	bl	10004990 <configuration_reset>
10005256:	9b00      	ldr	r3, [sp, #0]
10005258:	70bb      	strb	r3, [r7, #2]
1000525a:	e632      	b.n	10004ec2 <tud_task_ext+0x372>
1000525c:	f8dd 800c 	ldr.w	r8, [sp, #12]
10005260:	f7ff fbe4 	bl	10004a2c <tud_mount_cb>
10005264:	e778      	b.n	10005158 <tud_task_ext+0x608>
10005266:	4640      	mov	r0, r8
10005268:	2301      	movs	r3, #1
1000526a:	a908      	add	r1, sp, #32
1000526c:	f10d 021a 	add.w	r2, sp, #26
10005270:	f88d 601a 	strb.w	r6, [sp, #26]
10005274:	f000 f914 	bl	100054a0 <tud_control_xfer>
10005278:	e47a      	b.n	10004b70 <tud_task_ext+0x20>
1000527a:	780a      	ldrb	r2, [r1, #0]
1000527c:	78cb      	ldrb	r3, [r1, #3]
1000527e:	4411      	add	r1, r2
10005280:	784a      	ldrb	r2, [r1, #1]
10005282:	e64c      	b.n	10004f1e <tud_task_ext+0x3ce>
10005284:	4633      	mov	r3, r6
10005286:	4810      	ldr	r0, [pc, #64]	@ (100052c8 <tud_task_ext+0x778>)
10005288:	9204      	str	r2, [sp, #16]
1000528a:	9102      	str	r1, [sp, #8]
1000528c:	f000 fe76 	bl	10005f7c <tu_edpt_bind_driver>
10005290:	4b0e      	ldr	r3, [pc, #56]	@ (100052cc <tud_task_ext+0x77c>)
10005292:	9a04      	ldr	r2, [sp, #16]
10005294:	9902      	ldr	r1, [sp, #8]
10005296:	781b      	ldrb	r3, [r3, #0]
10005298:	4411      	add	r1, r2
1000529a:	9a00      	ldr	r2, [sp, #0]
1000529c:	3301      	adds	r3, #1
1000529e:	4293      	cmp	r3, r2
100052a0:	f6bf ae34 	bge.w	10004f0c <tud_task_ext+0x3bc>
100052a4:	e778      	b.n	10005198 <tud_task_ext+0x648>
100052a6:	f8d8 c010 	ldr.w	ip, [r8, #16]
100052aa:	4809      	ldr	r0, [pc, #36]	@ (100052d0 <tud_task_ext+0x780>)
100052ac:	4584      	cmp	ip, r0
100052ae:	bf08      	it	eq
100052b0:	2302      	moveq	r3, #2
100052b2:	e75d      	b.n	10005170 <tud_task_ext+0x620>
100052b4:	f04f 23e0 	mov.w	r3, #3758153728	@ 0xe000e000
100052b8:	f8d3 3df0 	ldr.w	r3, [r3, #3568]	@ 0xdf0
100052bc:	07db      	lsls	r3, r3, #31
100052be:	f57f ac57 	bpl.w	10004b70 <tud_task_ext+0x20>
100052c2:	be00      	bkpt	0x0000
100052c4:	e454      	b.n	10004b70 <tud_task_ext+0x20>
100052c6:	bf00      	nop
100052c8:	200015b8 	.word	0x200015b8
100052cc:	20001ead 	.word	0x20001ead
100052d0:	1000599d 	.word	0x1000599d

100052d4 <usbd_open_edpt_pair>:
100052d4:	e92d 4ff8 	stmdb	sp!, {r3, r4, r5, r6, r7, r8, r9, sl, fp, lr}
100052d8:	9f0a      	ldr	r7, [sp, #40]	@ 0x28
100052da:	2a00      	cmp	r2, #0
100052dc:	d040      	beq.n	10005360 <usbd_open_edpt_pair+0x8c>
100052de:	460c      	mov	r4, r1
100052e0:	461e      	mov	r6, r3
100052e2:	4615      	mov	r5, r2
100052e4:	f04f 0a00 	mov.w	sl, #0
100052e8:	f8df 907c 	ldr.w	r9, [pc, #124]	@ 10005368 <usbd_open_edpt_pair+0x94>
100052ec:	f8df 807c 	ldr.w	r8, [pc, #124]	@ 1000536c <usbd_open_edpt_pair+0x98>
100052f0:	e018      	b.n	10005324 <usbd_open_edpt_pair+0x50>
100052f2:	4620      	mov	r0, r4
100052f4:	f898 1002 	ldrb.w	r1, [r8, #2]
100052f8:	f899 b000 	ldrb.w	fp, [r9]
100052fc:	f000 fe0e 	bl	10005f1c <tu_edpt_validate>
10005300:	b1e0      	cbz	r0, 1000533c <usbd_open_edpt_pair+0x68>
10005302:	4621      	mov	r1, r4
10005304:	4658      	mov	r0, fp
10005306:	f7ff fa41 	bl	1000478c <dcd_edpt_open>
1000530a:	b1f0      	cbz	r0, 1000534a <usbd_open_edpt_pair+0x76>
1000530c:	78a2      	ldrb	r2, [r4, #2]
1000530e:	f10a 0a01 	add.w	sl, sl, #1
10005312:	09d1      	lsrs	r1, r2, #7
10005314:	bf16      	itet	ne
10005316:	9b0b      	ldrne	r3, [sp, #44]	@ 0x2c
10005318:	703a      	strbeq	r2, [r7, #0]
1000531a:	701a      	strbne	r2, [r3, #0]
1000531c:	7822      	ldrb	r2, [r4, #0]
1000531e:	45aa      	cmp	sl, r5
10005320:	4414      	add	r4, r2
10005322:	d01d      	beq.n	10005360 <usbd_open_edpt_pair+0x8c>
10005324:	7862      	ldrb	r2, [r4, #1]
10005326:	2a05      	cmp	r2, #5
10005328:	d10f      	bne.n	1000534a <usbd_open_edpt_pair+0x76>
1000532a:	78e1      	ldrb	r1, [r4, #3]
1000532c:	f001 0103 	and.w	r1, r1, #3
10005330:	42b1      	cmp	r1, r6
10005332:	d10a      	bne.n	1000534a <usbd_open_edpt_pair+0x76>
10005334:	78a2      	ldrb	r2, [r4, #2]
10005336:	f012 0f70 	tst.w	r2, #112	@ 0x70
1000533a:	d0da      	beq.n	100052f2 <usbd_open_edpt_pair+0x1e>
1000533c:	f04f 23e0 	mov.w	r3, #3758153728	@ 0xe000e000
10005340:	f8d3 3df0 	ldr.w	r3, [r3, #3568]	@ 0xdf0
10005344:	07da      	lsls	r2, r3, #31
10005346:	d500      	bpl.n	1000534a <usbd_open_edpt_pair+0x76>
10005348:	be00      	bkpt	0x0000
1000534a:	f04f 23e0 	mov.w	r3, #3758153728	@ 0xe000e000
1000534e:	f8d3 3df0 	ldr.w	r3, [r3, #3568]	@ 0xdf0
10005352:	07db      	lsls	r3, r3, #31
10005354:	d402      	bmi.n	1000535c <usbd_open_edpt_pair+0x88>
10005356:	2000      	movs	r0, #0
10005358:	e8bd 8ff8 	ldmia.w	sp!, {r3, r4, r5, r6, r7, r8, r9, sl, fp, pc}
1000535c:	be00      	bkpt	0x0000
1000535e:	e7fa      	b.n	10005356 <usbd_open_edpt_pair+0x82>
10005360:	2001      	movs	r0, #1
10005362:	e8bd 8ff8 	ldmia.w	sp!, {r3, r4, r5, r6, r7, r8, r9, sl, fp, pc}
10005366:	bf00      	nop
10005368:	20001238 	.word	0x20001238
1000536c:	200015a4 	.word	0x200015a4

10005370 <usbd_edpt_open>:
10005370:	b538      	push	{r3, r4, r5, lr}
10005372:	788b      	ldrb	r3, [r1, #2]
10005374:	f013 0f70 	tst.w	r3, #112	@ 0x70
10005378:	d008      	beq.n	1000538c <usbd_edpt_open+0x1c>
1000537a:	f04f 23e0 	mov.w	r3, #3758153728	@ 0xe000e000
1000537e:	f8d3 3df0 	ldr.w	r3, [r3, #3568]	@ 0xdf0
10005382:	07db      	lsls	r3, r3, #31
10005384:	d500      	bpl.n	10005388 <usbd_edpt_open+0x18>
10005386:	be00      	bkpt	0x0000
10005388:	2000      	movs	r0, #0
1000538a:	bd38      	pop	{r3, r4, r5, pc}
1000538c:	4a07      	ldr	r2, [pc, #28]	@ (100053ac <usbd_edpt_open+0x3c>)
1000538e:	4b08      	ldr	r3, [pc, #32]	@ (100053b0 <usbd_edpt_open+0x40>)
10005390:	460c      	mov	r4, r1
10005392:	4608      	mov	r0, r1
10005394:	7891      	ldrb	r1, [r2, #2]
10005396:	781d      	ldrb	r5, [r3, #0]
10005398:	f000 fdc0 	bl	10005f1c <tu_edpt_validate>
1000539c:	2800      	cmp	r0, #0
1000539e:	d0ec      	beq.n	1000537a <usbd_edpt_open+0xa>
100053a0:	4621      	mov	r1, r4
100053a2:	4628      	mov	r0, r5
100053a4:	e8bd 4038 	ldmia.w	sp!, {r3, r4, r5, lr}
100053a8:	f7ff b9f0 	b.w	1000478c <dcd_edpt_open>
100053ac:	200015a4 	.word	0x200015a4
100053b0:	20001238 	.word	0x20001238

100053b4 <usbd_edpt_claim>:
100053b4:	460b      	mov	r3, r1
100053b6:	4a06      	ldr	r2, [pc, #24]	@ (100053d0 <usbd_edpt_claim+0x1c>)
100053b8:	4806      	ldr	r0, [pc, #24]	@ (100053d4 <usbd_edpt_claim+0x20>)
100053ba:	6811      	ldr	r1, [r2, #0]
100053bc:	09da      	lsrs	r2, r3, #7
100053be:	3234      	adds	r2, #52	@ 0x34
100053c0:	f003 037f 	and.w	r3, r3, #127	@ 0x7f
100053c4:	eb02 0343 	add.w	r3, r2, r3, lsl #1
100053c8:	4418      	add	r0, r3
100053ca:	f000 bd61 	b.w	10005e90 <tu_edpt_claim>
100053ce:	bf00      	nop
100053d0:	200015f8 	.word	0x200015f8
100053d4:	200015a4 	.word	0x200015a4

100053d8 <usbd_edpt_release>:
100053d8:	460b      	mov	r3, r1
100053da:	4a06      	ldr	r2, [pc, #24]	@ (100053f4 <usbd_edpt_release+0x1c>)
100053dc:	4806      	ldr	r0, [pc, #24]	@ (100053f8 <usbd_edpt_release+0x20>)
100053de:	6811      	ldr	r1, [r2, #0]
100053e0:	09da      	lsrs	r2, r3, #7
100053e2:	3234      	adds	r2, #52	@ 0x34
100053e4:	f003 037f 	and.w	r3, r3, #127	@ 0x7f
100053e8:	eb02 0343 	add.w	r3, r2, r3, lsl #1
100053ec:	4418      	add	r0, r3
100053ee:	f000 bd79 	b.w	10005ee4 <tu_edpt_release>
100053f2:	bf00      	nop
100053f4:	200015f8 	.word	0x200015f8
100053f8:	200015a4 	.word	0x200015a4

100053fc <usbd_edpt_xfer>:
100053fc:	b510      	push	{r4, lr}
100053fe:	4819      	ldr	r0, [pc, #100]	@ (10005464 <usbd_edpt_xfer+0x68>)
10005400:	f001 0c7f 	and.w	ip, r1, #127	@ 0x7f
10005404:	eb00 004c 	add.w	r0, r0, ip, lsl #1
10005408:	eb00 10d1 	add.w	r0, r0, r1, lsr #7
1000540c:	f890 c034 	ldrb.w	ip, [r0, #52]	@ 0x34
10005410:	f01c 0f01 	tst.w	ip, #1
10005414:	d008      	beq.n	10005428 <usbd_edpt_xfer+0x2c>
10005416:	f04f 23e0 	mov.w	r3, #3758153728	@ 0xe000e000
1000541a:	f8d3 3df0 	ldr.w	r3, [r3, #3568]	@ 0xdf0
1000541e:	07da      	lsls	r2, r3, #31
10005420:	d500      	bpl.n	10005424 <usbd_edpt_xfer+0x28>
10005422:	be00      	bkpt	0x0000
10005424:	2000      	movs	r0, #0
10005426:	bd10      	pop	{r4, pc}
10005428:	f100 0430 	add.w	r4, r0, #48	@ 0x30
1000542c:	f894 c004 	ldrb.w	ip, [r4, #4]
10005430:	480d      	ldr	r0, [pc, #52]	@ (10005468 <usbd_edpt_xfer+0x6c>)
10005432:	f04c 0c01 	orr.w	ip, ip, #1
10005436:	7800      	ldrb	r0, [r0, #0]
10005438:	f884 c004 	strb.w	ip, [r4, #4]
1000543c:	f7ff fa2a 	bl	10004894 <dcd_edpt_xfer>
10005440:	2800      	cmp	r0, #0
10005442:	d1f0      	bne.n	10005426 <usbd_edpt_xfer+0x2a>
10005444:	f04f 21e0 	mov.w	r1, #3758153728	@ 0xe000e000
10005448:	7922      	ldrb	r2, [r4, #4]
1000544a:	f360 0200 	bfi	r2, r0, #0, #1
1000544e:	7122      	strb	r2, [r4, #4]
10005450:	7922      	ldrb	r2, [r4, #4]
10005452:	f360 0282 	bfi	r2, r0, #2, #1
10005456:	7122      	strb	r2, [r4, #4]
10005458:	f8d1 3df0 	ldr.w	r3, [r1, #3568]	@ 0xdf0
1000545c:	07db      	lsls	r3, r3, #31
1000545e:	d5e1      	bpl.n	10005424 <usbd_edpt_xfer+0x28>
10005460:	be00      	bkpt	0x0000
10005462:	e7df      	b.n	10005424 <usbd_edpt_xfer+0x28>
10005464:	200015a4 	.word	0x200015a4
10005468:	20001238 	.word	0x20001238

1000546c <tud_control_status>:
1000546c:	b530      	push	{r4, r5, lr}
1000546e:	4c0b      	ldr	r4, [pc, #44]	@ (1000549c <tud_control_status+0x30>)
10005470:	468c      	mov	ip, r1
10005472:	46a6      	mov	lr, r4
10005474:	4605      	mov	r5, r0
10005476:	6808      	ldr	r0, [r1, #0]
10005478:	6849      	ldr	r1, [r1, #4]
1000547a:	2300      	movs	r3, #0
1000547c:	e8ae 0003 	stmia.w	lr!, {r0, r1}
10005480:	f89c 1000 	ldrb.w	r1, [ip]
10005484:	4628      	mov	r0, r5
10005486:	43c9      	mvns	r1, r1
10005488:	e9c4 3302 	strd	r3, r3, [r4, #8]
1000548c:	e8bd 4030 	ldmia.w	sp!, {r4, r5, lr}
10005490:	461a      	mov	r2, r3
10005492:	f001 0180 	and.w	r1, r1, #128	@ 0x80
10005496:	f7ff bfb1 	b.w	100053fc <usbd_edpt_xfer>
1000549a:	bf00      	nop
1000549c:	20001564 	.word	0x20001564

100054a0 <tud_control_xfer>:
100054a0:	e92d 41f0 	stmdb	sp!, {r4, r5, r6, r7, r8, lr}
100054a4:	4f28      	ldr	r7, [pc, #160]	@ (10005548 <tud_control_xfer+0xa8>)
100054a6:	f04f 0800 	mov.w	r8, #0
100054aa:	46be      	mov	lr, r7
100054ac:	468c      	mov	ip, r1
100054ae:	4606      	mov	r6, r0
100054b0:	6808      	ldr	r0, [r1, #0]
100054b2:	6849      	ldr	r1, [r1, #4]
100054b4:	60ba      	str	r2, [r7, #8]
100054b6:	e8ae 0003 	stmia.w	lr!, {r0, r1}
100054ba:	f8a7 800e 	strh.w	r8, [r7, #14]
100054be:	4615      	mov	r5, r2
100054c0:	f8bc 2006 	ldrh.w	r2, [ip, #6]
100054c4:	4293      	cmp	r3, r2
100054c6:	bf28      	it	cs
100054c8:	4613      	movcs	r3, r2
100054ca:	81bb      	strh	r3, [r7, #12]
100054cc:	b19a      	cbz	r2, 100054f6 <tud_control_xfer+0x56>
100054ce:	461c      	mov	r4, r3
100054d0:	b333      	cbz	r3, 10005520 <tud_control_xfer+0x80>
100054d2:	b1dd      	cbz	r5, 1000550c <tud_control_xfer+0x6c>
100054d4:	f997 3000 	ldrsb.w	r3, [r7]
100054d8:	2c40      	cmp	r4, #64	@ 0x40
100054da:	bf28      	it	cs
100054dc:	2440      	movcs	r4, #64	@ 0x40
100054de:	2b00      	cmp	r3, #0
100054e0:	db29      	blt.n	10005536 <tud_control_xfer+0x96>
100054e2:	4641      	mov	r1, r8
100054e4:	4623      	mov	r3, r4
100054e6:	4630      	mov	r0, r6
100054e8:	4a18      	ldr	r2, [pc, #96]	@ (1000554c <tud_control_xfer+0xac>)
100054ea:	f7ff ff87 	bl	100053fc <usbd_edpt_xfer>
100054ee:	b168      	cbz	r0, 1000550c <tud_control_xfer+0x6c>
100054f0:	2001      	movs	r0, #1
100054f2:	e8bd 81f0 	ldmia.w	sp!, {r4, r5, r6, r7, r8, pc}
100054f6:	f89c 1000 	ldrb.w	r1, [ip]
100054fa:	4613      	mov	r3, r2
100054fc:	43c9      	mvns	r1, r1
100054fe:	4630      	mov	r0, r6
10005500:	f001 0180 	and.w	r1, r1, #128	@ 0x80
10005504:	f7ff ff7a 	bl	100053fc <usbd_edpt_xfer>
10005508:	2800      	cmp	r0, #0
1000550a:	d1f1      	bne.n	100054f0 <tud_control_xfer+0x50>
1000550c:	f04f 23e0 	mov.w	r3, #3758153728	@ 0xe000e000
10005510:	f8d3 3df0 	ldr.w	r3, [r3, #3568]	@ 0xdf0
10005514:	07db      	lsls	r3, r3, #31
10005516:	d500      	bpl.n	1000551a <tud_control_xfer+0x7a>
10005518:	be00      	bkpt	0x0000
1000551a:	2000      	movs	r0, #0
1000551c:	e8bd 81f0 	ldmia.w	sp!, {r4, r5, r6, r7, r8, pc}
10005520:	461a      	mov	r2, r3
10005522:	7839      	ldrb	r1, [r7, #0]
10005524:	f001 0180 	and.w	r1, r1, #128	@ 0x80
10005528:	4623      	mov	r3, r4
1000552a:	4630      	mov	r0, r6
1000552c:	f7ff ff66 	bl	100053fc <usbd_edpt_xfer>
10005530:	2800      	cmp	r0, #0
10005532:	d1dd      	bne.n	100054f0 <tud_control_xfer+0x50>
10005534:	e7ea      	b.n	1000550c <tud_control_xfer+0x6c>
10005536:	4622      	mov	r2, r4
10005538:	4629      	mov	r1, r5
1000553a:	4804      	ldr	r0, [pc, #16]	@ (1000554c <tud_control_xfer+0xac>)
1000553c:	f001 f8e2 	bl	10006704 <memcpy>
10005540:	2180      	movs	r1, #128	@ 0x80
10005542:	4a02      	ldr	r2, [pc, #8]	@ (1000554c <tud_control_xfer+0xac>)
10005544:	e7f0      	b.n	10005528 <tud_control_xfer+0x88>
10005546:	bf00      	nop
10005548:	20001564 	.word	0x20001564
1000554c:	20001524 	.word	0x20001524

10005550 <usbd_control_reset>:
10005550:	2200      	movs	r2, #0
10005552:	4b03      	ldr	r3, [pc, #12]	@ (10005560 <usbd_control_reset+0x10>)
10005554:	e9c3 2200 	strd	r2, r2, [r3]
10005558:	e9c3 2202 	strd	r2, r2, [r3, #8]
1000555c:	611a      	str	r2, [r3, #16]
1000555e:	4770      	bx	lr
10005560:	20001564 	.word	0x20001564

10005564 <usbd_control_set_complete_callback>:
10005564:	4b01      	ldr	r3, [pc, #4]	@ (1000556c <usbd_control_set_complete_callback+0x8>)
10005566:	6118      	str	r0, [r3, #16]
10005568:	4770      	bx	lr
1000556a:	bf00      	nop
1000556c:	20001564 	.word	0x20001564

10005570 <usbd_control_set_request>:
10005570:	b430      	push	{r4, r5}
10005572:	4602      	mov	r2, r0
10005574:	4c04      	ldr	r4, [pc, #16]	@ (10005588 <usbd_control_set_request+0x18>)
10005576:	2500      	movs	r5, #0
10005578:	4623      	mov	r3, r4
1000557a:	6800      	ldr	r0, [r0, #0]
1000557c:	6851      	ldr	r1, [r2, #4]
1000557e:	e9c4 5502 	strd	r5, r5, [r4, #8]
10005582:	bc30      	pop	{r4, r5}
10005584:	c303      	stmia	r3!, {r0, r1}
10005586:	4770      	bx	lr
10005588:	20001564 	.word	0x20001564

1000558c <usbd_control_xfer_cb>:
1000558c:	b570      	push	{r4, r5, r6, lr}
1000558e:	4c3d      	ldr	r4, [pc, #244]	@ (10005684 <usbd_control_xfer_cb+0xf8>)
10005590:	09c9      	lsrs	r1, r1, #7
10005592:	7822      	ldrb	r2, [r4, #0]
10005594:	4606      	mov	r6, r0
10005596:	ebb1 1fd2 	cmp.w	r1, r2, lsr #7
1000559a:	461d      	mov	r5, r3
1000559c:	b082      	sub	sp, #8
1000559e:	d017      	beq.n	100055d0 <usbd_control_xfer_cb+0x44>
100055a0:	b153      	cbz	r3, 100055b8 <usbd_control_xfer_cb+0x2c>
100055a2:	f04f 23e0 	mov.w	r3, #3758153728	@ 0xe000e000
100055a6:	f8d3 3df0 	ldr.w	r3, [r3, #3568]	@ 0xdf0
100055aa:	07db      	lsls	r3, r3, #31
100055ac:	d402      	bmi.n	100055b4 <usbd_control_xfer_cb+0x28>
100055ae:	2000      	movs	r0, #0
100055b0:	b002      	add	sp, #8
100055b2:	bd70      	pop	{r4, r5, r6, pc}
100055b4:	be00      	bkpt	0x0000
100055b6:	e7fa      	b.n	100055ae <usbd_control_xfer_cb+0x22>
100055b8:	4621      	mov	r1, r4
100055ba:	f7ff f8d9 	bl	10004770 <dcd_edpt0_status_complete>
100055be:	6923      	ldr	r3, [r4, #16]
100055c0:	b11b      	cbz	r3, 100055ca <usbd_control_xfer_cb+0x3e>
100055c2:	4622      	mov	r2, r4
100055c4:	2103      	movs	r1, #3
100055c6:	4630      	mov	r0, r6
100055c8:	4798      	blx	r3
100055ca:	2001      	movs	r0, #1
100055cc:	b002      	add	sp, #8
100055ce:	bd70      	pop	{r4, r5, r6, pc}
100055d0:	f994 3000 	ldrsb.w	r3, [r4]
100055d4:	2b00      	cmp	r3, #0
100055d6:	db06      	blt.n	100055e6 <usbd_control_xfer_cb+0x5a>
100055d8:	68a0      	ldr	r0, [r4, #8]
100055da:	2800      	cmp	r0, #0
100055dc:	d0e7      	beq.n	100055ae <usbd_control_xfer_cb+0x22>
100055de:	462a      	mov	r2, r5
100055e0:	4929      	ldr	r1, [pc, #164]	@ (10005688 <usbd_control_xfer_cb+0xfc>)
100055e2:	f001 f88f 	bl	10006704 <memcpy>
100055e6:	89e0      	ldrh	r0, [r4, #14]
100055e8:	68a1      	ldr	r1, [r4, #8]
100055ea:	88e3      	ldrh	r3, [r4, #6]
100055ec:	4428      	add	r0, r5
100055ee:	b280      	uxth	r0, r0
100055f0:	4429      	add	r1, r5
100055f2:	4283      	cmp	r3, r0
100055f4:	81e0      	strh	r0, [r4, #14]
100055f6:	60a1      	str	r1, [r4, #8]
100055f8:	d016      	beq.n	10005628 <usbd_control_xfer_cb+0x9c>
100055fa:	2d3f      	cmp	r5, #63	@ 0x3f
100055fc:	d914      	bls.n	10005628 <usbd_control_xfer_cb+0x9c>
100055fe:	89a2      	ldrh	r2, [r4, #12]
10005600:	f994 4000 	ldrsb.w	r4, [r4]
10005604:	1a13      	subs	r3, r2, r0
10005606:	b29b      	uxth	r3, r3
10005608:	2b40      	cmp	r3, #64	@ 0x40
1000560a:	bf28      	it	cs
1000560c:	2340      	movcs	r3, #64	@ 0x40
1000560e:	2c00      	cmp	r4, #0
10005610:	db27      	blt.n	10005662 <usbd_control_xfer_cb+0xd6>
10005612:	4290      	cmp	r0, r2
10005614:	f04f 0100 	mov.w	r1, #0
10005618:	d031      	beq.n	1000567e <usbd_control_xfer_cb+0xf2>
1000561a:	4a1b      	ldr	r2, [pc, #108]	@ (10005688 <usbd_control_xfer_cb+0xfc>)
1000561c:	4630      	mov	r0, r6
1000561e:	f7ff feed 	bl	100053fc <usbd_edpt_xfer>
10005622:	2800      	cmp	r0, #0
10005624:	d1d1      	bne.n	100055ca <usbd_control_xfer_cb+0x3e>
10005626:	e7bc      	b.n	100055a2 <usbd_control_xfer_cb+0x16>
10005628:	6923      	ldr	r3, [r4, #16]
1000562a:	b123      	cbz	r3, 10005636 <usbd_control_xfer_cb+0xaa>
1000562c:	2102      	movs	r1, #2
1000562e:	4630      	mov	r0, r6
10005630:	4a14      	ldr	r2, [pc, #80]	@ (10005684 <usbd_control_xfer_cb+0xf8>)
10005632:	4798      	blx	r3
10005634:	b160      	cbz	r0, 10005650 <usbd_control_xfer_cb+0xc4>
10005636:	7821      	ldrb	r1, [r4, #0]
10005638:	2300      	movs	r3, #0
1000563a:	43c9      	mvns	r1, r1
1000563c:	4630      	mov	r0, r6
1000563e:	461a      	mov	r2, r3
10005640:	f001 0180 	and.w	r1, r1, #128	@ 0x80
10005644:	f7ff feda 	bl	100053fc <usbd_edpt_xfer>
10005648:	2800      	cmp	r0, #0
1000564a:	d0aa      	beq.n	100055a2 <usbd_control_xfer_cb+0x16>
1000564c:	2001      	movs	r0, #1
1000564e:	e7bd      	b.n	100055cc <usbd_control_xfer_cb+0x40>
10005650:	4601      	mov	r1, r0
10005652:	4630      	mov	r0, r6
10005654:	f7ff f932 	bl	100048bc <dcd_edpt_stall>
10005658:	2180      	movs	r1, #128	@ 0x80
1000565a:	4630      	mov	r0, r6
1000565c:	f7ff f92e 	bl	100048bc <dcd_edpt_stall>
10005660:	e7b3      	b.n	100055ca <usbd_control_xfer_cb+0x3e>
10005662:	4290      	cmp	r0, r2
10005664:	d008      	beq.n	10005678 <usbd_control_xfer_cb+0xec>
10005666:	461a      	mov	r2, r3
10005668:	4807      	ldr	r0, [pc, #28]	@ (10005688 <usbd_control_xfer_cb+0xfc>)
1000566a:	9301      	str	r3, [sp, #4]
1000566c:	f001 f84a 	bl	10006704 <memcpy>
10005670:	2180      	movs	r1, #128	@ 0x80
10005672:	4a05      	ldr	r2, [pc, #20]	@ (10005688 <usbd_control_xfer_cb+0xfc>)
10005674:	9b01      	ldr	r3, [sp, #4]
10005676:	e7d1      	b.n	1000561c <usbd_control_xfer_cb+0x90>
10005678:	2180      	movs	r1, #128	@ 0x80
1000567a:	2200      	movs	r2, #0
1000567c:	e7ce      	b.n	1000561c <usbd_control_xfer_cb+0x90>
1000567e:	460a      	mov	r2, r1
10005680:	e7cc      	b.n	1000561c <usbd_control_xfer_cb+0x90>
10005682:	bf00      	nop
10005684:	20001564 	.word	0x20001564
10005688:	20001524 	.word	0x20001524

1000568c <_prep_out_transaction.isra.0>:
1000568c:	e92d 41f0 	stmdb	sp!, {r4, r5, r6, r7, r8, lr}
10005690:	4604      	mov	r4, r0
10005692:	f7ff f9d3 	bl	10004a3c <tud_mounted>
10005696:	b908      	cbnz	r0, 1000569c <_prep_out_transaction.isra.0+0x10>
10005698:	e8bd 81f0 	ldmia.w	sp!, {r4, r5, r6, r7, r8, pc}
1000569c:	f7ff f9d6 	bl	10004a4c <tud_suspended>
100056a0:	4605      	mov	r5, r0
100056a2:	2800      	cmp	r0, #0
100056a4:	d1f8      	bne.n	10005698 <_prep_out_transaction.isra.0+0xc>
100056a6:	23c8      	movs	r3, #200	@ 0xc8
100056a8:	fb04 f303 	mul.w	r3, r4, r3
100056ac:	4e12      	ldr	r6, [pc, #72]	@ (100056f8 <_prep_out_transaction.isra.0+0x6c>)
100056ae:	18f7      	adds	r7, r6, r3
100056b0:	78f9      	ldrb	r1, [r7, #3]
100056b2:	2900      	cmp	r1, #0
100056b4:	d0f0      	beq.n	10005698 <_prep_out_transaction.isra.0+0xc>
100056b6:	3310      	adds	r3, #16
100056b8:	441e      	add	r6, r3
100056ba:	4630      	mov	r0, r6
100056bc:	f000 fdd2 	bl	10006264 <tu_fifo_remaining>
100056c0:	283f      	cmp	r0, #63	@ 0x3f
100056c2:	d9e9      	bls.n	10005698 <_prep_out_transaction.isra.0+0xc>
100056c4:	4628      	mov	r0, r5
100056c6:	78f9      	ldrb	r1, [r7, #3]
100056c8:	f7ff fe74 	bl	100053b4 <usbd_edpt_claim>
100056cc:	2800      	cmp	r0, #0
100056ce:	d0e3      	beq.n	10005698 <_prep_out_transaction.isra.0+0xc>
100056d0:	4630      	mov	r0, r6
100056d2:	f000 fdc7 	bl	10006264 <tu_fifo_remaining>
100056d6:	283f      	cmp	r0, #63	@ 0x3f
100056d8:	78f9      	ldrb	r1, [r7, #3]
100056da:	d908      	bls.n	100056ee <_prep_out_transaction.isra.0+0x62>
100056dc:	4a07      	ldr	r2, [pc, #28]	@ (100056fc <_prep_out_transaction.isra.0+0x70>)
100056de:	4628      	mov	r0, r5
100056e0:	eb02 12c4 	add.w	r2, r2, r4, lsl #7
100056e4:	2340      	movs	r3, #64	@ 0x40
100056e6:	e8bd 41f0 	ldmia.w	sp!, {r4, r5, r6, r7, r8, lr}
100056ea:	f7ff be87 	b.w	100053fc <usbd_edpt_xfer>
100056ee:	4628      	mov	r0, r5
100056f0:	e8bd 41f0 	ldmia.w	sp!, {r4, r5, r6, r7, r8, lr}
100056f4:	f7ff be70 	b.w	100053d8 <usbd_edpt_release>
100056f8:	2000145c 	.word	0x2000145c
100056fc:	200013d8 	.word	0x200013d8

10005700 <tud_cdc_n_connected>:
10005700:	b510      	push	{r4, lr}
10005702:	4604      	mov	r4, r0
10005704:	f7ff f99a 	bl	10004a3c <tud_mounted>
10005708:	b908      	cbnz	r0, 1000570e <tud_cdc_n_connected+0xe>
1000570a:	2000      	movs	r0, #0
1000570c:	bd10      	pop	{r4, pc}
1000570e:	f7ff f99d 	bl	10004a4c <tud_suspended>
10005712:	2800      	cmp	r0, #0
10005714:	d1f9      	bne.n	1000570a <tud_cdc_n_connected+0xa>
10005716:	22c8      	movs	r2, #200	@ 0xc8
10005718:	4b03      	ldr	r3, [pc, #12]	@ (10005728 <tud_cdc_n_connected+0x28>)
1000571a:	fb02 3304 	mla	r3, r2, r4, r3
1000571e:	7918      	ldrb	r0, [r3, #4]
10005720:	f000 0001 	and.w	r0, r0, #1
10005724:	bd10      	pop	{r4, pc}
10005726:	bf00      	nop
10005728:	2000145c 	.word	0x2000145c

1000572c <tud_cdc_n_available>:
1000572c:	22c8      	movs	r2, #200	@ 0xc8
1000572e:	b508      	push	{r3, lr}
10005730:	4b02      	ldr	r3, [pc, #8]	@ (1000573c <tud_cdc_n_available+0x10>)
10005732:	fb02 3000 	mla	r0, r2, r0, r3
10005736:	f000 fd7b 	bl	10006230 <tu_fifo_count>
1000573a:	bd08      	pop	{r3, pc}
1000573c:	2000146c 	.word	0x2000146c

10005740 <tud_cdc_n_read>:
10005740:	e92d 43f8 	stmdb	sp!, {r3, r4, r5, r6, r7, r8, r9, lr}
10005744:	f64f 73ff 	movw	r3, #65535	@ 0xffff
10005748:	24c8      	movs	r4, #200	@ 0xc8
1000574a:	429a      	cmp	r2, r3
1000574c:	bf28      	it	cs
1000574e:	461a      	movcs	r2, r3
10005750:	fb00 f404 	mul.w	r4, r0, r4
10005754:	f8df 8074 	ldr.w	r8, [pc, #116]	@ 100057cc <tud_cdc_n_read+0x8c>
10005758:	f104 0510 	add.w	r5, r4, #16
1000575c:	4445      	add	r5, r8
1000575e:	4606      	mov	r6, r0
10005760:	b292      	uxth	r2, r2
10005762:	4628      	mov	r0, r5
10005764:	f000 fdda 	bl	1000631c <tu_fifo_read_n>
10005768:	4607      	mov	r7, r0
1000576a:	f7ff f967 	bl	10004a3c <tud_mounted>
1000576e:	b910      	cbnz	r0, 10005776 <tud_cdc_n_read+0x36>
10005770:	4638      	mov	r0, r7
10005772:	e8bd 83f8 	ldmia.w	sp!, {r3, r4, r5, r6, r7, r8, r9, pc}
10005776:	f7ff f969 	bl	10004a4c <tud_suspended>
1000577a:	4681      	mov	r9, r0
1000577c:	2800      	cmp	r0, #0
1000577e:	d1f7      	bne.n	10005770 <tud_cdc_n_read+0x30>
10005780:	44a0      	add	r8, r4
10005782:	f898 3003 	ldrb.w	r3, [r8, #3]
10005786:	2b00      	cmp	r3, #0
10005788:	d0f2      	beq.n	10005770 <tud_cdc_n_read+0x30>
1000578a:	4628      	mov	r0, r5
1000578c:	f000 fd6a 	bl	10006264 <tu_fifo_remaining>
10005790:	283f      	cmp	r0, #63	@ 0x3f
10005792:	d9ed      	bls.n	10005770 <tud_cdc_n_read+0x30>
10005794:	4648      	mov	r0, r9
10005796:	f898 1003 	ldrb.w	r1, [r8, #3]
1000579a:	f7ff fe0b 	bl	100053b4 <usbd_edpt_claim>
1000579e:	2800      	cmp	r0, #0
100057a0:	d0e6      	beq.n	10005770 <tud_cdc_n_read+0x30>
100057a2:	4628      	mov	r0, r5
100057a4:	f000 fd5e 	bl	10006264 <tu_fifo_remaining>
100057a8:	283f      	cmp	r0, #63	@ 0x3f
100057aa:	f898 1003 	ldrb.w	r1, [r8, #3]
100057ae:	d907      	bls.n	100057c0 <tud_cdc_n_read+0x80>
100057b0:	4a05      	ldr	r2, [pc, #20]	@ (100057c8 <tud_cdc_n_read+0x88>)
100057b2:	4648      	mov	r0, r9
100057b4:	2340      	movs	r3, #64	@ 0x40
100057b6:	eb02 12c6 	add.w	r2, r2, r6, lsl #7
100057ba:	f7ff fe1f 	bl	100053fc <usbd_edpt_xfer>
100057be:	e7d7      	b.n	10005770 <tud_cdc_n_read+0x30>
100057c0:	4648      	mov	r0, r9
100057c2:	f7ff fe09 	bl	100053d8 <usbd_edpt_release>
100057c6:	e7d3      	b.n	10005770 <tud_cdc_n_read+0x30>
100057c8:	200013d8 	.word	0x200013d8
100057cc:	2000145c 	.word	0x2000145c

100057d0 <tud_cdc_n_write_flush>:
100057d0:	e92d 41f0 	stmdb	sp!, {r4, r5, r6, r7, r8, lr}
100057d4:	4604      	mov	r4, r0
100057d6:	f7ff f931 	bl	10004a3c <tud_mounted>
100057da:	b910      	cbnz	r0, 100057e2 <tud_cdc_n_write_flush+0x12>
100057dc:	2000      	movs	r0, #0
100057de:	e8bd 81f0 	ldmia.w	sp!, {r4, r5, r6, r7, r8, pc}
100057e2:	f7ff f933 	bl	10004a4c <tud_suspended>
100057e6:	4605      	mov	r5, r0
100057e8:	2800      	cmp	r0, #0
100057ea:	d1f7      	bne.n	100057dc <tud_cdc_n_write_flush+0xc>
100057ec:	26c8      	movs	r6, #200	@ 0xc8
100057ee:	fb04 f606 	mul.w	r6, r4, r6
100057f2:	f8df 8064 	ldr.w	r8, [pc, #100]	@ 10005858 <tud_cdc_n_write_flush+0x88>
100057f6:	f106 0724 	add.w	r7, r6, #36	@ 0x24
100057fa:	4447      	add	r7, r8
100057fc:	4638      	mov	r0, r7
100057fe:	f000 fd17 	bl	10006230 <tu_fifo_count>
10005802:	2800      	cmp	r0, #0
10005804:	d0ea      	beq.n	100057dc <tud_cdc_n_write_flush+0xc>
10005806:	44b0      	add	r8, r6
10005808:	4628      	mov	r0, r5
1000580a:	f898 1002 	ldrb.w	r1, [r8, #2]
1000580e:	f7ff fdd1 	bl	100053b4 <usbd_edpt_claim>
10005812:	2800      	cmp	r0, #0
10005814:	d0e2      	beq.n	100057dc <tud_cdc_n_write_flush+0xc>
10005816:	4e0f      	ldr	r6, [pc, #60]	@ (10005854 <tud_cdc_n_write_flush+0x84>)
10005818:	4638      	mov	r0, r7
1000581a:	eb06 16c4 	add.w	r6, r6, r4, lsl #7
1000581e:	4631      	mov	r1, r6
10005820:	2240      	movs	r2, #64	@ 0x40
10005822:	f000 fd7b 	bl	1000631c <tu_fifo_read_n>
10005826:	f898 1002 	ldrb.w	r1, [r8, #2]
1000582a:	4604      	mov	r4, r0
1000582c:	b168      	cbz	r0, 1000584a <tud_cdc_n_write_flush+0x7a>
1000582e:	4603      	mov	r3, r0
10005830:	4632      	mov	r2, r6
10005832:	4628      	mov	r0, r5
10005834:	f7ff fde2 	bl	100053fc <usbd_edpt_xfer>
10005838:	b950      	cbnz	r0, 10005850 <tud_cdc_n_write_flush+0x80>
1000583a:	f04f 23e0 	mov.w	r3, #3758153728	@ 0xe000e000
1000583e:	f8d3 3df0 	ldr.w	r3, [r3, #3568]	@ 0xdf0
10005842:	07db      	lsls	r3, r3, #31
10005844:	d5ca      	bpl.n	100057dc <tud_cdc_n_write_flush+0xc>
10005846:	be00      	bkpt	0x0000
10005848:	e7c8      	b.n	100057dc <tud_cdc_n_write_flush+0xc>
1000584a:	f7ff fdc5 	bl	100053d8 <usbd_edpt_release>
1000584e:	e7c5      	b.n	100057dc <tud_cdc_n_write_flush+0xc>
10005850:	4620      	mov	r0, r4
10005852:	e7c4      	b.n	100057de <tud_cdc_n_write_flush+0xe>
10005854:	20001418 	.word	0x20001418
10005858:	2000145c 	.word	0x2000145c

1000585c <tud_cdc_n_write>:
1000585c:	b538      	push	{r3, r4, r5, lr}
1000585e:	f64f 75ff 	movw	r5, #65535	@ 0xffff
10005862:	23c8      	movs	r3, #200	@ 0xc8
10005864:	42aa      	cmp	r2, r5
10005866:	bf28      	it	cs
10005868:	462a      	movcs	r2, r5
1000586a:	4c0b      	ldr	r4, [pc, #44]	@ (10005898 <tud_cdc_n_write+0x3c>)
1000586c:	b292      	uxth	r2, r2
1000586e:	fb03 4400 	mla	r4, r3, r0, r4
10005872:	4605      	mov	r5, r0
10005874:	4620      	mov	r0, r4
10005876:	f000 fe0f 	bl	10006498 <tu_fifo_write_n>
1000587a:	4603      	mov	r3, r0
1000587c:	4620      	mov	r0, r4
1000587e:	461c      	mov	r4, r3
10005880:	f000 fcd6 	bl	10006230 <tu_fifo_count>
10005884:	283f      	cmp	r0, #63	@ 0x3f
10005886:	d801      	bhi.n	1000588c <tud_cdc_n_write+0x30>
10005888:	4620      	mov	r0, r4
1000588a:	bd38      	pop	{r3, r4, r5, pc}
1000588c:	4628      	mov	r0, r5
1000588e:	f7ff ff9f 	bl	100057d0 <tud_cdc_n_write_flush>
10005892:	4620      	mov	r0, r4
10005894:	bd38      	pop	{r3, r4, r5, pc}
10005896:	bf00      	nop
10005898:	20001480 	.word	0x20001480

1000589c <tud_cdc_n_write_available>:
1000589c:	22c8      	movs	r2, #200	@ 0xc8
1000589e:	b508      	push	{r3, lr}
100058a0:	4b02      	ldr	r3, [pc, #8]	@ (100058ac <tud_cdc_n_write_available+0x10>)
100058a2:	fb02 3000 	mla	r0, r2, r0, r3
100058a6:	f000 fcdd 	bl	10006264 <tu_fifo_remaining>
100058aa:	bd08      	pop	{r3, pc}
100058ac:	20001480 	.word	0x20001480

100058b0 <cdcd_init>:
100058b0:	b5f0      	push	{r4, r5, r6, r7, lr}
100058b2:	2400      	movs	r4, #0
100058b4:	b083      	sub	sp, #12
100058b6:	22c8      	movs	r2, #200	@ 0xc8
100058b8:	2100      	movs	r1, #0
100058ba:	4817      	ldr	r0, [pc, #92]	@ (10005918 <cdcd_init+0x68>)
100058bc:	f000 fed4 	bl	10006668 <memset>
100058c0:	23ff      	movs	r3, #255	@ 0xff
100058c2:	f44f 31e1 	mov.w	r1, #115200	@ 0x1c200
100058c6:	2208      	movs	r2, #8
100058c8:	4814      	ldr	r0, [pc, #80]	@ (1000591c <cdcd_init+0x6c>)
100058ca:	7004      	strb	r4, [r0, #0]
100058cc:	4812      	ldr	r0, [pc, #72]	@ (10005918 <cdcd_init+0x68>)
100058ce:	9400      	str	r4, [sp, #0]
100058d0:	4607      	mov	r7, r0
100058d2:	7143      	strb	r3, [r0, #5]
100058d4:	6081      	str	r1, [r0, #8]
100058d6:	7382      	strb	r2, [r0, #14]
100058d8:	f100 0138 	add.w	r1, r0, #56	@ 0x38
100058dc:	2301      	movs	r3, #1
100058de:	2240      	movs	r2, #64	@ 0x40
100058e0:	3010      	adds	r0, #16
100058e2:	f000 fc75 	bl	100061d0 <tu_fifo_config>
100058e6:	2301      	movs	r3, #1
100058e8:	2240      	movs	r2, #64	@ 0x40
100058ea:	f107 0178 	add.w	r1, r7, #120	@ 0x78
100058ee:	9300      	str	r3, [sp, #0]
100058f0:	f107 06b8 	add.w	r6, r7, #184	@ 0xb8
100058f4:	f107 0024 	add.w	r0, r7, #36	@ 0x24
100058f8:	f000 fc6a 	bl	100061d0 <tu_fifo_config>
100058fc:	f107 05c0 	add.w	r5, r7, #192	@ 0xc0
10005900:	4630      	mov	r0, r6
10005902:	f7fb fbc1 	bl	10001088 <mutex_init>
10005906:	4628      	mov	r0, r5
10005908:	f7fb fbbe 	bl	10001088 <mutex_init>
1000590c:	e9c7 4607 	strd	r4, r6, [r7, #28]
10005910:	e9c7 540c 	strd	r5, r4, [r7, #48]	@ 0x30
10005914:	b003      	add	sp, #12
10005916:	bdf0      	pop	{r4, r5, r6, r7, pc}
10005918:	2000145c 	.word	0x2000145c
1000591c:	20001458 	.word	0x20001458

10005920 <cdcd_deinit>:
10005920:	4a0a      	ldr	r2, [pc, #40]	@ (1000594c <cdcd_deinit+0x2c>)
10005922:	6b11      	ldr	r1, [r2, #48]	@ 0x30
10005924:	6a13      	ldr	r3, [r2, #32]
10005926:	b161      	cbz	r1, 10005942 <cdcd_deinit+0x22>
10005928:	b13b      	cbz	r3, 1000593a <cdcd_deinit+0x1a>
1000592a:	2300      	movs	r3, #0
1000592c:	e9c2 330c 	strd	r3, r3, [r2, #48]	@ 0x30
10005930:	61d3      	str	r3, [r2, #28]
10005932:	2300      	movs	r3, #0
10005934:	6213      	str	r3, [r2, #32]
10005936:	2001      	movs	r0, #1
10005938:	4770      	bx	lr
1000593a:	2001      	movs	r0, #1
1000593c:	e9c2 330c 	strd	r3, r3, [r2, #48]	@ 0x30
10005940:	4770      	bx	lr
10005942:	2b00      	cmp	r3, #0
10005944:	d0f7      	beq.n	10005936 <cdcd_deinit+0x16>
10005946:	61d1      	str	r1, [r2, #28]
10005948:	e7f3      	b.n	10005932 <cdcd_deinit+0x12>
1000594a:	bf00      	nop
1000594c:	2000145c 	.word	0x2000145c

10005950 <cdcd_reset>:
10005950:	2200      	movs	r2, #0
10005952:	b510      	push	{r4, lr}
10005954:	4c0e      	ldr	r4, [pc, #56]	@ (10005990 <cdcd_reset+0x40>)
10005956:	480f      	ldr	r0, [pc, #60]	@ (10005994 <cdcd_reset+0x44>)
10005958:	7823      	ldrb	r3, [r4, #0]
1000595a:	6002      	str	r2, [r0, #0]
1000595c:	7102      	strb	r2, [r0, #4]
1000595e:	07da      	lsls	r2, r3, #31
10005960:	d507      	bpl.n	10005972 <cdcd_reset+0x22>
10005962:	079b      	lsls	r3, r3, #30
10005964:	d50b      	bpl.n	1000597e <cdcd_reset+0x2e>
10005966:	e8bd 4010 	ldmia.w	sp!, {r4, lr}
1000596a:	2101      	movs	r1, #1
1000596c:	480a      	ldr	r0, [pc, #40]	@ (10005998 <cdcd_reset+0x48>)
1000596e:	f000 be5d 	b.w	1000662c <tu_fifo_set_overwritable>
10005972:	3010      	adds	r0, #16
10005974:	f000 fe3e 	bl	100065f4 <tu_fifo_clear>
10005978:	7823      	ldrb	r3, [r4, #0]
1000597a:	079b      	lsls	r3, r3, #30
1000597c:	d4f3      	bmi.n	10005966 <cdcd_reset+0x16>
1000597e:	4806      	ldr	r0, [pc, #24]	@ (10005998 <cdcd_reset+0x48>)
10005980:	f000 fe38 	bl	100065f4 <tu_fifo_clear>
10005984:	e8bd 4010 	ldmia.w	sp!, {r4, lr}
10005988:	2101      	movs	r1, #1
1000598a:	4803      	ldr	r0, [pc, #12]	@ (10005998 <cdcd_reset+0x48>)
1000598c:	f000 be4e 	b.w	1000662c <tu_fifo_set_overwritable>
10005990:	20001458 	.word	0x20001458
10005994:	2000145c 	.word	0x2000145c
10005998:	20001480 	.word	0x20001480

1000599c <cdcd_open>:
1000599c:	b5f0      	push	{r4, r5, r6, r7, lr}
1000599e:	794b      	ldrb	r3, [r1, #5]
100059a0:	b083      	sub	sp, #12
100059a2:	2b02      	cmp	r3, #2
100059a4:	d102      	bne.n	100059ac <cdcd_open+0x10>
100059a6:	798b      	ldrb	r3, [r1, #6]
100059a8:	2b02      	cmp	r3, #2
100059aa:	d003      	beq.n	100059b4 <cdcd_open+0x18>
100059ac:	2500      	movs	r5, #0
100059ae:	4628      	mov	r0, r5
100059b0:	b003      	add	sp, #12
100059b2:	bdf0      	pop	{r4, r5, r6, r7, pc}
100059b4:	4f27      	ldr	r7, [pc, #156]	@ (10005a54 <cdcd_open+0xb8>)
100059b6:	78bb      	ldrb	r3, [r7, #2]
100059b8:	b13b      	cbz	r3, 100059ca <cdcd_open+0x2e>
100059ba:	f04f 23e0 	mov.w	r3, #3758153728	@ 0xe000e000
100059be:	f8d3 3df0 	ldr.w	r3, [r3, #3568]	@ 0xdf0
100059c2:	07db      	lsls	r3, r3, #31
100059c4:	d5f2      	bpl.n	100059ac <cdcd_open+0x10>
100059c6:	be00      	bkpt	0x0000
100059c8:	e7f0      	b.n	100059ac <cdcd_open+0x10>
100059ca:	788b      	ldrb	r3, [r1, #2]
100059cc:	4606      	mov	r6, r0
100059ce:	703b      	strb	r3, [r7, #0]
100059d0:	780b      	ldrb	r3, [r1, #0]
100059d2:	18cc      	adds	r4, r1, r3
100059d4:	7861      	ldrb	r1, [r4, #1]
100059d6:	2924      	cmp	r1, #36	@ 0x24
100059d8:	bf08      	it	eq
100059da:	2509      	moveq	r5, #9
100059dc:	d007      	beq.n	100059ee <cdcd_open+0x52>
100059de:	e036      	b.n	10005a4e <cdcd_open+0xb2>
100059e0:	7823      	ldrb	r3, [r4, #0]
100059e2:	441c      	add	r4, r3
100059e4:	7861      	ldrb	r1, [r4, #1]
100059e6:	442b      	add	r3, r5
100059e8:	2924      	cmp	r1, #36	@ 0x24
100059ea:	b29d      	uxth	r5, r3
100059ec:	d107      	bne.n	100059fe <cdcd_open+0x62>
100059ee:	42aa      	cmp	r2, r5
100059f0:	d2f6      	bcs.n	100059e0 <cdcd_open+0x44>
100059f2:	2000      	movs	r0, #0
100059f4:	f7ff fe4a 	bl	1000568c <_prep_out_transaction.isra.0>
100059f8:	4628      	mov	r0, r5
100059fa:	b003      	add	sp, #12
100059fc:	bdf0      	pop	{r4, r5, r6, r7, pc}
100059fe:	460b      	mov	r3, r1
10005a00:	2905      	cmp	r1, #5
10005a02:	d016      	beq.n	10005a32 <cdcd_open+0x96>
10005a04:	2b04      	cmp	r3, #4
10005a06:	d1f4      	bne.n	100059f2 <cdcd_open+0x56>
10005a08:	7963      	ldrb	r3, [r4, #5]
10005a0a:	2b0a      	cmp	r3, #10
10005a0c:	d1f1      	bne.n	100059f2 <cdcd_open+0x56>
10005a0e:	4b12      	ldr	r3, [pc, #72]	@ (10005a58 <cdcd_open+0xbc>)
10005a10:	7827      	ldrb	r7, [r4, #0]
10005a12:	9301      	str	r3, [sp, #4]
10005a14:	3301      	adds	r3, #1
10005a16:	9300      	str	r3, [sp, #0]
10005a18:	2302      	movs	r3, #2
10005a1a:	4630      	mov	r0, r6
10005a1c:	461a      	mov	r2, r3
10005a1e:	19e1      	adds	r1, r4, r7
10005a20:	f7ff fc58 	bl	100052d4 <usbd_open_edpt_pair>
10005a24:	2800      	cmp	r0, #0
10005a26:	d0c8      	beq.n	100059ba <cdcd_open+0x1e>
10005a28:	350e      	adds	r5, #14
10005a2a:	fa17 f585 	uxtah	r5, r7, r5
10005a2e:	b2ad      	uxth	r5, r5
10005a30:	e7df      	b.n	100059f2 <cdcd_open+0x56>
10005a32:	4621      	mov	r1, r4
10005a34:	4630      	mov	r0, r6
10005a36:	f7ff fc9b 	bl	10005370 <usbd_edpt_open>
10005a3a:	2800      	cmp	r0, #0
10005a3c:	d0bd      	beq.n	100059ba <cdcd_open+0x1e>
10005a3e:	78a3      	ldrb	r3, [r4, #2]
10005a40:	707b      	strb	r3, [r7, #1]
10005a42:	7823      	ldrb	r3, [r4, #0]
10005a44:	195a      	adds	r2, r3, r5
10005a46:	441c      	add	r4, r3
10005a48:	7863      	ldrb	r3, [r4, #1]
10005a4a:	b295      	uxth	r5, r2
10005a4c:	e7da      	b.n	10005a04 <cdcd_open+0x68>
10005a4e:	460b      	mov	r3, r1
10005a50:	2509      	movs	r5, #9
10005a52:	e7d5      	b.n	10005a00 <cdcd_open+0x64>
10005a54:	2000145c 	.word	0x2000145c
10005a58:	2000145e 	.word	0x2000145e

10005a5c <cdcd_control_xfer_cb>:
10005a5c:	7813      	ldrb	r3, [r2, #0]
10005a5e:	f003 0360 	and.w	r3, r3, #96	@ 0x60
10005a62:	2b20      	cmp	r3, #32
10005a64:	d108      	bne.n	10005a78 <cdcd_control_xfer_cb+0x1c>
10005a66:	b570      	push	{r4, r5, r6, lr}
10005a68:	4c26      	ldr	r4, [pc, #152]	@ (10005b04 <cdcd_control_xfer_cb+0xa8>)
10005a6a:	8893      	ldrh	r3, [r2, #4]
10005a6c:	f894 c000 	ldrb.w	ip, [r4]
10005a70:	459c      	cmp	ip, r3
10005a72:	d003      	beq.n	10005a7c <cdcd_control_xfer_cb+0x20>
10005a74:	2000      	movs	r0, #0
10005a76:	bd70      	pop	{r4, r5, r6, pc}
10005a78:	2000      	movs	r0, #0
10005a7a:	4770      	bx	lr
10005a7c:	7853      	ldrb	r3, [r2, #1]
10005a7e:	3b20      	subs	r3, #32
10005a80:	2b03      	cmp	r3, #3
10005a82:	d8f7      	bhi.n	10005a74 <cdcd_control_xfer_cb+0x18>
10005a84:	e8df f003 	tbb	[pc, r3]
10005a88:	020d2327 	.word	0x020d2327
10005a8c:	2901      	cmp	r1, #1
10005a8e:	d02e      	beq.n	10005aee <cdcd_control_xfer_cb+0x92>
10005a90:	2903      	cmp	r1, #3
10005a92:	d11e      	bne.n	10005ad2 <cdcd_control_xfer_cb+0x76>
10005a94:	4b1c      	ldr	r3, [pc, #112]	@ (10005b08 <cdcd_control_xfer_cb+0xac>)
10005a96:	b1e3      	cbz	r3, 10005ad2 <cdcd_control_xfer_cb+0x76>
10005a98:	2000      	movs	r0, #0
10005a9a:	8851      	ldrh	r1, [r2, #2]
10005a9c:	f3af 8000 	nop.w
10005aa0:	e017      	b.n	10005ad2 <cdcd_control_xfer_cb+0x76>
10005aa2:	2901      	cmp	r1, #1
10005aa4:	d023      	beq.n	10005aee <cdcd_control_xfer_cb+0x92>
10005aa6:	2903      	cmp	r1, #3
10005aa8:	d113      	bne.n	10005ad2 <cdcd_control_xfer_cb+0x76>
10005aaa:	8855      	ldrh	r5, [r2, #2]
10005aac:	4817      	ldr	r0, [pc, #92]	@ (10005b0c <cdcd_control_xfer_cb+0xb0>)
10005aae:	f005 0601 	and.w	r6, r5, #1
10005ab2:	f086 0101 	eor.w	r1, r6, #1
10005ab6:	7125      	strb	r5, [r4, #4]
10005ab8:	f000 fdb8 	bl	1000662c <tu_fifo_set_overwritable>
10005abc:	4b14      	ldr	r3, [pc, #80]	@ (10005b10 <cdcd_control_xfer_cb+0xb4>)
10005abe:	b143      	cbz	r3, 10005ad2 <cdcd_control_xfer_cb+0x76>
10005ac0:	4631      	mov	r1, r6
10005ac2:	2000      	movs	r0, #0
10005ac4:	f3c5 0240 	ubfx	r2, r5, #1, #1
10005ac8:	f3af 8000 	nop.w
10005acc:	e001      	b.n	10005ad2 <cdcd_control_xfer_cb+0x76>
10005ace:	2901      	cmp	r1, #1
10005ad0:	d011      	beq.n	10005af6 <cdcd_control_xfer_cb+0x9a>
10005ad2:	2001      	movs	r0, #1
10005ad4:	bd70      	pop	{r4, r5, r6, pc}
10005ad6:	2901      	cmp	r1, #1
10005ad8:	d00d      	beq.n	10005af6 <cdcd_control_xfer_cb+0x9a>
10005ada:	2903      	cmp	r1, #3
10005adc:	d1f9      	bne.n	10005ad2 <cdcd_control_xfer_cb+0x76>
10005ade:	4b0d      	ldr	r3, [pc, #52]	@ (10005b14 <cdcd_control_xfer_cb+0xb8>)
10005ae0:	2b00      	cmp	r3, #0
10005ae2:	d0f6      	beq.n	10005ad2 <cdcd_control_xfer_cb+0x76>
10005ae4:	2000      	movs	r0, #0
10005ae6:	490c      	ldr	r1, [pc, #48]	@ (10005b18 <cdcd_control_xfer_cb+0xbc>)
10005ae8:	f7fe faac 	bl	10004044 <tud_cdc_line_coding_cb>
10005aec:	e7f1      	b.n	10005ad2 <cdcd_control_xfer_cb+0x76>
10005aee:	4611      	mov	r1, r2
10005af0:	f7ff fcbc 	bl	1000546c <tud_control_status>
10005af4:	e7ed      	b.n	10005ad2 <cdcd_control_xfer_cb+0x76>
10005af6:	4611      	mov	r1, r2
10005af8:	2307      	movs	r3, #7
10005afa:	4a07      	ldr	r2, [pc, #28]	@ (10005b18 <cdcd_control_xfer_cb+0xbc>)
10005afc:	f7ff fcd0 	bl	100054a0 <tud_control_xfer>
10005b00:	e7e7      	b.n	10005ad2 <cdcd_control_xfer_cb+0x76>
10005b02:	bf00      	nop
10005b04:	2000145c 	.word	0x2000145c
10005b08:	00000000 	.word	0x00000000
10005b0c:	20001480 	.word	0x20001480
10005b10:	00000000 	.word	0x00000000
10005b14:	10004045 	.word	0x10004045
10005b18:	20001464 	.word	0x20001464

10005b1c <cdcd_xfer_cb>:
10005b1c:	e92d 43f8 	stmdb	sp!, {r3, r4, r5, r6, r7, r8, r9, lr}
10005b20:	4e35      	ldr	r6, [pc, #212]	@ (10005bf8 <cdcd_xfer_cb+0xdc>)
10005b22:	460c      	mov	r4, r1
10005b24:	78f2      	ldrb	r2, [r6, #3]
10005b26:	4607      	mov	r7, r0
10005b28:	428a      	cmp	r2, r1
10005b2a:	461d      	mov	r5, r3
10005b2c:	d03d      	beq.n	10005baa <cdcd_xfer_cb+0x8e>
10005b2e:	78b3      	ldrb	r3, [r6, #2]
10005b30:	428b      	cmp	r3, r1
10005b32:	d012      	beq.n	10005b5a <cdcd_xfer_cb+0x3e>
10005b34:	f04f 23e0 	mov.w	r3, #3758153728	@ 0xe000e000
10005b38:	f8d3 3df0 	ldr.w	r3, [r3, #3568]	@ 0xdf0
10005b3c:	07db      	lsls	r3, r3, #31
10005b3e:	d432      	bmi.n	10005ba6 <cdcd_xfer_cb+0x8a>
10005b40:	2000      	movs	r0, #0
10005b42:	e8bd 83f8 	ldmia.w	sp!, {r3, r4, r5, r6, r7, r8, r9, pc}
10005b46:	4b2d      	ldr	r3, [pc, #180]	@ (10005bfc <cdcd_xfer_cb+0xe0>)
10005b48:	b123      	cbz	r3, 10005b54 <cdcd_xfer_cb+0x38>
10005b4a:	482d      	ldr	r0, [pc, #180]	@ (10005c00 <cdcd_xfer_cb+0xe4>)
10005b4c:	f000 fb80 	bl	10006250 <tu_fifo_empty>
10005b50:	2800      	cmp	r0, #0
10005b52:	d04d      	beq.n	10005bf0 <cdcd_xfer_cb+0xd4>
10005b54:	2000      	movs	r0, #0
10005b56:	f7ff fd99 	bl	1000568c <_prep_out_transaction.isra.0>
10005b5a:	78b3      	ldrb	r3, [r6, #2]
10005b5c:	42a3      	cmp	r3, r4
10005b5e:	d001      	beq.n	10005b64 <cdcd_xfer_cb+0x48>
10005b60:	2001      	movs	r0, #1
10005b62:	e7ee      	b.n	10005b42 <cdcd_xfer_cb+0x26>
10005b64:	4b27      	ldr	r3, [pc, #156]	@ (10005c04 <cdcd_xfer_cb+0xe8>)
10005b66:	b113      	cbz	r3, 10005b6e <cdcd_xfer_cb+0x52>
10005b68:	2000      	movs	r0, #0
10005b6a:	f3af 8000 	nop.w
10005b6e:	2000      	movs	r0, #0
10005b70:	f7ff fe2e 	bl	100057d0 <tud_cdc_n_write_flush>
10005b74:	2800      	cmp	r0, #0
10005b76:	d1f3      	bne.n	10005b60 <cdcd_xfer_cb+0x44>
10005b78:	4823      	ldr	r0, [pc, #140]	@ (10005c08 <cdcd_xfer_cb+0xec>)
10005b7a:	f000 fb59 	bl	10006230 <tu_fifo_count>
10005b7e:	2800      	cmp	r0, #0
10005b80:	d1ee      	bne.n	10005b60 <cdcd_xfer_cb+0x44>
10005b82:	2d00      	cmp	r5, #0
10005b84:	d0ec      	beq.n	10005b60 <cdcd_xfer_cb+0x44>
10005b86:	f015 053f 	ands.w	r5, r5, #63	@ 0x3f
10005b8a:	d1e9      	bne.n	10005b60 <cdcd_xfer_cb+0x44>
10005b8c:	4638      	mov	r0, r7
10005b8e:	78b1      	ldrb	r1, [r6, #2]
10005b90:	f7ff fc10 	bl	100053b4 <usbd_edpt_claim>
10005b94:	2800      	cmp	r0, #0
10005b96:	d0e3      	beq.n	10005b60 <cdcd_xfer_cb+0x44>
10005b98:	462b      	mov	r3, r5
10005b9a:	462a      	mov	r2, r5
10005b9c:	4638      	mov	r0, r7
10005b9e:	78b1      	ldrb	r1, [r6, #2]
10005ba0:	f7ff fc2c 	bl	100053fc <usbd_edpt_xfer>
10005ba4:	e7dc      	b.n	10005b60 <cdcd_xfer_cb+0x44>
10005ba6:	be00      	bkpt	0x0000
10005ba8:	e7ca      	b.n	10005b40 <cdcd_xfer_cb+0x24>
10005baa:	b29a      	uxth	r2, r3
10005bac:	4917      	ldr	r1, [pc, #92]	@ (10005c0c <cdcd_xfer_cb+0xf0>)
10005bae:	f106 0010 	add.w	r0, r6, #16
10005bb2:	f000 fc71 	bl	10006498 <tu_fifo_write_n>
10005bb6:	4b16      	ldr	r3, [pc, #88]	@ (10005c10 <cdcd_xfer_cb+0xf4>)
10005bb8:	2b00      	cmp	r3, #0
10005bba:	d0c4      	beq.n	10005b46 <cdcd_xfer_cb+0x2a>
10005bbc:	7973      	ldrb	r3, [r6, #5]
10005bbe:	2bff      	cmp	r3, #255	@ 0xff
10005bc0:	d0c1      	beq.n	10005b46 <cdcd_xfer_cb+0x2a>
10005bc2:	2d00      	cmp	r5, #0
10005bc4:	d0bf      	beq.n	10005b46 <cdcd_xfer_cb+0x2a>
10005bc6:	f8df 8044 	ldr.w	r8, [pc, #68]	@ 10005c0c <cdcd_xfer_cb+0xf0>
10005bca:	eb08 0905 	add.w	r9, r8, r5
10005bce:	e002      	b.n	10005bd6 <cdcd_xfer_cb+0xba>
10005bd0:	45c8      	cmp	r8, r9
10005bd2:	d0b8      	beq.n	10005b46 <cdcd_xfer_cb+0x2a>
10005bd4:	7973      	ldrb	r3, [r6, #5]
10005bd6:	f818 2b01 	ldrb.w	r2, [r8], #1
10005bda:	429a      	cmp	r2, r3
10005bdc:	d1f8      	bne.n	10005bd0 <cdcd_xfer_cb+0xb4>
10005bde:	4808      	ldr	r0, [pc, #32]	@ (10005c00 <cdcd_xfer_cb+0xe4>)
10005be0:	f000 fb36 	bl	10006250 <tu_fifo_empty>
10005be4:	2800      	cmp	r0, #0
10005be6:	d1f3      	bne.n	10005bd0 <cdcd_xfer_cb+0xb4>
10005be8:	7971      	ldrb	r1, [r6, #5]
10005bea:	f3af 8000 	nop.w
10005bee:	e7ef      	b.n	10005bd0 <cdcd_xfer_cb+0xb4>
10005bf0:	f3af 8000 	nop.w
10005bf4:	e7ae      	b.n	10005b54 <cdcd_xfer_cb+0x38>
10005bf6:	bf00      	nop
10005bf8:	2000145c 	.word	0x2000145c
10005bfc:	00000000 	.word	0x00000000
10005c00:	2000146c 	.word	0x2000146c
10005c04:	00000000 	.word	0x00000000
10005c08:	20001480 	.word	0x20001480
10005c0c:	200013d8 	.word	0x200013d8
10005c10:	00000000 	.word	0x00000000

10005c14 <vendord_init>:
10005c14:	b5f0      	push	{r4, r5, r6, r7, lr}
10005c16:	f44f 7213 	mov.w	r2, #588	@ 0x24c
10005c1a:	b085      	sub	sp, #20
10005c1c:	2100      	movs	r1, #0
10005c1e:	4812      	ldr	r0, [pc, #72]	@ (10005c68 <vendord_init+0x54>)
10005c20:	f000 fd22 	bl	10006668 <memset>
10005c24:	2640      	movs	r6, #64	@ 0x40
10005c26:	2300      	movs	r3, #0
10005c28:	f44f 7580 	mov.w	r5, #256	@ 0x100
10005c2c:	4f0e      	ldr	r7, [pc, #56]	@ (10005c68 <vendord_init+0x54>)
10005c2e:	4c0f      	ldr	r4, [pc, #60]	@ (10005c6c <vendord_init+0x58>)
10005c30:	f507 72a6 	add.w	r2, r7, #332	@ 0x14c
10005c34:	4619      	mov	r1, r3
10005c36:	e9cd 4602 	strd	r4, r6, [sp, #8]
10005c3a:	9200      	str	r2, [sp, #0]
10005c3c:	9501      	str	r5, [sp, #4]
10005c3e:	461a      	mov	r2, r3
10005c40:	f507 7094 	add.w	r0, r7, #296	@ 0x128
10005c44:	f000 f9c6 	bl	10005fd4 <tu_edpt_stream_init>
10005c48:	2300      	movs	r3, #0
10005c4a:	4638      	mov	r0, r7
10005c4c:	f107 0128 	add.w	r1, r7, #40	@ 0x28
10005c50:	4434      	add	r4, r6
10005c52:	9100      	str	r1, [sp, #0]
10005c54:	2201      	movs	r2, #1
10005c56:	4619      	mov	r1, r3
10005c58:	e9cd 4602 	strd	r4, r6, [sp, #8]
10005c5c:	9501      	str	r5, [sp, #4]
10005c5e:	3004      	adds	r0, #4
10005c60:	f000 f9b8 	bl	10005fd4 <tu_edpt_stream_init>
10005c64:	b005      	add	sp, #20
10005c66:	bdf0      	pop	{r4, r5, r6, r7, pc}
10005c68:	20001740 	.word	0x20001740
10005c6c:	200016c0 	.word	0x200016c0

10005c70 <vendord_deinit>:
10005c70:	b508      	push	{r3, lr}
10005c72:	4805      	ldr	r0, [pc, #20]	@ (10005c88 <vendord_deinit+0x18>)
10005c74:	f000 f9da 	bl	1000602c <tu_edpt_stream_deinit>
10005c78:	4b03      	ldr	r3, [pc, #12]	@ (10005c88 <vendord_deinit+0x18>)
10005c7a:	f5a3 7092 	sub.w	r0, r3, #292	@ 0x124
10005c7e:	f000 f9d5 	bl	1000602c <tu_edpt_stream_deinit>
10005c82:	2001      	movs	r0, #1
10005c84:	bd08      	pop	{r3, pc}
10005c86:	bf00      	nop
10005c88:	20001868 	.word	0x20001868

10005c8c <vendord_reset>:
10005c8c:	b538      	push	{r3, r4, r5, lr}
10005c8e:	2500      	movs	r5, #0
10005c90:	4c06      	ldr	r4, [pc, #24]	@ (10005cac <vendord_reset+0x20>)
10005c92:	f504 7098 	add.w	r0, r4, #304	@ 0x130
10005c96:	7025      	strb	r5, [r4, #0]
10005c98:	f000 fcac 	bl	100065f4 <tu_fifo_clear>
10005c9c:	f104 000c 	add.w	r0, r4, #12
10005ca0:	f000 fca8 	bl	100065f4 <tu_fifo_clear>
10005ca4:	f884 5129 	strb.w	r5, [r4, #297]	@ 0x129
10005ca8:	7165      	strb	r5, [r4, #5]
10005caa:	bd38      	pop	{r3, r4, r5, pc}
10005cac:	20001740 	.word	0x20001740

10005cb0 <vendord_open>:
10005cb0:	e92d 43f8 	stmdb	sp!, {r3, r4, r5, r6, r7, r8, r9, lr}
10005cb4:	794b      	ldrb	r3, [r1, #5]
10005cb6:	2bff      	cmp	r3, #255	@ 0xff
10005cb8:	d151      	bne.n	10005d5e <vendord_open+0xae>
10005cba:	4e35      	ldr	r6, [pc, #212]	@ (10005d90 <vendord_open+0xe0>)
10005cbc:	f896 3129 	ldrb.w	r3, [r6, #297]	@ 0x129
10005cc0:	2b00      	cmp	r3, #0
10005cc2:	d14c      	bne.n	10005d5e <vendord_open+0xae>
10005cc4:	f896 8005 	ldrb.w	r8, [r6, #5]
10005cc8:	f1b8 0f00 	cmp.w	r8, #0
10005ccc:	d147      	bne.n	10005d5e <vendord_open+0xae>
10005cce:	788b      	ldrb	r3, [r1, #2]
10005cd0:	780c      	ldrb	r4, [r1, #0]
10005cd2:	7033      	strb	r3, [r6, #0]
10005cd4:	790b      	ldrb	r3, [r1, #4]
10005cd6:	460f      	mov	r7, r1
10005cd8:	440c      	add	r4, r1
10005cda:	b3ab      	cbz	r3, 10005d48 <vendord_open+0x98>
10005cdc:	4681      	mov	r9, r0
10005cde:	18a5      	adds	r5, r4, r2
10005ce0:	e003      	b.n	10005cea <vendord_open+0x3a>
10005ce2:	42a5      	cmp	r5, r4
10005ce4:	d930      	bls.n	10005d48 <vendord_open+0x98>
10005ce6:	7823      	ldrb	r3, [r4, #0]
10005ce8:	441c      	add	r4, r3
10005cea:	7863      	ldrb	r3, [r4, #1]
10005cec:	2b05      	cmp	r3, #5
10005cee:	d1f8      	bne.n	10005ce2 <vendord_open+0x32>
10005cf0:	42ac      	cmp	r4, r5
10005cf2:	d229      	bcs.n	10005d48 <vendord_open+0x98>
10005cf4:	4621      	mov	r1, r4
10005cf6:	4648      	mov	r0, r9
10005cf8:	f7ff fb3a 	bl	10005370 <usbd_edpt_open>
10005cfc:	b340      	cbz	r0, 10005d50 <vendord_open+0xa0>
10005cfe:	78a3      	ldrb	r3, [r4, #2]
10005d00:	09db      	lsrs	r3, r3, #7
10005d02:	d12f      	bne.n	10005d64 <vendord_open+0xb4>
10005d04:	4823      	ldr	r0, [pc, #140]	@ (10005d94 <vendord_open+0xe4>)
10005d06:	f000 fc75 	bl	100065f4 <tu_fifo_clear>
10005d0a:	78a3      	ldrb	r3, [r4, #2]
10005d0c:	f896 2128 	ldrb.w	r2, [r6, #296]	@ 0x128
10005d10:	f886 3129 	strb.w	r3, [r6, #297]	@ 0x129
10005d14:	88a3      	ldrh	r3, [r4, #4]
10005d16:	4648      	mov	r0, r9
10005d18:	f3c3 030a 	ubfx	r3, r3, #0, #11
10005d1c:	f5a3 7300 	sub.w	r3, r3, #512	@ 0x200
10005d20:	fab3 f383 	clz	r3, r3
10005d24:	095b      	lsrs	r3, r3, #5
10005d26:	f363 0241 	bfi	r2, r3, #1, #1
10005d2a:	491b      	ldr	r1, [pc, #108]	@ (10005d98 <vendord_open+0xe8>)
10005d2c:	f886 2128 	strb.w	r2, [r6, #296]	@ 0x128
10005d30:	f000 f9ea 	bl	10006108 <tu_edpt_stream_read_xfer>
10005d34:	b160      	cbz	r0, 10005d50 <vendord_open+0xa0>
10005d36:	7823      	ldrb	r3, [r4, #0]
10005d38:	793a      	ldrb	r2, [r7, #4]
10005d3a:	f108 0801 	add.w	r8, r8, #1
10005d3e:	441c      	add	r4, r3
10005d40:	fa5f f388 	uxtb.w	r3, r8
10005d44:	429a      	cmp	r2, r3
10005d46:	d8d0      	bhi.n	10005cea <vendord_open+0x3a>
10005d48:	1be1      	subs	r1, r4, r7
10005d4a:	b288      	uxth	r0, r1
10005d4c:	e8bd 83f8 	ldmia.w	sp!, {r3, r4, r5, r6, r7, r8, r9, pc}
10005d50:	f04f 23e0 	mov.w	r3, #3758153728	@ 0xe000e000
10005d54:	f8d3 3df0 	ldr.w	r3, [r3, #3568]	@ 0xdf0
10005d58:	07db      	lsls	r3, r3, #31
10005d5a:	d500      	bpl.n	10005d5e <vendord_open+0xae>
10005d5c:	be00      	bkpt	0x0000
10005d5e:	2000      	movs	r0, #0
10005d60:	e8bd 83f8 	ldmia.w	sp!, {r3, r4, r5, r6, r7, r8, r9, pc}
10005d64:	480d      	ldr	r0, [pc, #52]	@ (10005d9c <vendord_open+0xec>)
10005d66:	f000 fc45 	bl	100065f4 <tu_fifo_clear>
10005d6a:	78a3      	ldrb	r3, [r4, #2]
10005d6c:	7932      	ldrb	r2, [r6, #4]
10005d6e:	7173      	strb	r3, [r6, #5]
10005d70:	88a3      	ldrh	r3, [r4, #4]
10005d72:	490b      	ldr	r1, [pc, #44]	@ (10005da0 <vendord_open+0xf0>)
10005d74:	f3c3 030a 	ubfx	r3, r3, #0, #11
10005d78:	f5a3 7300 	sub.w	r3, r3, #512	@ 0x200
10005d7c:	fab3 f383 	clz	r3, r3
10005d80:	095b      	lsrs	r3, r3, #5
10005d82:	f363 0241 	bfi	r2, r3, #1, #1
10005d86:	2000      	movs	r0, #0
10005d88:	7132      	strb	r2, [r6, #4]
10005d8a:	f000 f985 	bl	10006098 <tu_edpt_stream_write_xfer>
10005d8e:	e7d2      	b.n	10005d36 <vendord_open+0x86>
10005d90:	20001740 	.word	0x20001740
10005d94:	20001870 	.word	0x20001870
10005d98:	20001868 	.word	0x20001868
10005d9c:	2000174c 	.word	0x2000174c
10005da0:	20001744 	.word	0x20001744

10005da4 <vendord_xfer_cb>:
10005da4:	b570      	push	{r4, r5, r6, lr}
10005da6:	4c1b      	ldr	r4, [pc, #108]	@ (10005e14 <vendord_xfer_cb+0x70>)
10005da8:	4606      	mov	r6, r0
10005daa:	f894 c129 	ldrb.w	ip, [r4, #297]	@ 0x129
10005dae:	461d      	mov	r5, r3
10005db0:	458c      	cmp	ip, r1
10005db2:	d011      	beq.n	10005dd8 <vendord_xfer_cb+0x34>
10005db4:	7963      	ldrb	r3, [r4, #5]
10005db6:	428b      	cmp	r3, r1
10005db8:	d001      	beq.n	10005dbe <vendord_xfer_cb+0x1a>
10005dba:	2000      	movs	r0, #0
10005dbc:	bd70      	pop	{r4, r5, r6, pc}
10005dbe:	4b16      	ldr	r3, [pc, #88]	@ (10005e18 <vendord_xfer_cb+0x74>)
10005dc0:	b11b      	cbz	r3, 10005dca <vendord_xfer_cb+0x26>
10005dc2:	2000      	movs	r0, #0
10005dc4:	b2a9      	uxth	r1, r5
10005dc6:	f3af 8000 	nop.w
10005dca:	4630      	mov	r0, r6
10005dcc:	4913      	ldr	r1, [pc, #76]	@ (10005e1c <vendord_xfer_cb+0x78>)
10005dce:	f000 f963 	bl	10006098 <tu_edpt_stream_write_xfer>
10005dd2:	b1c8      	cbz	r0, 10005e08 <vendord_xfer_cb+0x64>
10005dd4:	2001      	movs	r0, #1
10005dd6:	bd70      	pop	{r4, r5, r6, pc}
10005dd8:	f8b4 3134 	ldrh.w	r3, [r4, #308]	@ 0x134
10005ddc:	b963      	cbnz	r3, 10005df8 <vendord_xfer_cb+0x54>
10005dde:	4b10      	ldr	r3, [pc, #64]	@ (10005e20 <vendord_xfer_cb+0x7c>)
10005de0:	b123      	cbz	r3, 10005dec <vendord_xfer_cb+0x48>
10005de2:	2000      	movs	r0, #0
10005de4:	490f      	ldr	r1, [pc, #60]	@ (10005e24 <vendord_xfer_cb+0x80>)
10005de6:	b2aa      	uxth	r2, r5
10005de8:	f3af 8000 	nop.w
10005dec:	4630      	mov	r0, r6
10005dee:	490e      	ldr	r1, [pc, #56]	@ (10005e28 <vendord_xfer_cb+0x84>)
10005df0:	f000 f98a 	bl	10006108 <tu_edpt_stream_read_xfer>
10005df4:	2001      	movs	r0, #1
10005df6:	e7ee      	b.n	10005dd6 <vendord_xfer_cb+0x32>
10005df8:	f8d4 112c 	ldr.w	r1, [r4, #300]	@ 0x12c
10005dfc:	b2aa      	uxth	r2, r5
10005dfe:	f504 7098 	add.w	r0, r4, #304	@ 0x130
10005e02:	f000 fb49 	bl	10006498 <tu_fifo_write_n>
10005e06:	e7ea      	b.n	10005dde <vendord_xfer_cb+0x3a>
10005e08:	462a      	mov	r2, r5
10005e0a:	4630      	mov	r0, r6
10005e0c:	4903      	ldr	r1, [pc, #12]	@ (10005e1c <vendord_xfer_cb+0x78>)
10005e0e:	f000 f90f 	bl	10006030 <tu_edpt_stream_write_zlp_if_needed>
10005e12:	e7df      	b.n	10005dd4 <vendord_xfer_cb+0x30>
10005e14:	20001740 	.word	0x20001740
10005e18:	00000000 	.word	0x00000000
10005e1c:	20001744 	.word	0x20001744
10005e20:	00000000 	.word	0x00000000
10005e24:	200016c0 	.word	0x200016c0
10005e28:	20001868 	.word	0x20001868

10005e2c <tusb_rhport_init>:
10005e2c:	b510      	push	{r4, lr}
10005e2e:	b082      	sub	sp, #8
10005e30:	b1c9      	cbz	r1, 10005e66 <tusb_rhport_init+0x3a>
10005e32:	2801      	cmp	r0, #1
10005e34:	d80c      	bhi.n	10005e50 <tusb_rhport_init+0x24>
10005e36:	780b      	ldrb	r3, [r1, #0]
10005e38:	b153      	cbz	r3, 10005e50 <tusb_rhport_init+0x24>
10005e3a:	4c14      	ldr	r4, [pc, #80]	@ (10005e8c <tusb_rhport_init+0x60>)
10005e3c:	2b01      	cmp	r3, #1
10005e3e:	5423      	strb	r3, [r4, r0]
10005e40:	d002      	beq.n	10005e48 <tusb_rhport_init+0x1c>
10005e42:	2001      	movs	r0, #1
10005e44:	b002      	add	sp, #8
10005e46:	bd10      	pop	{r4, pc}
10005e48:	f7fe fe08 	bl	10004a5c <tud_rhport_init>
10005e4c:	2800      	cmp	r0, #0
10005e4e:	d1f8      	bne.n	10005e42 <tusb_rhport_init+0x16>
10005e50:	f04f 23e0 	mov.w	r3, #3758153728	@ 0xe000e000
10005e54:	f8d3 3df0 	ldr.w	r3, [r3, #3568]	@ 0xdf0
10005e58:	07db      	lsls	r3, r3, #31
10005e5a:	d402      	bmi.n	10005e62 <tusb_rhport_init+0x36>
10005e5c:	2000      	movs	r0, #0
10005e5e:	b002      	add	sp, #8
10005e60:	bd10      	pop	{r4, pc}
10005e62:	be00      	bkpt	0x0000
10005e64:	e7fa      	b.n	10005e5c <tusb_rhport_init+0x30>
10005e66:	2401      	movs	r4, #1
10005e68:	4608      	mov	r0, r1
10005e6a:	a901      	add	r1, sp, #4
10005e6c:	f8ad 4004 	strh.w	r4, [sp, #4]
10005e70:	f7fe fdf4 	bl	10004a5c <tud_rhport_init>
10005e74:	b938      	cbnz	r0, 10005e86 <tusb_rhport_init+0x5a>
10005e76:	f04f 23e0 	mov.w	r3, #3758153728	@ 0xe000e000
10005e7a:	f8d3 3df0 	ldr.w	r3, [r3, #3568]	@ 0xdf0
10005e7e:	07da      	lsls	r2, r3, #31
10005e80:	d5ed      	bpl.n	10005e5e <tusb_rhport_init+0x32>
10005e82:	be00      	bkpt	0x0000
10005e84:	e7eb      	b.n	10005e5e <tusb_rhport_init+0x32>
10005e86:	4b01      	ldr	r3, [pc, #4]	@ (10005e8c <tusb_rhport_init+0x60>)
10005e88:	701c      	strb	r4, [r3, #0]
10005e8a:	e7e8      	b.n	10005e5e <tusb_rhport_init+0x32>
10005e8c:	20001598 	.word	0x20001598

10005e90 <tu_edpt_claim>:
10005e90:	b5f8      	push	{r3, r4, r5, r6, r7, lr}
10005e92:	7803      	ldrb	r3, [r0, #0]
10005e94:	f013 0401 	ands.w	r4, r3, #1
10005e98:	d11a      	bne.n	10005ed0 <tu_edpt_claim+0x40>
10005e9a:	7803      	ldrb	r3, [r0, #0]
10005e9c:	4605      	mov	r5, r0
10005e9e:	075a      	lsls	r2, r3, #29
10005ea0:	f3c3 0780 	ubfx	r7, r3, #2, #1
10005ea4:	d501      	bpl.n	10005eaa <tu_edpt_claim+0x1a>
10005ea6:	4620      	mov	r0, r4
10005ea8:	bdf8      	pop	{r3, r4, r5, r6, r7, pc}
10005eaa:	460e      	mov	r6, r1
10005eac:	f04f 31ff 	mov.w	r1, #4294967295	@ 0xffffffff
10005eb0:	4630      	mov	r0, r6
10005eb2:	f000 fcd1 	bl	10006858 <__mutex_enter_timeout_ms_veneer>
10005eb6:	782b      	ldrb	r3, [r5, #0]
10005eb8:	f013 0401 	ands.w	r4, r3, #1
10005ebc:	d10b      	bne.n	10005ed6 <tu_edpt_claim+0x46>
10005ebe:	782b      	ldrb	r3, [r5, #0]
10005ec0:	075b      	lsls	r3, r3, #29
10005ec2:	d409      	bmi.n	10005ed8 <tu_edpt_claim+0x48>
10005ec4:	782b      	ldrb	r3, [r5, #0]
10005ec6:	2401      	movs	r4, #1
10005ec8:	f043 0304 	orr.w	r3, r3, #4
10005ecc:	702b      	strb	r3, [r5, #0]
10005ece:	e003      	b.n	10005ed8 <tu_edpt_claim+0x48>
10005ed0:	2400      	movs	r4, #0
10005ed2:	4620      	mov	r0, r4
10005ed4:	bdf8      	pop	{r3, r4, r5, r6, r7, pc}
10005ed6:	463c      	mov	r4, r7
10005ed8:	4630      	mov	r0, r6
10005eda:	f000 fcc9 	bl	10006870 <__mutex_exit_veneer>
10005ede:	4620      	mov	r0, r4
10005ee0:	bdf8      	pop	{r3, r4, r5, r6, r7, pc}
10005ee2:	bf00      	nop

10005ee4 <tu_edpt_release>:
10005ee4:	b570      	push	{r4, r5, r6, lr}
10005ee6:	460c      	mov	r4, r1
10005ee8:	4605      	mov	r5, r0
10005eea:	f04f 31ff 	mov.w	r1, #4294967295	@ 0xffffffff
10005eee:	4620      	mov	r0, r4
10005ef0:	f000 fcb2 	bl	10006858 <__mutex_enter_timeout_ms_veneer>
10005ef4:	782b      	ldrb	r3, [r5, #0]
10005ef6:	f3c3 0680 	ubfx	r6, r3, #2, #1
10005efa:	075b      	lsls	r3, r3, #29
10005efc:	d508      	bpl.n	10005f10 <tu_edpt_release+0x2c>
10005efe:	782b      	ldrb	r3, [r5, #0]
10005f00:	f013 0301 	ands.w	r3, r3, #1
10005f04:	bf11      	iteee	ne
10005f06:	2600      	movne	r6, #0
10005f08:	782a      	ldrbeq	r2, [r5, #0]
10005f0a:	f363 0282 	bfieq	r2, r3, #2, #1
10005f0e:	702a      	strbeq	r2, [r5, #0]
10005f10:	4620      	mov	r0, r4
10005f12:	f000 fcad 	bl	10006870 <__mutex_exit_veneer>
10005f16:	4630      	mov	r0, r6
10005f18:	bd70      	pop	{r4, r5, r6, pc}
10005f1a:	bf00      	nop

10005f1c <tu_edpt_validate>:
10005f1c:	78c3      	ldrb	r3, [r0, #3]
10005f1e:	8882      	ldrh	r2, [r0, #4]
10005f20:	f003 0003 	and.w	r0, r3, #3
10005f24:	2802      	cmp	r0, #2
10005f26:	f3c2 020a 	ubfx	r2, r2, #0, #11
10005f2a:	d015      	beq.n	10005f58 <tu_edpt_validate+0x3c>
10005f2c:	2803      	cmp	r0, #3
10005f2e:	d00a      	beq.n	10005f46 <tu_edpt_validate+0x2a>
10005f30:	2801      	cmp	r0, #1
10005f32:	d11c      	bne.n	10005f6e <tu_edpt_validate+0x52>
10005f34:	2902      	cmp	r1, #2
10005f36:	f240 33ff 	movw	r3, #1023	@ 0x3ff
10005f3a:	bf08      	it	eq
10005f3c:	f44f 6380 	moveq.w	r3, #1024	@ 0x400
10005f40:	4293      	cmp	r3, r2
10005f42:	d30d      	bcc.n	10005f60 <tu_edpt_validate+0x44>
10005f44:	4770      	bx	lr
10005f46:	2902      	cmp	r1, #2
10005f48:	bf14      	ite	ne
10005f4a:	2340      	movne	r3, #64	@ 0x40
10005f4c:	f44f 6380 	moveq.w	r3, #1024	@ 0x400
10005f50:	4293      	cmp	r3, r2
10005f52:	d305      	bcc.n	10005f60 <tu_edpt_validate+0x44>
10005f54:	2001      	movs	r0, #1
10005f56:	4770      	bx	lr
10005f58:	2902      	cmp	r1, #2
10005f5a:	d00a      	beq.n	10005f72 <tu_edpt_validate+0x56>
10005f5c:	2a40      	cmp	r2, #64	@ 0x40
10005f5e:	d9f9      	bls.n	10005f54 <tu_edpt_validate+0x38>
10005f60:	f04f 23e0 	mov.w	r3, #3758153728	@ 0xe000e000
10005f64:	f8d3 3df0 	ldr.w	r3, [r3, #3568]	@ 0xdf0
10005f68:	07db      	lsls	r3, r3, #31
10005f6a:	d500      	bpl.n	10005f6e <tu_edpt_validate+0x52>
10005f6c:	be00      	bkpt	0x0000
10005f6e:	2000      	movs	r0, #0
10005f70:	4770      	bx	lr
10005f72:	f5b2 7f00 	cmp.w	r2, #512	@ 0x200
10005f76:	d0ed      	beq.n	10005f54 <tu_edpt_validate+0x38>
10005f78:	e7f2      	b.n	10005f60 <tu_edpt_validate+0x44>
10005f7a:	bf00      	nop

10005f7c <tu_edpt_bind_driver>:
10005f7c:	440a      	add	r2, r1
10005f7e:	4291      	cmp	r1, r2
10005f80:	d226      	bcs.n	10005fd0 <tu_edpt_bind_driver+0x54>
10005f82:	f891 c001 	ldrb.w	ip, [r1, #1]
10005f86:	f1bc 0f05 	cmp.w	ip, #5
10005f8a:	d005      	beq.n	10005f98 <tu_edpt_bind_driver+0x1c>
10005f8c:	f891 c000 	ldrb.w	ip, [r1]
10005f90:	4461      	add	r1, ip
10005f92:	428a      	cmp	r2, r1
10005f94:	d8f5      	bhi.n	10005f82 <tu_edpt_bind_driver+0x6>
10005f96:	4770      	bx	lr
10005f98:	b500      	push	{lr}
10005f9a:	f891 c002 	ldrb.w	ip, [r1, #2]
10005f9e:	f00c 0e7f 	and.w	lr, ip, #127	@ 0x7f
10005fa2:	eb00 0e4e 	add.w	lr, r0, lr, lsl #1
10005fa6:	ea4f 1cdc 	mov.w	ip, ip, lsr #7
10005faa:	f80e 300c 	strb.w	r3, [lr, ip]
10005fae:	f891 c000 	ldrb.w	ip, [r1]
10005fb2:	4461      	add	r1, ip
10005fb4:	428a      	cmp	r2, r1
10005fb6:	d909      	bls.n	10005fcc <tu_edpt_bind_driver+0x50>
10005fb8:	f891 c001 	ldrb.w	ip, [r1, #1]
10005fbc:	f1bc 0f05 	cmp.w	ip, #5
10005fc0:	d0eb      	beq.n	10005f9a <tu_edpt_bind_driver+0x1e>
10005fc2:	f891 c000 	ldrb.w	ip, [r1]
10005fc6:	4461      	add	r1, ip
10005fc8:	428a      	cmp	r2, r1
10005fca:	d8f5      	bhi.n	10005fb8 <tu_edpt_bind_driver+0x3c>
10005fcc:	f85d fb04 	ldr.w	pc, [sp], #4
10005fd0:	4770      	bx	lr
10005fd2:	bf00      	nop

10005fd4 <tu_edpt_stream_init>:
10005fd4:	e92d 41f0 	stmdb	sp!, {r4, r5, r6, r7, r8, lr}
10005fd8:	468e      	mov	lr, r1
10005fda:	b082      	sub	sp, #8
10005fdc:	9300      	str	r3, [sp, #0]
10005fde:	f890 c000 	ldrb.w	ip, [r0]
10005fe2:	9e08      	ldr	r6, [sp, #32]
10005fe4:	f8bd 7024 	ldrh.w	r7, [sp, #36]	@ 0x24
10005fe8:	f36e 0c00 	bfi	ip, lr, #0, #1
10005fec:	4604      	mov	r4, r0
10005fee:	4615      	mov	r5, r2
10005ff0:	2301      	movs	r3, #1
10005ff2:	4631      	mov	r1, r6
10005ff4:	463a      	mov	r2, r7
10005ff6:	f800 cb08 	strb.w	ip, [r0], #8
10005ffa:	f8bd 802c 	ldrh.w	r8, [sp, #44]	@ 0x2c
10005ffe:	f000 f8e7 	bl	100061d0 <tu_fifo_config>
10006002:	b106      	cbz	r6, 10006006 <tu_edpt_stream_init+0x32>
10006004:	b93f      	cbnz	r7, 10006016 <tu_edpt_stream_init+0x42>
10006006:	2001      	movs	r0, #1
10006008:	9b0a      	ldr	r3, [sp, #40]	@ 0x28
1000600a:	f8a4 8002 	strh.w	r8, [r4, #2]
1000600e:	6063      	str	r3, [r4, #4]
10006010:	b002      	add	sp, #8
10006012:	e8bd 81f0 	ldmia.w	sp!, {r4, r5, r6, r7, r8, pc}
10006016:	f104 061c 	add.w	r6, r4, #28
1000601a:	4630      	mov	r0, r6
1000601c:	f7fb f834 	bl	10001088 <mutex_init>
10006020:	b10d      	cbz	r5, 10006026 <tu_edpt_stream_init+0x52>
10006022:	4635      	mov	r5, r6
10006024:	2600      	movs	r6, #0
10006026:	e9c4 5605 	strd	r5, r6, [r4, #20]
1000602a:	e7ec      	b.n	10006006 <tu_edpt_stream_init+0x32>

1000602c <tu_edpt_stream_deinit>:
1000602c:	2001      	movs	r0, #1
1000602e:	4770      	bx	lr

10006030 <tu_edpt_stream_write_zlp_if_needed>:
10006030:	b5f8      	push	{r3, r4, r5, r6, r7, lr}
10006032:	4607      	mov	r7, r0
10006034:	4608      	mov	r0, r1
10006036:	f240 13ff 	movw	r3, #511	@ 0x1ff
1000603a:	4615      	mov	r5, r2
1000603c:	f810 2b08 	ldrb.w	r2, [r0], #8
10006040:	460c      	mov	r4, r1
10006042:	f012 0f02 	tst.w	r2, #2
10006046:	bf0c      	ite	eq
10006048:	263f      	moveq	r6, #63	@ 0x3f
1000604a:	461e      	movne	r6, r3
1000604c:	f000 f8f0 	bl	10006230 <tu_fifo_count>
10006050:	b928      	cbnz	r0, 1000605e <tu_edpt_stream_write_zlp_if_needed+0x2e>
10006052:	b125      	cbz	r5, 1000605e <tu_edpt_stream_write_zlp_if_needed+0x2e>
10006054:	422e      	tst	r6, r5
10006056:	d102      	bne.n	1000605e <tu_edpt_stream_write_zlp_if_needed+0x2e>
10006058:	7823      	ldrb	r3, [r4, #0]
1000605a:	07da      	lsls	r2, r3, #31
1000605c:	d501      	bpl.n	10006062 <tu_edpt_stream_write_zlp_if_needed+0x32>
1000605e:	2000      	movs	r0, #0
10006060:	bdf8      	pop	{r3, r4, r5, r6, r7, pc}
10006062:	4638      	mov	r0, r7
10006064:	7861      	ldrb	r1, [r4, #1]
10006066:	f7ff f9a5 	bl	100053b4 <usbd_edpt_claim>
1000606a:	2800      	cmp	r0, #0
1000606c:	d0f7      	beq.n	1000605e <tu_edpt_stream_write_zlp_if_needed+0x2e>
1000606e:	7823      	ldrb	r3, [r4, #0]
10006070:	f013 0301 	ands.w	r3, r3, #1
10006074:	d007      	beq.n	10006086 <tu_edpt_stream_write_zlp_if_needed+0x56>
10006076:	f04f 23e0 	mov.w	r3, #3758153728	@ 0xe000e000
1000607a:	f8d3 3df0 	ldr.w	r3, [r3, #3568]	@ 0xdf0
1000607e:	07db      	lsls	r3, r3, #31
10006080:	d5ed      	bpl.n	1000605e <tu_edpt_stream_write_zlp_if_needed+0x2e>
10006082:	be00      	bkpt	0x0000
10006084:	e7eb      	b.n	1000605e <tu_edpt_stream_write_zlp_if_needed+0x2e>
10006086:	461a      	mov	r2, r3
10006088:	4638      	mov	r0, r7
1000608a:	7861      	ldrb	r1, [r4, #1]
1000608c:	f7ff f9b6 	bl	100053fc <usbd_edpt_xfer>
10006090:	2800      	cmp	r0, #0
10006092:	d0f0      	beq.n	10006076 <tu_edpt_stream_write_zlp_if_needed+0x46>
10006094:	bdf8      	pop	{r3, r4, r5, r6, r7, pc}
10006096:	bf00      	nop

10006098 <tu_edpt_stream_write_xfer>:
10006098:	b570      	push	{r4, r5, r6, lr}
1000609a:	f101 0508 	add.w	r5, r1, #8
1000609e:	4606      	mov	r6, r0
100060a0:	4628      	mov	r0, r5
100060a2:	460c      	mov	r4, r1
100060a4:	f000 f8c4 	bl	10006230 <tu_fifo_count>
100060a8:	b110      	cbz	r0, 100060b0 <tu_edpt_stream_write_xfer+0x18>
100060aa:	7823      	ldrb	r3, [r4, #0]
100060ac:	07da      	lsls	r2, r3, #31
100060ae:	d501      	bpl.n	100060b4 <tu_edpt_stream_write_xfer+0x1c>
100060b0:	2000      	movs	r0, #0
100060b2:	bd70      	pop	{r4, r5, r6, pc}
100060b4:	4630      	mov	r0, r6
100060b6:	7861      	ldrb	r1, [r4, #1]
100060b8:	f7ff f97c 	bl	100053b4 <usbd_edpt_claim>
100060bc:	2800      	cmp	r0, #0
100060be:	d0f7      	beq.n	100060b0 <tu_edpt_stream_write_xfer+0x18>
100060c0:	4628      	mov	r0, r5
100060c2:	8862      	ldrh	r2, [r4, #2]
100060c4:	6861      	ldr	r1, [r4, #4]
100060c6:	f000 f929 	bl	1000631c <tu_fifo_read_n>
100060ca:	7823      	ldrb	r3, [r4, #0]
100060cc:	4605      	mov	r5, r0
100060ce:	f003 0301 	and.w	r3, r3, #1
100060d2:	b140      	cbz	r0, 100060e6 <tu_edpt_stream_write_xfer+0x4e>
100060d4:	b173      	cbz	r3, 100060f4 <tu_edpt_stream_write_xfer+0x5c>
100060d6:	f04f 23e0 	mov.w	r3, #3758153728	@ 0xe000e000
100060da:	f8d3 3df0 	ldr.w	r3, [r3, #3568]	@ 0xdf0
100060de:	07db      	lsls	r3, r3, #31
100060e0:	d5e6      	bpl.n	100060b0 <tu_edpt_stream_write_xfer+0x18>
100060e2:	be00      	bkpt	0x0000
100060e4:	e7e4      	b.n	100060b0 <tu_edpt_stream_write_xfer+0x18>
100060e6:	2b00      	cmp	r3, #0
100060e8:	d1e2      	bne.n	100060b0 <tu_edpt_stream_write_xfer+0x18>
100060ea:	4630      	mov	r0, r6
100060ec:	7861      	ldrb	r1, [r4, #1]
100060ee:	f7ff f973 	bl	100053d8 <usbd_edpt_release>
100060f2:	e7dd      	b.n	100060b0 <tu_edpt_stream_write_xfer+0x18>
100060f4:	4603      	mov	r3, r0
100060f6:	6862      	ldr	r2, [r4, #4]
100060f8:	4630      	mov	r0, r6
100060fa:	7861      	ldrb	r1, [r4, #1]
100060fc:	f7ff f97e 	bl	100053fc <usbd_edpt_xfer>
10006100:	2800      	cmp	r0, #0
10006102:	d0e8      	beq.n	100060d6 <tu_edpt_stream_write_xfer+0x3e>
10006104:	4628      	mov	r0, r5
10006106:	bd70      	pop	{r4, r5, r6, pc}

10006108 <tu_edpt_stream_read_xfer>:
10006108:	898a      	ldrh	r2, [r1, #12]
1000610a:	e92d 41f0 	stmdb	sp!, {r4, r5, r6, r7, r8, lr}
1000610e:	780b      	ldrb	r3, [r1, #0]
10006110:	460c      	mov	r4, r1
10006112:	4606      	mov	r6, r0
10006114:	b922      	cbnz	r2, 10006120 <tu_edpt_stream_read_xfer+0x18>
10006116:	07dd      	lsls	r5, r3, #31
10006118:	d534      	bpl.n	10006184 <tu_edpt_stream_read_xfer+0x7c>
1000611a:	2000      	movs	r0, #0
1000611c:	e8bd 81f0 	ldmia.w	sp!, {r4, r5, r6, r7, r8, pc}
10006120:	f104 0708 	add.w	r7, r4, #8
10006124:	0799      	lsls	r1, r3, #30
10006126:	4638      	mov	r0, r7
10006128:	bf47      	ittee	mi
1000612a:	f44f 487e 	movmi.w	r8, #65024	@ 0xfe00
1000612e:	f44f 7500 	movmi.w	r5, #512	@ 0x200
10006132:	f64f 78c0 	movwpl	r8, #65472	@ 0xffc0
10006136:	2540      	movpl	r5, #64	@ 0x40
10006138:	f000 f894 	bl	10006264 <tu_fifo_remaining>
1000613c:	4285      	cmp	r5, r0
1000613e:	d8ec      	bhi.n	1000611a <tu_edpt_stream_read_xfer+0x12>
10006140:	7823      	ldrb	r3, [r4, #0]
10006142:	07da      	lsls	r2, r3, #31
10006144:	d4e9      	bmi.n	1000611a <tu_edpt_stream_read_xfer+0x12>
10006146:	4630      	mov	r0, r6
10006148:	7861      	ldrb	r1, [r4, #1]
1000614a:	f7ff f933 	bl	100053b4 <usbd_edpt_claim>
1000614e:	2800      	cmp	r0, #0
10006150:	d0e3      	beq.n	1000611a <tu_edpt_stream_read_xfer+0x12>
10006152:	4638      	mov	r0, r7
10006154:	f000 f886 	bl	10006264 <tu_fifo_remaining>
10006158:	7823      	ldrb	r3, [r4, #0]
1000615a:	4285      	cmp	r5, r0
1000615c:	f003 0301 	and.w	r3, r3, #1
10006160:	d82d      	bhi.n	100061be <tu_edpt_stream_read_xfer+0xb6>
10006162:	b9bb      	cbnz	r3, 10006194 <tu_edpt_stream_read_xfer+0x8c>
10006164:	8865      	ldrh	r5, [r4, #2]
10006166:	ea08 0800 	and.w	r8, r8, r0
1000616a:	4545      	cmp	r5, r8
1000616c:	bf28      	it	cs
1000616e:	4645      	movcs	r5, r8
10006170:	7861      	ldrb	r1, [r4, #1]
10006172:	b35d      	cbz	r5, 100061cc <tu_edpt_stream_read_xfer+0xc4>
10006174:	6862      	ldr	r2, [r4, #4]
10006176:	462b      	mov	r3, r5
10006178:	4630      	mov	r0, r6
1000617a:	f7ff f93f 	bl	100053fc <usbd_edpt_xfer>
1000617e:	b148      	cbz	r0, 10006194 <tu_edpt_stream_read_xfer+0x8c>
10006180:	4628      	mov	r0, r5
10006182:	e7cb      	b.n	1000611c <tu_edpt_stream_read_xfer+0x14>
10006184:	7849      	ldrb	r1, [r1, #1]
10006186:	f7ff f915 	bl	100053b4 <usbd_edpt_claim>
1000618a:	2800      	cmp	r0, #0
1000618c:	d0c5      	beq.n	1000611a <tu_edpt_stream_read_xfer+0x12>
1000618e:	7823      	ldrb	r3, [r4, #0]
10006190:	07d8      	lsls	r0, r3, #31
10006192:	d507      	bpl.n	100061a4 <tu_edpt_stream_read_xfer+0x9c>
10006194:	f04f 23e0 	mov.w	r3, #3758153728	@ 0xe000e000
10006198:	f8d3 3df0 	ldr.w	r3, [r3, #3568]	@ 0xdf0
1000619c:	07db      	lsls	r3, r3, #31
1000619e:	d5bc      	bpl.n	1000611a <tu_edpt_stream_read_xfer+0x12>
100061a0:	be00      	bkpt	0x0000
100061a2:	e7ba      	b.n	1000611a <tu_edpt_stream_read_xfer+0x12>
100061a4:	8863      	ldrh	r3, [r4, #2]
100061a6:	7861      	ldrb	r1, [r4, #1]
100061a8:	b13b      	cbz	r3, 100061ba <tu_edpt_stream_read_xfer+0xb2>
100061aa:	6862      	ldr	r2, [r4, #4]
100061ac:	4630      	mov	r0, r6
100061ae:	f7ff f925 	bl	100053fc <usbd_edpt_xfer>
100061b2:	2800      	cmp	r0, #0
100061b4:	d0ee      	beq.n	10006194 <tu_edpt_stream_read_xfer+0x8c>
100061b6:	8860      	ldrh	r0, [r4, #2]
100061b8:	e7b0      	b.n	1000611c <tu_edpt_stream_read_xfer+0x14>
100061ba:	461a      	mov	r2, r3
100061bc:	e7f6      	b.n	100061ac <tu_edpt_stream_read_xfer+0xa4>
100061be:	2b00      	cmp	r3, #0
100061c0:	d1ab      	bne.n	1000611a <tu_edpt_stream_read_xfer+0x12>
100061c2:	4630      	mov	r0, r6
100061c4:	7861      	ldrb	r1, [r4, #1]
100061c6:	f7ff f907 	bl	100053d8 <usbd_edpt_release>
100061ca:	e7a6      	b.n	1000611a <tu_edpt_stream_read_xfer+0x12>
100061cc:	462a      	mov	r2, r5
100061ce:	e7d2      	b.n	10006176 <tu_edpt_stream_read_xfer+0x6e>

100061d0 <tu_fifo_config>:
100061d0:	e92d 41f0 	stmdb	sp!, {r4, r5, r6, r7, r8, lr}
100061d4:	f5b2 4f00 	cmp.w	r2, #32768	@ 0x8000
100061d8:	f89d 8018 	ldrb.w	r8, [sp, #24]
100061dc:	d824      	bhi.n	10006228 <tu_fifo_config+0x58>
100061de:	4604      	mov	r4, r0
100061e0:	68c0      	ldr	r0, [r0, #12]
100061e2:	4617      	mov	r7, r2
100061e4:	460e      	mov	r6, r1
100061e6:	461d      	mov	r5, r3
100061e8:	b118      	cbz	r0, 100061f2 <tu_fifo_config+0x22>
100061ea:	f04f 31ff 	mov.w	r1, #4294967295	@ 0xffffffff
100061ee:	f000 fb33 	bl	10006858 <__mutex_enter_timeout_ms_veneer>
100061f2:	6920      	ldr	r0, [r4, #16]
100061f4:	b118      	cbz	r0, 100061fe <tu_fifo_config+0x2e>
100061f6:	f04f 31ff 	mov.w	r1, #4294967295	@ 0xffffffff
100061fa:	f000 fb2d 	bl	10006858 <__mutex_enter_timeout_ms_veneer>
100061fe:	2200      	movs	r2, #0
10006200:	f3c5 030e 	ubfx	r3, r5, #0, #15
10006204:	68e0      	ldr	r0, [r4, #12]
10006206:	ea43 33c8 	orr.w	r3, r3, r8, lsl #15
1000620a:	8162      	strh	r2, [r4, #10]
1000620c:	6026      	str	r6, [r4, #0]
1000620e:	80a7      	strh	r7, [r4, #4]
10006210:	80e3      	strh	r3, [r4, #6]
10006212:	8122      	strh	r2, [r4, #8]
10006214:	b108      	cbz	r0, 1000621a <tu_fifo_config+0x4a>
10006216:	f000 fb2b 	bl	10006870 <__mutex_exit_veneer>
1000621a:	6920      	ldr	r0, [r4, #16]
1000621c:	b108      	cbz	r0, 10006222 <tu_fifo_config+0x52>
1000621e:	f000 fb27 	bl	10006870 <__mutex_exit_veneer>
10006222:	2001      	movs	r0, #1
10006224:	e8bd 81f0 	ldmia.w	sp!, {r4, r5, r6, r7, r8, pc}
10006228:	2000      	movs	r0, #0
1000622a:	e8bd 81f0 	ldmia.w	sp!, {r4, r5, r6, r7, r8, pc}
1000622e:	bf00      	nop

10006230 <tu_fifo_count>:
10006230:	8903      	ldrh	r3, [r0, #8]
10006232:	8942      	ldrh	r2, [r0, #10]
10006234:	b29b      	uxth	r3, r3
10006236:	b292      	uxth	r2, r2
10006238:	8880      	ldrh	r0, [r0, #4]
1000623a:	4293      	cmp	r3, r2
1000623c:	bf36      	itet	cc
1000623e:	ebc2 0240 	rsbcc	r2, r2, r0, lsl #1
10006242:	1a9b      	subcs	r3, r3, r2
10006244:	189b      	addcc	r3, r3, r2
10006246:	b29b      	uxth	r3, r3
10006248:	4298      	cmp	r0, r3
1000624a:	bf28      	it	cs
1000624c:	4618      	movcs	r0, r3
1000624e:	4770      	bx	lr

10006250 <tu_fifo_empty>:
10006250:	8902      	ldrh	r2, [r0, #8]
10006252:	8943      	ldrh	r3, [r0, #10]
10006254:	b290      	uxth	r0, r2
10006256:	b29b      	uxth	r3, r3
10006258:	1ac0      	subs	r0, r0, r3
1000625a:	fab0 f080 	clz	r0, r0
1000625e:	0940      	lsrs	r0, r0, #5
10006260:	4770      	bx	lr
10006262:	bf00      	nop

10006264 <tu_fifo_remaining>:
10006264:	8903      	ldrh	r3, [r0, #8]
10006266:	8942      	ldrh	r2, [r0, #10]
10006268:	b29b      	uxth	r3, r3
1000626a:	8880      	ldrh	r0, [r0, #4]
1000626c:	b292      	uxth	r2, r2
1000626e:	4293      	cmp	r3, r2
10006270:	bf36      	itet	cc
10006272:	ebc2 0240 	rsbcc	r2, r2, r0, lsl #1
10006276:	1a9b      	subcs	r3, r3, r2
10006278:	189b      	addcc	r3, r3, r2
1000627a:	b29b      	uxth	r3, r3
1000627c:	4298      	cmp	r0, r3
1000627e:	bf86      	itte	hi
10006280:	1ac0      	subhi	r0, r0, r3
10006282:	b280      	uxthhi	r0, r0
10006284:	2000      	movls	r0, #0
10006286:	4770      	bx	lr

10006288 <tu_fifo_read>:
10006288:	b538      	push	{r3, r4, r5, lr}
1000628a:	4604      	mov	r4, r0
1000628c:	6900      	ldr	r0, [r0, #16]
1000628e:	460d      	mov	r5, r1
10006290:	b118      	cbz	r0, 1000629a <tu_fifo_read+0x12>
10006292:	f04f 31ff 	mov.w	r1, #4294967295	@ 0xffffffff
10006296:	f000 fadf 	bl	10006858 <__mutex_enter_timeout_ms_veneer>
1000629a:	8921      	ldrh	r1, [r4, #8]
1000629c:	8963      	ldrh	r3, [r4, #10]
1000629e:	b289      	uxth	r1, r1
100062a0:	b29b      	uxth	r3, r3
100062a2:	88a2      	ldrh	r2, [r4, #4]
100062a4:	4299      	cmp	r1, r3
100062a6:	bf36      	itet	cc
100062a8:	ebc3 0042 	rsbcc	r0, r3, r2, lsl #1
100062ac:	1ac8      	subcs	r0, r1, r3
100062ae:	1840      	addcc	r0, r0, r1
100062b0:	b280      	uxth	r0, r0
100062b2:	b350      	cbz	r0, 1000630a <tu_fifo_read+0x82>
100062b4:	4282      	cmp	r2, r0
100062b6:	d209      	bcs.n	100062cc <tu_fifo_read+0x44>
100062b8:	4291      	cmp	r1, r2
100062ba:	bf2c      	ite	cs
100062bc:	1a89      	subcs	r1, r1, r2
100062be:	1889      	addcc	r1, r1, r2
100062c0:	b28b      	uxth	r3, r1
100062c2:	429a      	cmp	r2, r3
100062c4:	8163      	strh	r3, [r4, #10]
100062c6:	d803      	bhi.n	100062d0 <tu_fifo_read+0x48>
100062c8:	1a9b      	subs	r3, r3, r2
100062ca:	b29b      	uxth	r3, r3
100062cc:	429a      	cmp	r2, r3
100062ce:	d9fb      	bls.n	100062c8 <tu_fifo_read+0x40>
100062d0:	88e2      	ldrh	r2, [r4, #6]
100062d2:	6821      	ldr	r1, [r4, #0]
100062d4:	f3c2 020e 	ubfx	r2, r2, #0, #15
100062d8:	fb02 1103 	mla	r1, r2, r3, r1
100062dc:	4628      	mov	r0, r5
100062de:	f000 fa11 	bl	10006704 <memcpy>
100062e2:	8961      	ldrh	r1, [r4, #10]
100062e4:	2501      	movs	r5, #1
100062e6:	b289      	uxth	r1, r1
100062e8:	1c4b      	adds	r3, r1, #1
100062ea:	b29b      	uxth	r3, r3
100062ec:	4299      	cmp	r1, r3
100062ee:	88a2      	ldrh	r2, [r4, #4]
100062f0:	d90e      	bls.n	10006310 <tu_fifo_read+0x88>
100062f2:	2300      	movs	r3, #0
100062f4:	fa02 f105 	lsl.w	r1, r2, r5
100062f8:	1a5b      	subs	r3, r3, r1
100062fa:	b29b      	uxth	r3, r3
100062fc:	6920      	ldr	r0, [r4, #16]
100062fe:	8163      	strh	r3, [r4, #10]
10006300:	b108      	cbz	r0, 10006306 <tu_fifo_read+0x7e>
10006302:	f000 fab5 	bl	10006870 <__mutex_exit_veneer>
10006306:	4628      	mov	r0, r5
10006308:	bd38      	pop	{r3, r4, r5, pc}
1000630a:	4605      	mov	r5, r0
1000630c:	8963      	ldrh	r3, [r4, #10]
1000630e:	b29b      	uxth	r3, r3
10006310:	ebb3 0f42 	cmp.w	r3, r2, lsl #1
10006314:	ea4f 0142 	mov.w	r1, r2, lsl #1
10006318:	dbf0      	blt.n	100062fc <tu_fifo_read+0x74>
1000631a:	e7ed      	b.n	100062f8 <tu_fifo_read+0x70>

1000631c <tu_fifo_read_n>:
1000631c:	e92d 47f0 	stmdb	sp!, {r4, r5, r6, r7, r8, r9, sl, lr}
10006320:	4606      	mov	r6, r0
10006322:	6900      	ldr	r0, [r0, #16]
10006324:	4688      	mov	r8, r1
10006326:	4691      	mov	r9, r2
10006328:	b118      	cbz	r0, 10006332 <tu_fifo_read_n+0x16>
1000632a:	f04f 31ff 	mov.w	r1, #4294967295	@ 0xffffffff
1000632e:	f000 fa93 	bl	10006858 <__mutex_enter_timeout_ms_veneer>
10006332:	8933      	ldrh	r3, [r6, #8]
10006334:	8974      	ldrh	r4, [r6, #10]
10006336:	b29b      	uxth	r3, r3
10006338:	b2a4      	uxth	r4, r4
1000633a:	88b5      	ldrh	r5, [r6, #4]
1000633c:	42a3      	cmp	r3, r4
1000633e:	bf36      	itet	cc
10006340:	ebc4 0745 	rsbcc	r7, r4, r5, lsl #1
10006344:	1b1f      	subcs	r7, r3, r4
10006346:	18ff      	addcc	r7, r7, r3
10006348:	b2bf      	uxth	r7, r7
1000634a:	2f00      	cmp	r7, #0
1000634c:	d04a      	beq.n	100063e4 <tu_fifo_read_n+0xc8>
1000634e:	42bd      	cmp	r5, r7
10006350:	d340      	bcc.n	100063d4 <tu_fifo_read_n+0xb8>
10006352:	45b9      	cmp	r9, r7
10006354:	bf28      	it	cs
10006356:	46b9      	movcs	r9, r7
10006358:	42a5      	cmp	r5, r4
1000635a:	fa1f f789 	uxth.w	r7, r9
1000635e:	d803      	bhi.n	10006368 <tu_fifo_read_n+0x4c>
10006360:	1b64      	subs	r4, r4, r5
10006362:	b2a4      	uxth	r4, r4
10006364:	42a5      	cmp	r5, r4
10006366:	d9fb      	bls.n	10006360 <tu_fifo_read_n+0x44>
10006368:	f8b6 a006 	ldrh.w	sl, [r6, #6]
1000636c:	1b2b      	subs	r3, r5, r4
1000636e:	6831      	ldr	r1, [r6, #0]
10006370:	b29b      	uxth	r3, r3
10006372:	f3ca 020e 	ubfx	r2, sl, #0, #15
10006376:	429f      	cmp	r7, r3
10006378:	4692      	mov	sl, r2
1000637a:	fb02 1104 	mla	r1, r2, r4, r1
1000637e:	d923      	bls.n	100063c8 <tu_fifo_read_n+0xac>
10006380:	fb13 f302 	smulbb	r3, r3, r2
10006384:	fa1f f983 	uxth.w	r9, r3
10006388:	464a      	mov	r2, r9
1000638a:	4640      	mov	r0, r8
1000638c:	1b7d      	subs	r5, r7, r5
1000638e:	f000 f9b9 	bl	10006704 <memcpy>
10006392:	1962      	adds	r2, r4, r5
10006394:	fb12 f20a 	smulbb	r2, r2, sl
10006398:	6831      	ldr	r1, [r6, #0]
1000639a:	eb08 0009 	add.w	r0, r8, r9
1000639e:	b292      	uxth	r2, r2
100063a0:	f000 f9b0 	bl	10006704 <memcpy>
100063a4:	8972      	ldrh	r2, [r6, #10]
100063a6:	88b5      	ldrh	r5, [r6, #4]
100063a8:	b292      	uxth	r2, r2
100063aa:	19d3      	adds	r3, r2, r7
100063ac:	b29b      	uxth	r3, r3
100063ae:	429a      	cmp	r2, r3
100063b0:	d91a      	bls.n	100063e8 <tu_fifo_read_n+0xcc>
100063b2:	006a      	lsls	r2, r5, #1
100063b4:	1a9b      	subs	r3, r3, r2
100063b6:	b29b      	uxth	r3, r3
100063b8:	6930      	ldr	r0, [r6, #16]
100063ba:	8173      	strh	r3, [r6, #10]
100063bc:	b108      	cbz	r0, 100063c2 <tu_fifo_read_n+0xa6>
100063be:	f000 fa57 	bl	10006870 <__mutex_exit_veneer>
100063c2:	4638      	mov	r0, r7
100063c4:	e8bd 87f0 	ldmia.w	sp!, {r4, r5, r6, r7, r8, r9, sl, pc}
100063c8:	4640      	mov	r0, r8
100063ca:	fb07 f202 	mul.w	r2, r7, r2
100063ce:	f000 f999 	bl	10006704 <memcpy>
100063d2:	e7e7      	b.n	100063a4 <tu_fifo_read_n+0x88>
100063d4:	42ab      	cmp	r3, r5
100063d6:	bf2c      	ite	cs
100063d8:	1b5b      	subcs	r3, r3, r5
100063da:	195b      	addcc	r3, r3, r5
100063dc:	b29c      	uxth	r4, r3
100063de:	462f      	mov	r7, r5
100063e0:	8174      	strh	r4, [r6, #10]
100063e2:	e7b6      	b.n	10006352 <tu_fifo_read_n+0x36>
100063e4:	8973      	ldrh	r3, [r6, #10]
100063e6:	b29b      	uxth	r3, r3
100063e8:	ebb3 0f45 	cmp.w	r3, r5, lsl #1
100063ec:	ea4f 0245 	mov.w	r2, r5, lsl #1
100063f0:	dbe2      	blt.n	100063b8 <tu_fifo_read_n+0x9c>
100063f2:	e7df      	b.n	100063b4 <tu_fifo_read_n+0x98>

100063f4 <tu_fifo_write>:
100063f4:	b5f8      	push	{r3, r4, r5, r6, r7, lr}
100063f6:	4604      	mov	r4, r0
100063f8:	68c0      	ldr	r0, [r0, #12]
100063fa:	460e      	mov	r6, r1
100063fc:	b118      	cbz	r0, 10006406 <tu_fifo_write+0x12>
100063fe:	f04f 31ff 	mov.w	r1, #4294967295	@ 0xffffffff
10006402:	f000 fa29 	bl	10006858 <__mutex_enter_timeout_ms_veneer>
10006406:	8925      	ldrh	r5, [r4, #8]
10006408:	8923      	ldrh	r3, [r4, #8]
1000640a:	8961      	ldrh	r1, [r4, #10]
1000640c:	b29b      	uxth	r3, r3
1000640e:	b289      	uxth	r1, r1
10006410:	88a2      	ldrh	r2, [r4, #4]
10006412:	428b      	cmp	r3, r1
10006414:	bf36      	itet	cc
10006416:	ebc1 0142 	rsbcc	r1, r1, r2, lsl #1
1000641a:	1a5b      	subcs	r3, r3, r1
1000641c:	185b      	addcc	r3, r3, r1
1000641e:	b29b      	uxth	r3, r3
10006420:	429a      	cmp	r2, r3
10006422:	b2ad      	uxth	r5, r5
10006424:	d808      	bhi.n	10006438 <tu_fifo_write+0x44>
10006426:	79e7      	ldrb	r7, [r4, #7]
10006428:	09ff      	lsrs	r7, r7, #7
1000642a:	d105      	bne.n	10006438 <tu_fifo_write+0x44>
1000642c:	68e0      	ldr	r0, [r4, #12]
1000642e:	b108      	cbz	r0, 10006434 <tu_fifo_write+0x40>
10006430:	f000 fa1e 	bl	10006870 <__mutex_exit_veneer>
10006434:	4638      	mov	r0, r7
10006436:	bdf8      	pop	{r3, r4, r5, r6, r7, pc}
10006438:	4295      	cmp	r5, r2
1000643a:	bf28      	it	cs
1000643c:	462b      	movcs	r3, r5
1000643e:	d318      	bcc.n	10006472 <tu_fifo_write+0x7e>
10006440:	1a9b      	subs	r3, r3, r2
10006442:	b29b      	uxth	r3, r3
10006444:	4293      	cmp	r3, r2
10006446:	d2fb      	bcs.n	10006440 <tu_fifo_write+0x4c>
10006448:	88e2      	ldrh	r2, [r4, #6]
1000644a:	6820      	ldr	r0, [r4, #0]
1000644c:	f3c2 020e 	ubfx	r2, r2, #0, #15
10006450:	fb02 0003 	mla	r0, r2, r3, r0
10006454:	4631      	mov	r1, r6
10006456:	f000 f955 	bl	10006704 <memcpy>
1000645a:	1c6b      	adds	r3, r5, #1
1000645c:	b29b      	uxth	r3, r3
1000645e:	429d      	cmp	r5, r3
10006460:	88a2      	ldrh	r2, [r4, #4]
10006462:	d912      	bls.n	1000648a <tu_fifo_write+0x96>
10006464:	2300      	movs	r3, #0
10006466:	0051      	lsls	r1, r2, #1
10006468:	1a5b      	subs	r3, r3, r1
1000646a:	b29b      	uxth	r3, r3
1000646c:	2701      	movs	r7, #1
1000646e:	8123      	strh	r3, [r4, #8]
10006470:	e7dc      	b.n	1000642c <tu_fifo_write+0x38>
10006472:	88e2      	ldrh	r2, [r4, #6]
10006474:	6820      	ldr	r0, [r4, #0]
10006476:	f3c2 020e 	ubfx	r2, r2, #0, #15
1000647a:	fb05 0002 	mla	r0, r5, r2, r0
1000647e:	4631      	mov	r1, r6
10006480:	f000 f940 	bl	10006704 <memcpy>
10006484:	3501      	adds	r5, #1
10006486:	88a2      	ldrh	r2, [r4, #4]
10006488:	b2ab      	uxth	r3, r5
1000648a:	ebb3 0f42 	cmp.w	r3, r2, lsl #1
1000648e:	ea4f 0142 	mov.w	r1, r2, lsl #1
10006492:	dbeb      	blt.n	1000646c <tu_fifo_write+0x78>
10006494:	e7e8      	b.n	10006468 <tu_fifo_write+0x74>
10006496:	bf00      	nop

10006498 <tu_fifo_write_n>:
10006498:	e92d 4ff0 	stmdb	sp!, {r4, r5, r6, r7, r8, r9, sl, fp, lr}
1000649c:	4617      	mov	r7, r2
1000649e:	b083      	sub	sp, #12
100064a0:	2a00      	cmp	r2, #0
100064a2:	d075      	beq.n	10006590 <tu_fifo_write_n+0xf8>
100064a4:	4606      	mov	r6, r0
100064a6:	68c0      	ldr	r0, [r0, #12]
100064a8:	4689      	mov	r9, r1
100064aa:	b118      	cbz	r0, 100064b4 <tu_fifo_write_n+0x1c>
100064ac:	f04f 31ff 	mov.w	r1, #4294967295	@ 0xffffffff
100064b0:	f000 f9d2 	bl	10006858 <__mutex_enter_timeout_ms_veneer>
100064b4:	79f3      	ldrb	r3, [r6, #7]
100064b6:	f8b6 8008 	ldrh.w	r8, [r6, #8]
100064ba:	8972      	ldrh	r2, [r6, #10]
100064bc:	09db      	lsrs	r3, r3, #7
100064be:	88b5      	ldrh	r5, [r6, #4]
100064c0:	fa1f f888 	uxth.w	r8, r8
100064c4:	b292      	uxth	r2, r2
100064c6:	d13c      	bne.n	10006542 <tu_fifo_write_n+0xaa>
100064c8:	4590      	cmp	r8, r2
100064ca:	bf36      	itet	cc
100064cc:	ebc2 0245 	rsbcc	r2, r2, r5, lsl #1
100064d0:	eba8 0202 	subcs.w	r2, r8, r2
100064d4:	4442      	addcc	r2, r8
100064d6:	b292      	uxth	r2, r2
100064d8:	42aa      	cmp	r2, r5
100064da:	d25e      	bcs.n	1000659a <tu_fifo_write_n+0x102>
100064dc:	1aaa      	subs	r2, r5, r2
100064de:	b292      	uxth	r2, r2
100064e0:	42ba      	cmp	r2, r7
100064e2:	bf28      	it	cs
100064e4:	463a      	movcs	r2, r7
100064e6:	f8b6 b006 	ldrh.w	fp, [r6, #6]
100064ea:	b297      	uxth	r7, r2
100064ec:	1b7b      	subs	r3, r7, r5
100064ee:	eb08 0a07 	add.w	sl, r8, r7
100064f2:	f3cb 0b0e 	ubfx	fp, fp, #0, #15
100064f6:	b29b      	uxth	r3, r3
100064f8:	fa1f fa8a 	uxth.w	sl, sl
100064fc:	45a8      	cmp	r8, r5
100064fe:	4644      	mov	r4, r8
10006500:	d303      	bcc.n	1000650a <tu_fifo_write_n+0x72>
10006502:	1b64      	subs	r4, r4, r5
10006504:	b2a4      	uxth	r4, r4
10006506:	42ac      	cmp	r4, r5
10006508:	d2fb      	bcs.n	10006502 <tu_fifo_write_n+0x6a>
1000650a:	1b2d      	subs	r5, r5, r4
1000650c:	6830      	ldr	r0, [r6, #0]
1000650e:	b2ad      	uxth	r5, r5
10006510:	42bd      	cmp	r5, r7
10006512:	fb0b 0004 	mla	r0, fp, r4, r0
10006516:	d357      	bcc.n	100065c8 <tu_fifo_write_n+0x130>
10006518:	4649      	mov	r1, r9
1000651a:	fb0b f207 	mul.w	r2, fp, r7
1000651e:	f000 f8f1 	bl	10006704 <memcpy>
10006522:	88b2      	ldrh	r2, [r6, #4]
10006524:	45d0      	cmp	r8, sl
10006526:	ea4f 0342 	mov.w	r3, r2, lsl #1
1000652a:	d802      	bhi.n	10006532 <tu_fifo_write_n+0x9a>
1000652c:	ebba 0f42 	cmp.w	sl, r2, lsl #1
10006530:	db03      	blt.n	1000653a <tu_fifo_write_n+0xa2>
10006532:	ebaa 0303 	sub.w	r3, sl, r3
10006536:	fa1f fa83 	uxth.w	sl, r3
1000653a:	463d      	mov	r5, r7
1000653c:	f8a6 a008 	strh.w	sl, [r6, #8]
10006540:	e02c      	b.n	1000659c <tu_fifo_write_n+0x104>
10006542:	f8b6 b006 	ldrh.w	fp, [r6, #6]
10006546:	42af      	cmp	r7, r5
10006548:	f3cb 0b0e 	ubfx	fp, fp, #0, #15
1000654c:	d22f      	bcs.n	100065ae <tu_fifo_write_n+0x116>
1000654e:	4590      	cmp	r8, r2
10006550:	bf36      	itet	cc
10006552:	ebc2 0145 	rsbcc	r1, r2, r5, lsl #1
10006556:	eba8 0102 	subcs.w	r1, r8, r2
1000655a:	4441      	addcc	r1, r8
1000655c:	b289      	uxth	r1, r1
1000655e:	0068      	lsls	r0, r5, #1
10006560:	4439      	add	r1, r7
10006562:	1b7b      	subs	r3, r7, r5
10006564:	4281      	cmp	r1, r0
10006566:	b29b      	uxth	r3, r3
10006568:	db0d      	blt.n	10006586 <tu_fifo_write_n+0xee>
1000656a:	eb02 0a05 	add.w	sl, r2, r5
1000656e:	fa1f fa8a 	uxth.w	sl, sl
10006572:	ebaa 0807 	sub.w	r8, sl, r7
10006576:	fa1f f888 	uxth.w	r8, r8
1000657a:	4542      	cmp	r2, r8
1000657c:	d937      	bls.n	100065ee <tu_fifo_write_n+0x156>
1000657e:	eba8 0000 	sub.w	r0, r8, r0
10006582:	fa1f f880 	uxth.w	r8, r0
10006586:	eb07 0a08 	add.w	sl, r7, r8
1000658a:	fa1f fa8a 	uxth.w	sl, sl
1000658e:	e7b5      	b.n	100064fc <tu_fifo_write_n+0x64>
10006590:	4615      	mov	r5, r2
10006592:	4628      	mov	r0, r5
10006594:	b003      	add	sp, #12
10006596:	e8bd 8ff0 	ldmia.w	sp!, {r4, r5, r6, r7, r8, r9, sl, fp, pc}
1000659a:	2500      	movs	r5, #0
1000659c:	68f0      	ldr	r0, [r6, #12]
1000659e:	2800      	cmp	r0, #0
100065a0:	d0f7      	beq.n	10006592 <tu_fifo_write_n+0xfa>
100065a2:	f000 f965 	bl	10006870 <__mutex_exit_veneer>
100065a6:	4628      	mov	r0, r5
100065a8:	b003      	add	sp, #12
100065aa:	e8bd 8ff0 	ldmia.w	sp!, {r4, r5, r6, r7, r8, r9, sl, fp, pc}
100065ae:	2d00      	cmp	r5, #0
100065b0:	d0f4      	beq.n	1000659c <tu_fifo_write_n+0x104>
100065b2:	1b7f      	subs	r7, r7, r5
100065b4:	eb02 0a05 	add.w	sl, r2, r5
100065b8:	fb0b 9907 	mla	r9, fp, r7, r9
100065bc:	4690      	mov	r8, r2
100065be:	462f      	mov	r7, r5
100065c0:	2300      	movs	r3, #0
100065c2:	fa1f fa8a 	uxth.w	sl, sl
100065c6:	e799      	b.n	100064fc <tu_fifo_write_n+0x64>
100065c8:	fb15 f50b 	smulbb	r5, r5, fp
100065cc:	b2ad      	uxth	r5, r5
100065ce:	462a      	mov	r2, r5
100065d0:	4649      	mov	r1, r9
100065d2:	9301      	str	r3, [sp, #4]
100065d4:	f000 f896 	bl	10006704 <memcpy>
100065d8:	9b01      	ldr	r3, [sp, #4]
100065da:	6830      	ldr	r0, [r6, #0]
100065dc:	18e2      	adds	r2, r4, r3
100065de:	fb12 f20b 	smulbb	r2, r2, fp
100065e2:	eb09 0105 	add.w	r1, r9, r5
100065e6:	b292      	uxth	r2, r2
100065e8:	f000 f88c 	bl	10006704 <memcpy>
100065ec:	e799      	b.n	10006522 <tu_fifo_write_n+0x8a>
100065ee:	4540      	cmp	r0, r8
100065f0:	dc84      	bgt.n	100064fc <tu_fifo_write_n+0x64>
100065f2:	e7c4      	b.n	1000657e <tu_fifo_write_n+0xe6>

100065f4 <tu_fifo_clear>:
100065f4:	b510      	push	{r4, lr}
100065f6:	4604      	mov	r4, r0
100065f8:	68c0      	ldr	r0, [r0, #12]
100065fa:	b118      	cbz	r0, 10006604 <tu_fifo_clear+0x10>
100065fc:	f04f 31ff 	mov.w	r1, #4294967295	@ 0xffffffff
10006600:	f000 f92a 	bl	10006858 <__mutex_enter_timeout_ms_veneer>
10006604:	6920      	ldr	r0, [r4, #16]
10006606:	b118      	cbz	r0, 10006610 <tu_fifo_clear+0x1c>
10006608:	f04f 31ff 	mov.w	r1, #4294967295	@ 0xffffffff
1000660c:	f000 f924 	bl	10006858 <__mutex_enter_timeout_ms_veneer>
10006610:	2300      	movs	r3, #0
10006612:	68e0      	ldr	r0, [r4, #12]
10006614:	8163      	strh	r3, [r4, #10]
10006616:	8123      	strh	r3, [r4, #8]
10006618:	b108      	cbz	r0, 1000661e <tu_fifo_clear+0x2a>
1000661a:	f000 f929 	bl	10006870 <__mutex_exit_veneer>
1000661e:	6920      	ldr	r0, [r4, #16]
10006620:	b108      	cbz	r0, 10006626 <tu_fifo_clear+0x32>
10006622:	f000 f925 	bl	10006870 <__mutex_exit_veneer>
10006626:	2001      	movs	r0, #1
10006628:	bd10      	pop	{r4, pc}
1000662a:	bf00      	nop

1000662c <tu_fifo_set_overwritable>:
1000662c:	b538      	push	{r3, r4, r5, lr}
1000662e:	4604      	mov	r4, r0
10006630:	68c0      	ldr	r0, [r0, #12]
10006632:	460d      	mov	r5, r1
10006634:	b118      	cbz	r0, 1000663e <tu_fifo_set_overwritable+0x12>
10006636:	f04f 31ff 	mov.w	r1, #4294967295	@ 0xffffffff
1000663a:	f000 f90d 	bl	10006858 <__mutex_enter_timeout_ms_veneer>
1000663e:	6920      	ldr	r0, [r4, #16]
10006640:	b118      	cbz	r0, 1000664a <tu_fifo_set_overwritable+0x1e>
10006642:	f04f 31ff 	mov.w	r1, #4294967295	@ 0xffffffff
10006646:	f000 f907 	bl	10006858 <__mutex_enter_timeout_ms_veneer>
1000664a:	79e3      	ldrb	r3, [r4, #7]
1000664c:	68e0      	ldr	r0, [r4, #12]
1000664e:	f365 13c7 	bfi	r3, r5, #7, #1
10006652:	71e3      	strb	r3, [r4, #7]
10006654:	b108      	cbz	r0, 1000665a <tu_fifo_set_overwritable+0x2e>
10006656:	f000 f90b 	bl	10006870 <__mutex_exit_veneer>
1000665a:	6920      	ldr	r0, [r4, #16]
1000665c:	b108      	cbz	r0, 10006662 <tu_fifo_set_overwritable+0x36>
1000665e:	f000 f907 	bl	10006870 <__mutex_exit_veneer>
10006662:	2001      	movs	r0, #1
10006664:	bd38      	pop	{r3, r4, r5, pc}
10006666:	bf00      	nop

10006668 <memset>:
10006668:	0783      	lsls	r3, r0, #30
1000666a:	b530      	push	{r4, r5, lr}
1000666c:	d046      	beq.n	100066fc <memset+0x94>
1000666e:	1884      	adds	r4, r0, r2
10006670:	4684      	mov	ip, r0
10006672:	e004      	b.n	1000667e <memset+0x16>
10006674:	f803 1b01 	strb.w	r1, [r3], #1
10006678:	079d      	lsls	r5, r3, #30
1000667a:	d004      	beq.n	10006686 <memset+0x1e>
1000667c:	469c      	mov	ip, r3
1000667e:	45a4      	cmp	ip, r4
10006680:	4663      	mov	r3, ip
10006682:	d1f7      	bne.n	10006674 <memset+0xc>
10006684:	bd30      	pop	{r4, r5, pc}
10006686:	3a01      	subs	r2, #1
10006688:	4402      	add	r2, r0
1000668a:	eba2 020c 	sub.w	r2, r2, ip
1000668e:	2a03      	cmp	r2, #3
10006690:	d929      	bls.n	100066e6 <memset+0x7e>
10006692:	b2cc      	uxtb	r4, r1
10006694:	2a0f      	cmp	r2, #15
10006696:	eb04 2404 	add.w	r4, r4, r4, lsl #8
1000669a:	eb04 4404 	add.w	r4, r4, r4, lsl #16
1000669e:	d92f      	bls.n	10006700 <memset+0x98>
100066a0:	f1a2 0c10 	sub.w	ip, r2, #16
100066a4:	f103 0510 	add.w	r5, r3, #16
100066a8:	f02c 0c0f 	bic.w	ip, ip, #15
100066ac:	44ac      	add	ip, r5
100066ae:	e9c3 4400 	strd	r4, r4, [r3]
100066b2:	e9c3 4402 	strd	r4, r4, [r3, #8]
100066b6:	3310      	adds	r3, #16
100066b8:	4563      	cmp	r3, ip
100066ba:	d1f8      	bne.n	100066ae <memset+0x46>
100066bc:	f012 0f0c 	tst.w	r2, #12
100066c0:	f002 0e0f 	and.w	lr, r2, #15
100066c4:	d018      	beq.n	100066f8 <memset+0x90>
100066c6:	f02e 0c03 	bic.w	ip, lr, #3
100066ca:	f1ae 0504 	sub.w	r5, lr, #4
100066ce:	461a      	mov	r2, r3
100066d0:	449c      	add	ip, r3
100066d2:	f842 4b04 	str.w	r4, [r2], #4
100066d6:	4562      	cmp	r2, ip
100066d8:	d1fb      	bne.n	100066d2 <memset+0x6a>
100066da:	f025 0403 	bic.w	r4, r5, #3
100066de:	3304      	adds	r3, #4
100066e0:	f00e 0203 	and.w	r2, lr, #3
100066e4:	4423      	add	r3, r4
100066e6:	2a00      	cmp	r2, #0
100066e8:	d0cc      	beq.n	10006684 <memset+0x1c>
100066ea:	b2c9      	uxtb	r1, r1
100066ec:	441a      	add	r2, r3
100066ee:	f803 1b01 	strb.w	r1, [r3], #1
100066f2:	4293      	cmp	r3, r2
100066f4:	d1fb      	bne.n	100066ee <memset+0x86>
100066f6:	bd30      	pop	{r4, r5, pc}
100066f8:	4672      	mov	r2, lr
100066fa:	e7f4      	b.n	100066e6 <memset+0x7e>
100066fc:	4603      	mov	r3, r0
100066fe:	e7c6      	b.n	1000668e <memset+0x26>
10006700:	4696      	mov	lr, r2
10006702:	e7e0      	b.n	100066c6 <memset+0x5e>

10006704 <memcpy>:
10006704:	4684      	mov	ip, r0
10006706:	ea41 0300 	orr.w	r3, r1, r0
1000670a:	f013 0303 	ands.w	r3, r3, #3
1000670e:	d149      	bne.n	100067a4 <memcpy+0xa0>
10006710:	3a40      	subs	r2, #64	@ 0x40
10006712:	d323      	bcc.n	1000675c <memcpy+0x58>
10006714:	680b      	ldr	r3, [r1, #0]
10006716:	6003      	str	r3, [r0, #0]
10006718:	684b      	ldr	r3, [r1, #4]
1000671a:	6043      	str	r3, [r0, #4]
1000671c:	688b      	ldr	r3, [r1, #8]
1000671e:	6083      	str	r3, [r0, #8]
10006720:	68cb      	ldr	r3, [r1, #12]
10006722:	60c3      	str	r3, [r0, #12]
10006724:	690b      	ldr	r3, [r1, #16]
10006726:	6103      	str	r3, [r0, #16]
10006728:	694b      	ldr	r3, [r1, #20]
1000672a:	6143      	str	r3, [r0, #20]
1000672c:	698b      	ldr	r3, [r1, #24]
1000672e:	6183      	str	r3, [r0, #24]
10006730:	69cb      	ldr	r3, [r1, #28]
10006732:	61c3      	str	r3, [r0, #28]
10006734:	6a0b      	ldr	r3, [r1, #32]
10006736:	6203      	str	r3, [r0, #32]
10006738:	6a4b      	ldr	r3, [r1, #36]	@ 0x24
1000673a:	6243      	str	r3, [r0, #36]	@ 0x24
1000673c:	6a8b      	ldr	r3, [r1, #40]	@ 0x28
1000673e:	6283      	str	r3, [r0, #40]	@ 0x28
10006740:	6acb      	ldr	r3, [r1, #44]	@ 0x2c
10006742:	62c3      	str	r3, [r0, #44]	@ 0x2c
10006744:	6b0b      	ldr	r3, [r1, #48]	@ 0x30
10006746:	6303      	str	r3, [r0, #48]	@ 0x30
10006748:	6b4b      	ldr	r3, [r1, #52]	@ 0x34
1000674a:	6343      	str	r3, [r0, #52]	@ 0x34
1000674c:	6b8b      	ldr	r3, [r1, #56]	@ 0x38
1000674e:	6383      	str	r3, [r0, #56]	@ 0x38
10006750:	6bcb      	ldr	r3, [r1, #60]	@ 0x3c
10006752:	63c3      	str	r3, [r0, #60]	@ 0x3c
10006754:	3040      	adds	r0, #64	@ 0x40
10006756:	3140      	adds	r1, #64	@ 0x40
10006758:	3a40      	subs	r2, #64	@ 0x40
1000675a:	d2db      	bcs.n	10006714 <memcpy+0x10>
1000675c:	3230      	adds	r2, #48	@ 0x30
1000675e:	d30b      	bcc.n	10006778 <memcpy+0x74>
10006760:	680b      	ldr	r3, [r1, #0]
10006762:	6003      	str	r3, [r0, #0]
10006764:	684b      	ldr	r3, [r1, #4]
10006766:	6043      	str	r3, [r0, #4]
10006768:	688b      	ldr	r3, [r1, #8]
1000676a:	6083      	str	r3, [r0, #8]
1000676c:	68cb      	ldr	r3, [r1, #12]
1000676e:	60c3      	str	r3, [r0, #12]
10006770:	3010      	adds	r0, #16
10006772:	3110      	adds	r1, #16
10006774:	3a10      	subs	r2, #16
10006776:	d2f3      	bcs.n	10006760 <memcpy+0x5c>
10006778:	320c      	adds	r2, #12
1000677a:	d305      	bcc.n	10006788 <memcpy+0x84>
1000677c:	f851 3b04 	ldr.w	r3, [r1], #4
10006780:	f840 3b04 	str.w	r3, [r0], #4
10006784:	3a04      	subs	r2, #4
10006786:	d2f9      	bcs.n	1000677c <memcpy+0x78>
10006788:	3204      	adds	r2, #4
1000678a:	d008      	beq.n	1000679e <memcpy+0x9a>
1000678c:	07d2      	lsls	r2, r2, #31
1000678e:	bf1c      	itt	ne
10006790:	f811 3b01 	ldrbne.w	r3, [r1], #1
10006794:	f800 3b01 	strbne.w	r3, [r0], #1
10006798:	d301      	bcc.n	1000679e <memcpy+0x9a>
1000679a:	880b      	ldrh	r3, [r1, #0]
1000679c:	8003      	strh	r3, [r0, #0]
1000679e:	4660      	mov	r0, ip
100067a0:	4770      	bx	lr
100067a2:	bf00      	nop
100067a4:	2a08      	cmp	r2, #8
100067a6:	d313      	bcc.n	100067d0 <memcpy+0xcc>
100067a8:	078b      	lsls	r3, r1, #30
100067aa:	d0b1      	beq.n	10006710 <memcpy+0xc>
100067ac:	f010 0303 	ands.w	r3, r0, #3
100067b0:	d0ae      	beq.n	10006710 <memcpy+0xc>
100067b2:	f1c3 0304 	rsb	r3, r3, #4
100067b6:	1ad2      	subs	r2, r2, r3
100067b8:	07db      	lsls	r3, r3, #31
100067ba:	bf1c      	itt	ne
100067bc:	f811 3b01 	ldrbne.w	r3, [r1], #1
100067c0:	f800 3b01 	strbne.w	r3, [r0], #1
100067c4:	d3a4      	bcc.n	10006710 <memcpy+0xc>
100067c6:	f831 3b02 	ldrh.w	r3, [r1], #2
100067ca:	f820 3b02 	strh.w	r3, [r0], #2
100067ce:	e79f      	b.n	10006710 <memcpy+0xc>
100067d0:	3a04      	subs	r2, #4
100067d2:	d3d9      	bcc.n	10006788 <memcpy+0x84>
100067d4:	3a01      	subs	r2, #1
100067d6:	f811 3b01 	ldrb.w	r3, [r1], #1
100067da:	f800 3b01 	strb.w	r3, [r0], #1
100067de:	d2f9      	bcs.n	100067d4 <memcpy+0xd0>
100067e0:	780b      	ldrb	r3, [r1, #0]
100067e2:	7003      	strb	r3, [r0, #0]
100067e4:	784b      	ldrb	r3, [r1, #1]
100067e6:	7043      	strb	r3, [r0, #1]
100067e8:	788b      	ldrb	r3, [r1, #2]
100067ea:	7083      	strb	r3, [r0, #2]
100067ec:	4660      	mov	r0, ip
100067ee:	4770      	bx	lr

100067f0 <strlen>:
100067f0:	f020 0103 	bic.w	r1, r0, #3
100067f4:	f010 0003 	ands.w	r0, r0, #3
100067f8:	f1c0 0000 	rsb	r0, r0, #0
100067fc:	f851 3b04 	ldr.w	r3, [r1], #4
10006800:	f100 0c04 	add.w	ip, r0, #4
10006804:	ea4f 0ccc 	mov.w	ip, ip, lsl #3
10006808:	f06f 0200 	mvn.w	r2, #0
1000680c:	bf1c      	itt	ne
1000680e:	fa22 f20c 	lsrne.w	r2, r2, ip
10006812:	4313      	orrne	r3, r2
10006814:	f04f 0c01 	mov.w	ip, #1
10006818:	ea4c 2c0c 	orr.w	ip, ip, ip, lsl #8
1000681c:	ea4c 4c0c 	orr.w	ip, ip, ip, lsl #16
10006820:	eba3 020c 	sub.w	r2, r3, ip
10006824:	ea22 0203 	bic.w	r2, r2, r3
10006828:	ea12 12cc 	ands.w	r2, r2, ip, lsl #7
1000682c:	bf04      	itt	eq
1000682e:	f851 3b04 	ldreq.w	r3, [r1], #4
10006832:	3004      	addeq	r0, #4
10006834:	d0f4      	beq.n	10006820 <strlen+0x30>
10006836:	f1c2 0100 	rsb	r1, r2, #0
1000683a:	ea02 0201 	and.w	r2, r2, r1
1000683e:	fab2 f282 	clz	r2, r2
10006842:	f1c2 021f 	rsb	r2, r2, #31
10006846:	eb00 00d2 	add.w	r0, r0, r2, lsr #3
1000684a:	4770      	bx	lr

1000684c <_fini>:
1000684c:	b5f8      	push	{r3, r4, r5, r6, r7, lr}
1000684e:	bf00      	nop

10006850 <__reset_non_control_endpoints_veneer>:
10006850:	f85f f000 	ldr.w	pc, [pc]	@ 10006854 <__reset_non_control_endpoints_veneer+0x4>
10006854:	200002a9 	.word	0x200002a9

10006858 <__mutex_enter_timeout_ms_veneer>:
10006858:	f85f f000 	ldr.w	pc, [pc]	@ 1000685c <__mutex_enter_timeout_ms_veneer+0x4>
1000685c:	20000235 	.word	0x20000235

10006860 <__hw_endpoint_start_next_buffer_veneer>:
10006860:	f85f f000 	ldr.w	pc, [pc]	@ 10006864 <__hw_endpoint_start_next_buffer_veneer+0x4>
10006864:	20000b0d 	.word	0x20000b0d

10006868 <____aeabi_uldivmod_veneer>:
10006868:	f85f f000 	ldr.w	pc, [pc]	@ 1000686c <____aeabi_uldivmod_veneer+0x4>
1000686c:	20000dd1 	.word	0x20000dd1

10006870 <__mutex_exit_veneer>:
10006870:	f85f f000 	ldr.w	pc, [pc]	@ 10006874 <__mutex_exit_veneer+0x4>
10006874:	2000026d 	.word	0x2000026d

10006878 <___hw_endpoint_buffer_control_update32_veneer>:
10006878:	f85f f000 	ldr.w	pc, [pc]	@ 1000687c <___hw_endpoint_buffer_control_update32_veneer+0x4>
1000687c:	20000ac9 	.word	0x20000ac9

10006880 <__mutex_try_enter_block_until_veneer>:
10006880:	f85f f000 	ldr.w	pc, [pc]	@ 10006884 <__mutex_try_enter_block_until_veneer+0x4>
10006884:	200001cd 	.word	0x200001cd

10006888 <__e15_is_bulkin_ep_veneer>:
10006888:	f85f f000 	ldr.w	pc, [pc]	@ 1000688c <__e15_is_bulkin_ep_veneer+0x4>
1000688c:	20000a6d 	.word	0x20000a6d

10006890 <__e15_is_critical_frame_period_veneer>:
10006890:	f85f f000 	ldr.w	pc, [pc]	@ 10006894 <__e15_is_critical_frame_period_veneer+0x4>
10006894:	20000a95 	.word	0x20000a95

10006898 <__mutex_try_enter_veneer>:
10006898:	f85f f000 	ldr.w	pc, [pc]	@ 1000689c <__mutex_try_enter_veneer+0x4>
1000689c:	20000111 	.word	0x20000111

100068a0 <__pre_init_runtime_init_bootrom_reset>:
100068a0:	10001e49                                I...

100068a4 <__pre_init_runtime_init_early_resets>:
100068a4:	10001dbd                                ....

100068a8 <__pre_init_runtime_init_usb_power_down>:
100068a8:	10001df1                                ....

100068ac <__pre_init_runtime_init_clocks>:
100068ac:	10001edd                                ....

100068b0 <__pre_init_runtime_init_post_clock_resets>:
100068b0:	10001e29                                )...

100068b4 <__pre_init_runtime_init_boot_locks_reset>:
100068b4:	10001d41                                A...

100068b8 <__pre_init_runtime_init_spin_locks_reset>:
100068b8:	10001e71                                q...

100068bc <__pre_init_runtime_init_bootrom_locking_enable>:
100068bc:	10001d2d                                -...

100068c0 <__pre_init_runtime_init_mutex>:
100068c0:	1000103d                                =...

100068c4 <__pre_init_runtime_init_install_ram_vector_table>:
100068c4:	10001e75                                u...

100068c8 <__pre_init_runtime_init_default_alarm_pool>:
100068c8:	10001401                                ....

100068cc <__pre_init_first_per_core_initializer>:
100068cc:	10001d8d                                ....

100068d0 <__pre_init_runtime_init_per_core_bootrom_reset>:
100068d0:	10001e5d                                ]...

100068d4 <__pre_init_runtime_init_per_core_enable_coprocessors>:
100068d4:	10001e0d                                ....

100068d8 <__pre_init_spinlock_set_extexclall>:
100068d8:	10000a25                                %...

100068dc <__pre_init_runtime_init_per_core_irq_priorities>:
100068dc:	10000a4d                                M...

100068e0 <__init_array_start>:
100068e0:	100044fd 	.word	0x100044fd

100068e4 <__frame_dummy_init_array_entry>:
100068e4:	10000211                                ....

Disassembly of section .data:

20000110 <mutex_try_enter>:
20000110:	4603      	mov	r3, r0
20000112:	b500      	push	{lr}
20000114:	6802      	ldr	r2, [r0, #0]
20000116:	f3ef 8c10 	mrs	ip, PRIMASK
2000011a:	b672      	cpsid	i
2000011c:	e8d2 efcf 	ldaexb	lr, [r2]
20000120:	2001      	movs	r0, #1
20000122:	f1be 0f00 	cmp.w	lr, #0
20000126:	d1f9      	bne.n	2000011c <mutex_try_enter+0xc>
20000128:	e8c2 0f4e 	strexb	lr, r0, [r2]
2000012c:	f1be 0f00 	cmp.w	lr, #0
20000130:	d1f4      	bne.n	2000011c <mutex_try_enter+0xc>
20000132:	f3bf 8f5f 	dmb	sy
20000136:	f993 2004 	ldrsb.w	r2, [r3, #4]
2000013a:	2a00      	cmp	r2, #0
2000013c:	db0a      	blt.n	20000154 <mutex_try_enter+0x44>
2000013e:	b101      	cbz	r1, 20000142 <mutex_try_enter+0x32>
20000140:	600a      	str	r2, [r1, #0]
20000142:	2000      	movs	r0, #0
20000144:	2200      	movs	r2, #0
20000146:	681b      	ldr	r3, [r3, #0]
20000148:	e8c3 2f8f 	stlb	r2, [r3]
2000014c:	f38c 8810 	msr	PRIMASK, ip
20000150:	f85d fb04 	ldr.w	pc, [sp], #4
20000154:	f04f 4250 	mov.w	r2, #3489660928	@ 0xd0000000
20000158:	6812      	ldr	r2, [r2, #0]
2000015a:	2001      	movs	r0, #1
2000015c:	711a      	strb	r2, [r3, #4]
2000015e:	e7f1      	b.n	20000144 <mutex_try_enter+0x34>

20000160 <mutex_enter_block_until>:
20000160:	f04f 4150 	mov.w	r1, #3489660928	@ 0xd0000000
20000164:	e92d 41f0 	stmdb	sp!, {r4, r5, r6, r7, r8, lr}
20000168:	2700      	movs	r7, #0
2000016a:	4604      	mov	r4, r0
2000016c:	4616      	mov	r6, r2
2000016e:	461d      	mov	r5, r3
20000170:	f8d1 8000 	ldr.w	r8, [r1]
20000174:	e008      	b.n	20000188 <mutex_enter_block_until+0x28>
20000176:	e8c1 7f8f 	stlb	r7, [r1]
2000017a:	f38c 8810 	msr	PRIMASK, ip
2000017e:	4630      	mov	r0, r6
20000180:	4629      	mov	r1, r5
20000182:	f000 fff5 	bl	20001170 <__best_effort_wfe_or_timeout_veneer>
20000186:	b9e8      	cbnz	r0, 200001c4 <mutex_enter_block_until+0x64>
20000188:	6821      	ldr	r1, [r4, #0]
2000018a:	f3ef 8c10 	mrs	ip, PRIMASK
2000018e:	b672      	cpsid	i
20000190:	e8d1 2fcf 	ldaexb	r2, [r1]
20000194:	2301      	movs	r3, #1
20000196:	2a00      	cmp	r2, #0
20000198:	d1fa      	bne.n	20000190 <mutex_enter_block_until+0x30>
2000019a:	e8c1 3f42 	strexb	r2, r3, [r1]
2000019e:	2a00      	cmp	r2, #0
200001a0:	d1f6      	bne.n	20000190 <mutex_enter_block_until+0x30>
200001a2:	f3bf 8f5f 	dmb	sy
200001a6:	f994 3004 	ldrsb.w	r3, [r4, #4]
200001aa:	6821      	ldr	r1, [r4, #0]
200001ac:	2b00      	cmp	r3, #0
200001ae:	dae2      	bge.n	20000176 <mutex_enter_block_until+0x16>
200001b0:	2300      	movs	r3, #0
200001b2:	f884 8004 	strb.w	r8, [r4, #4]
200001b6:	e8c1 3f8f 	stlb	r3, [r1]
200001ba:	f38c 8810 	msr	PRIMASK, ip
200001be:	2001      	movs	r0, #1
200001c0:	e8bd 81f0 	ldmia.w	sp!, {r4, r5, r6, r7, r8, pc}
200001c4:	2000      	movs	r0, #0
200001c6:	e8bd 81f0 	ldmia.w	sp!, {r4, r5, r6, r7, r8, pc}
200001ca:	bf00      	nop

200001cc <mutex_try_enter_block_until>:
200001cc:	b530      	push	{r4, r5, lr}
200001ce:	6804      	ldr	r4, [r0, #0]
200001d0:	f3ef 8c10 	mrs	ip, PRIMASK
200001d4:	b672      	cpsid	i
200001d6:	e8d4 efcf 	ldaexb	lr, [r4]
200001da:	2501      	movs	r5, #1
200001dc:	f1be 0f00 	cmp.w	lr, #0
200001e0:	d1f9      	bne.n	200001d6 <mutex_try_enter_block_until+0xa>
200001e2:	e8c4 5f4e 	strexb	lr, r5, [r4]
200001e6:	f1be 0f00 	cmp.w	lr, #0
200001ea:	d1f4      	bne.n	200001d6 <mutex_try_enter_block_until+0xa>
200001ec:	f3bf 8f5f 	dmb	sy
200001f0:	f990 4004 	ldrsb.w	r4, [r0, #4]
200001f4:	6805      	ldr	r5, [r0, #0]
200001f6:	2c00      	cmp	r4, #0
200001f8:	db10      	blt.n	2000021c <mutex_try_enter_block_until+0x50>
200001fa:	2100      	movs	r1, #0
200001fc:	e8c5 1f8f 	stlb	r1, [r5]
20000200:	f38c 8810 	msr	PRIMASK, ip
20000204:	f04f 4550 	mov.w	r5, #3489660928	@ 0xd0000000
20000208:	f995 5000 	ldrsb.w	r5, [r5]
2000020c:	42a5      	cmp	r5, r4
2000020e:	d101      	bne.n	20000214 <mutex_try_enter_block_until+0x48>
20000210:	4608      	mov	r0, r1
20000212:	bd30      	pop	{r4, r5, pc}
20000214:	e8bd 4030 	ldmia.w	sp!, {r4, r5, lr}
20000218:	f7ff bfa2 	b.w	20000160 <mutex_enter_block_until>
2000021c:	f04f 4250 	mov.w	r2, #3489660928	@ 0xd0000000
20000220:	6812      	ldr	r2, [r2, #0]
20000222:	2300      	movs	r3, #0
20000224:	7102      	strb	r2, [r0, #4]
20000226:	e8c5 3f8f 	stlb	r3, [r5]
2000022a:	f38c 8810 	msr	PRIMASK, ip
2000022e:	2001      	movs	r0, #1
20000230:	bd30      	pop	{r4, r5, pc}
20000232:	bf00      	nop

20000234 <mutex_enter_timeout_ms>:
20000234:	b570      	push	{r4, r5, r6, lr}
20000236:	4605      	mov	r5, r0
20000238:	460c      	mov	r4, r1
2000023a:	f000 ff8d 	bl	20001158 <__time_us_64_veneer>
2000023e:	4602      	mov	r2, r0
20000240:	460b      	mov	r3, r1
20000242:	f44f 707a 	mov.w	r0, #1000	@ 0x3e8
20000246:	f04f 3eff 	mov.w	lr, #4294967295	@ 0xffffffff
2000024a:	f06f 4c00 	mvn.w	ip, #2147483648	@ 0x80000000
2000024e:	fbe4 2300 	umlal	r2, r3, r4, r0
20000252:	4596      	cmp	lr, r2
20000254:	eb7c 0103 	sbcs.w	r1, ip, r3
20000258:	bf38      	it	cc
2000025a:	4672      	movcc	r2, lr
2000025c:	4628      	mov	r0, r5
2000025e:	e8bd 4070 	ldmia.w	sp!, {r4, r5, r6, lr}
20000262:	bf38      	it	cc
20000264:	4663      	movcc	r3, ip
20000266:	f7ff bf7b 	b.w	20000160 <mutex_enter_block_until>
2000026a:	bf00      	nop

2000026c <mutex_exit>:
2000026c:	6803      	ldr	r3, [r0, #0]
2000026e:	f3ef 8210 	mrs	r2, PRIMASK
20000272:	b672      	cpsid	i
20000274:	e8d3 cfcf 	ldaexb	ip, [r3]
20000278:	2101      	movs	r1, #1
2000027a:	f1bc 0f00 	cmp.w	ip, #0
2000027e:	d1f9      	bne.n	20000274 <mutex_exit+0x8>
20000280:	e8c3 1f4c 	strexb	ip, r1, [r3]
20000284:	f1bc 0f00 	cmp.w	ip, #0
20000288:	d1f4      	bne.n	20000274 <mutex_exit+0x8>
2000028a:	f3bf 8f5f 	dmb	sy
2000028e:	f04f 0cff 	mov.w	ip, #255	@ 0xff
20000292:	2300      	movs	r3, #0
20000294:	6801      	ldr	r1, [r0, #0]
20000296:	f880 c004 	strb.w	ip, [r0, #4]
2000029a:	e8c1 3f8f 	stlb	r3, [r1]
2000029e:	f382 8810 	msr	PRIMASK, r2
200002a2:	bf40      	sev
200002a4:	4770      	bx	lr
200002a6:	bf00      	nop

200002a8 <reset_non_control_endpoints>:
200002a8:	2100      	movs	r1, #0
200002aa:	b508      	push	{r3, lr}
200002ac:	4b13      	ldr	r3, [pc, #76]	@ (200002fc <reset_non_control_endpoints+0x54>)
200002ae:	f44f 7270 	mov.w	r2, #960	@ 0x3c0
200002b2:	6099      	str	r1, [r3, #8]
200002b4:	4812      	ldr	r0, [pc, #72]	@ (20000300 <reset_non_control_endpoints+0x58>)
200002b6:	60d9      	str	r1, [r3, #12]
200002b8:	6119      	str	r1, [r3, #16]
200002ba:	6159      	str	r1, [r3, #20]
200002bc:	6199      	str	r1, [r3, #24]
200002be:	61d9      	str	r1, [r3, #28]
200002c0:	6219      	str	r1, [r3, #32]
200002c2:	6259      	str	r1, [r3, #36]	@ 0x24
200002c4:	6299      	str	r1, [r3, #40]	@ 0x28
200002c6:	62d9      	str	r1, [r3, #44]	@ 0x2c
200002c8:	6319      	str	r1, [r3, #48]	@ 0x30
200002ca:	6359      	str	r1, [r3, #52]	@ 0x34
200002cc:	6399      	str	r1, [r3, #56]	@ 0x38
200002ce:	63d9      	str	r1, [r3, #60]	@ 0x3c
200002d0:	6419      	str	r1, [r3, #64]	@ 0x40
200002d2:	6459      	str	r1, [r3, #68]	@ 0x44
200002d4:	6499      	str	r1, [r3, #72]	@ 0x48
200002d6:	64d9      	str	r1, [r3, #76]	@ 0x4c
200002d8:	6519      	str	r1, [r3, #80]	@ 0x50
200002da:	6559      	str	r1, [r3, #84]	@ 0x54
200002dc:	6599      	str	r1, [r3, #88]	@ 0x58
200002de:	65d9      	str	r1, [r3, #92]	@ 0x5c
200002e0:	6619      	str	r1, [r3, #96]	@ 0x60
200002e2:	6659      	str	r1, [r3, #100]	@ 0x64
200002e4:	6699      	str	r1, [r3, #104]	@ 0x68
200002e6:	66d9      	str	r1, [r3, #108]	@ 0x6c
200002e8:	6719      	str	r1, [r3, #112]	@ 0x70
200002ea:	6759      	str	r1, [r3, #116]	@ 0x74
200002ec:	6799      	str	r1, [r3, #120]	@ 0x78
200002ee:	67d9      	str	r1, [r3, #124]	@ 0x7c
200002f0:	f000 ff36 	bl	20001160 <__memset_veneer>
200002f4:	4b03      	ldr	r3, [pc, #12]	@ (20000304 <reset_non_control_endpoints+0x5c>)
200002f6:	4a04      	ldr	r2, [pc, #16]	@ (20000308 <reset_non_control_endpoints+0x60>)
200002f8:	601a      	str	r2, [r3, #0]
200002fa:	bd08      	pop	{r3, pc}
200002fc:	50100000 	.word	0x50100000
20000300:	20001a48 	.word	0x20001a48
20000304:	20001e14 	.word	0x20001e14
20000308:	50100180 	.word	0x50100180

2000030c <hw_handle_buff_status>:
2000030c:	e92d 4ff0 	stmdb	sp!, {r4, r5, r6, r7, r8, r9, sl, fp, lr}
20000310:	4b1f      	ldr	r3, [pc, #124]	@ (20000390 <hw_handle_buff_status+0x84>)
20000312:	b085      	sub	sp, #20
20000314:	f8d3 a058 	ldr.w	sl, [r3, #88]	@ 0x58
20000318:	f1ba 0f00 	cmp.w	sl, #0
2000031c:	d022      	beq.n	20000364 <hw_handle_buff_status+0x58>
2000031e:	2400      	movs	r4, #0
20000320:	2501      	movs	r5, #1
20000322:	f44f 69e0 	mov.w	r9, #1792	@ 0x700
20000326:	f8df 8070 	ldr.w	r8, [pc, #112]	@ 20000398 <hw_handle_buff_status+0x8c>
2000032a:	4f1a      	ldr	r7, [pc, #104]	@ (20000394 <hw_handle_buff_status+0x88>)
2000032c:	e001      	b.n	20000332 <hw_handle_buff_status+0x26>
2000032e:	2c20      	cmp	r4, #32
20000330:	d018      	beq.n	20000364 <hw_handle_buff_status+0x58>
20000332:	ea0a 0205 	and.w	r2, sl, r5
20000336:	1c61      	adds	r1, r4, #1
20000338:	4623      	mov	r3, r4
2000033a:	46ab      	mov	fp, r5
2000033c:	b2cc      	uxtb	r4, r1
2000033e:	006d      	lsls	r5, r5, #1
20000340:	2a00      	cmp	r2, #0
20000342:	d0f4      	beq.n	2000032e <hw_handle_buff_status+0x22>
20000344:	f004 0201 	and.w	r2, r4, #1
20000348:	f003 06fe 	and.w	r6, r3, #254	@ 0xfe
2000034c:	4416      	add	r6, r2
2000034e:	eb07 1646 	add.w	r6, r7, r6, lsl #5
20000352:	4630      	mov	r0, r6
20000354:	f8c8 b058 	str.w	fp, [r8, #88]	@ 0x58
20000358:	f000 fc0a 	bl	20000b70 <hw_endpoint_xfer_continue>
2000035c:	b928      	cbnz	r0, 2000036a <hw_handle_buff_status+0x5e>
2000035e:	ea3a 0a0b 	bics.w	sl, sl, fp
20000362:	d1e4      	bne.n	2000032e <hw_handle_buff_status+0x22>
20000364:	b005      	add	sp, #20
20000366:	e8bd 8ff0 	ldmia.w	sp!, {r4, r5, r6, r7, r8, r9, sl, fp, pc}
2000036a:	2300      	movs	r3, #0
2000036c:	f88d 3009 	strb.w	r3, [sp, #9]
20000370:	78b3      	ldrb	r3, [r6, #2]
20000372:	a801      	add	r0, sp, #4
20000374:	f88d 3008 	strb.w	r3, [sp, #8]
20000378:	8af3      	ldrh	r3, [r6, #22]
2000037a:	2101      	movs	r1, #1
2000037c:	f8ad 9004 	strh.w	r9, [sp, #4]
20000380:	9303      	str	r3, [sp, #12]
20000382:	f000 fc13 	bl	20000bac <dcd_event_handler>
20000386:	4630      	mov	r0, r6
20000388:	f000 fb98 	bl	20000abc <hw_endpoint_reset_transfer>
2000038c:	e7e7      	b.n	2000035e <hw_handle_buff_status+0x52>
2000038e:	bf00      	nop
20000390:	50110000 	.word	0x50110000
20000394:	20001a08 	.word	0x20001a08
20000398:	50113000 	.word	0x50113000

2000039c <dcd_rp2040_irq>:
2000039c:	b5f0      	push	{r4, r5, r6, r7, lr}
2000039e:	4bbb      	ldr	r3, [pc, #748]	@ (2000068c <dcd_rp2040_irq+0x2f0>)
200003a0:	b085      	sub	sp, #20
200003a2:	f8d3 5098 	ldr.w	r5, [r3, #152]	@ 0x98
200003a6:	f415 3600 	ands.w	r6, r5, #131072	@ 0x20000
200003aa:	d074      	beq.n	20000496 <dcd_rp2040_irq+0xfa>
200003ac:	4bb8      	ldr	r3, [pc, #736]	@ (20000690 <dcd_rp2040_irq+0x2f4>)
200003ae:	4cb9      	ldr	r4, [pc, #740]	@ (20000694 <dcd_rp2040_irq+0x2f8>)
200003b0:	6a99      	ldr	r1, [r3, #40]	@ 0x28
200003b2:	f894 303b 	ldrb.w	r3, [r4, #59]	@ 0x3b
200003b6:	4ab8      	ldr	r2, [pc, #736]	@ (20000698 <dcd_rp2040_irq+0x2fc>)
200003b8:	2b02      	cmp	r3, #2
200003ba:	6011      	str	r1, [r2, #0]
200003bc:	f000 80d4 	beq.w	20000568 <dcd_rp2040_irq+0x1cc>
200003c0:	2600      	movs	r6, #0
200003c2:	f894 307b 	ldrb.w	r3, [r4, #123]	@ 0x7b
200003c6:	2b02      	cmp	r3, #2
200003c8:	f000 813b 	beq.w	20000642 <dcd_rp2040_irq+0x2a6>
200003cc:	f894 30bb 	ldrb.w	r3, [r4, #187]	@ 0xbb
200003d0:	2b02      	cmp	r3, #2
200003d2:	f000 817d 	beq.w	200006d0 <dcd_rp2040_irq+0x334>
200003d6:	f894 30fb 	ldrb.w	r3, [r4, #251]	@ 0xfb
200003da:	2b02      	cmp	r3, #2
200003dc:	f000 816c 	beq.w	200006b8 <dcd_rp2040_irq+0x31c>
200003e0:	f894 313b 	ldrb.w	r3, [r4, #315]	@ 0x13b
200003e4:	2b02      	cmp	r3, #2
200003e6:	f000 8144 	beq.w	20000672 <dcd_rp2040_irq+0x2d6>
200003ea:	f894 317b 	ldrb.w	r3, [r4, #379]	@ 0x17b
200003ee:	2b02      	cmp	r3, #2
200003f0:	f000 8133 	beq.w	2000065a <dcd_rp2040_irq+0x2be>
200003f4:	f894 31bb 	ldrb.w	r3, [r4, #443]	@ 0x1bb
200003f8:	2b02      	cmp	r3, #2
200003fa:	f000 81b6 	beq.w	2000076a <dcd_rp2040_irq+0x3ce>
200003fe:	f894 31fb 	ldrb.w	r3, [r4, #507]	@ 0x1fb
20000402:	2b02      	cmp	r3, #2
20000404:	f000 81a6 	beq.w	20000754 <dcd_rp2040_irq+0x3b8>
20000408:	f894 323b 	ldrb.w	r3, [r4, #571]	@ 0x23b
2000040c:	2b02      	cmp	r3, #2
2000040e:	f000 8196 	beq.w	2000073e <dcd_rp2040_irq+0x3a2>
20000412:	f894 327b 	ldrb.w	r3, [r4, #635]	@ 0x27b
20000416:	2b02      	cmp	r3, #2
20000418:	f000 8186 	beq.w	20000728 <dcd_rp2040_irq+0x38c>
2000041c:	f894 32bb 	ldrb.w	r3, [r4, #699]	@ 0x2bb
20000420:	2b02      	cmp	r3, #2
20000422:	f000 8176 	beq.w	20000712 <dcd_rp2040_irq+0x376>
20000426:	f894 32fb 	ldrb.w	r3, [r4, #763]	@ 0x2fb
2000042a:	2b02      	cmp	r3, #2
2000042c:	f000 8166 	beq.w	200006fc <dcd_rp2040_irq+0x360>
20000430:	f894 333b 	ldrb.w	r3, [r4, #827]	@ 0x33b
20000434:	2b02      	cmp	r3, #2
20000436:	f000 8156 	beq.w	200006e6 <dcd_rp2040_irq+0x34a>
2000043a:	f894 337b 	ldrb.w	r3, [r4, #891]	@ 0x37b
2000043e:	2b02      	cmp	r3, #2
20000440:	f000 80a4 	beq.w	2000058c <dcd_rp2040_irq+0x1f0>
20000444:	f894 33bb 	ldrb.w	r3, [r4, #955]	@ 0x3bb
20000448:	2b02      	cmp	r3, #2
2000044a:	f000 8199 	beq.w	20000780 <dcd_rp2040_irq+0x3e4>
2000044e:	f894 33fb 	ldrb.w	r3, [r4, #1019]	@ 0x3fb
20000452:	2b02      	cmp	r3, #2
20000454:	f000 80b4 	beq.w	200005c0 <dcd_rp2040_irq+0x224>
20000458:	b93e      	cbnz	r6, 2000046a <dcd_rp2040_irq+0xce>
2000045a:	4b90      	ldr	r3, [pc, #576]	@ (2000069c <dcd_rp2040_irq+0x300>)
2000045c:	781b      	ldrb	r3, [r3, #0]
2000045e:	b923      	cbnz	r3, 2000046a <dcd_rp2040_irq+0xce>
20000460:	f44f 3200 	mov.w	r2, #131072	@ 0x20000
20000464:	4b8e      	ldr	r3, [pc, #568]	@ (200006a0 <dcd_rp2040_irq+0x304>)
20000466:	f8c3 2090 	str.w	r2, [r3, #144]	@ 0x90
2000046a:	f44f 7240 	mov.w	r2, #768	@ 0x300
2000046e:	4b87      	ldr	r3, [pc, #540]	@ (2000068c <dcd_rp2040_irq+0x2f0>)
20000470:	2101      	movs	r1, #1
20000472:	6c9b      	ldr	r3, [r3, #72]	@ 0x48
20000474:	a801      	add	r0, sp, #4
20000476:	f3c3 030a 	ubfx	r3, r3, #0, #11
2000047a:	f8ad 2004 	strh.w	r2, [sp, #4]
2000047e:	9302      	str	r3, [sp, #8]
20000480:	f000 fb94 	bl	20000bac <dcd_event_handler>
20000484:	06ea      	lsls	r2, r5, #27
20000486:	f44f 3600 	mov.w	r6, #131072	@ 0x20000
2000048a:	4c86      	ldr	r4, [pc, #536]	@ (200006a4 <dcd_rp2040_irq+0x308>)
2000048c:	d507      	bpl.n	2000049e <dcd_rp2040_irq+0x102>
2000048e:	f7ff ff3d 	bl	2000030c <hw_handle_buff_status>
20000492:	4626      	mov	r6, r4
20000494:	e003      	b.n	2000049e <dcd_rp2040_irq+0x102>
20000496:	06ea      	lsls	r2, r5, #27
20000498:	f04f 0410 	mov.w	r4, #16
2000049c:	d4f7      	bmi.n	2000048e <dcd_rp2040_irq+0xf2>
2000049e:	03eb      	lsls	r3, r5, #15
200004a0:	d522      	bpl.n	200004e8 <dcd_rp2040_irq+0x14c>
200004a2:	4c7c      	ldr	r4, [pc, #496]	@ (20000694 <dcd_rp2040_irq+0x2f8>)
200004a4:	f446 3680 	orr.w	r6, r6, #65536	@ 0x10000
200004a8:	7ea3      	ldrb	r3, [r4, #26]
200004aa:	2b00      	cmp	r3, #0
200004ac:	f040 8099 	bne.w	200005e2 <dcd_rp2040_irq+0x246>
200004b0:	2301      	movs	r3, #1
200004b2:	f894 203a 	ldrb.w	r2, [r4, #58]	@ 0x3a
200004b6:	70e3      	strb	r3, [r4, #3]
200004b8:	2a00      	cmp	r2, #0
200004ba:	f040 80ad 	bne.w	20000618 <dcd_rp2040_irq+0x27c>
200004be:	2301      	movs	r3, #1
200004c0:	f44f 61c0 	mov.w	r1, #1536	@ 0x600
200004c4:	4a78      	ldr	r2, [pc, #480]	@ (200006a8 <dcd_rp2040_irq+0x30c>)
200004c6:	f884 3023 	strb.w	r3, [r4, #35]	@ 0x23
200004ca:	f8ad 1004 	strh.w	r1, [sp, #4]
200004ce:	e892 0003 	ldmia.w	r2, {r0, r1}
200004d2:	aa04      	add	r2, sp, #16
200004d4:	e902 0003 	stmdb	r2, {r0, r1}
200004d8:	4619      	mov	r1, r3
200004da:	a801      	add	r0, sp, #4
200004dc:	f000 fb66 	bl	20000bac <dcd_event_handler>
200004e0:	f44f 3200 	mov.w	r2, #131072	@ 0x20000
200004e4:	4b6e      	ldr	r3, [pc, #440]	@ (200006a0 <dcd_rp2040_irq+0x304>)
200004e6:	651a      	str	r2, [r3, #80]	@ 0x50
200004e8:	04e9      	lsls	r1, r5, #19
200004ea:	d408      	bmi.n	200004fe <dcd_rp2040_irq+0x162>
200004ec:	046a      	lsls	r2, r5, #17
200004ee:	d41d      	bmi.n	2000052c <dcd_rp2040_irq+0x190>
200004f0:	042b      	lsls	r3, r5, #16
200004f2:	d42a      	bmi.n	2000054a <dcd_rp2040_irq+0x1ae>
200004f4:	42ae      	cmp	r6, r5
200004f6:	f040 81c5 	bne.w	20000884 <dcd_rp2040_irq+0x4e8>
200004fa:	b005      	add	sp, #20
200004fc:	bdf0      	pop	{r4, r5, r6, r7, pc}
200004fe:	2400      	movs	r4, #0
20000500:	4b62      	ldr	r3, [pc, #392]	@ (2000068c <dcd_rp2040_irq+0x2f0>)
20000502:	f446 5680 	orr.w	r6, r6, #4096	@ 0x1000
20000506:	601c      	str	r4, [r3, #0]
20000508:	f7ff fece 	bl	200002a8 <reset_non_control_endpoints>
2000050c:	f44f 7380 	mov.w	r3, #256	@ 0x100
20000510:	2101      	movs	r1, #1
20000512:	a801      	add	r0, sp, #4
20000514:	f8ad 3004 	strh.w	r3, [sp, #4]
20000518:	f88d 4008 	strb.w	r4, [sp, #8]
2000051c:	f000 fb46 	bl	20000bac <dcd_event_handler>
20000520:	f44f 2200 	mov.w	r2, #524288	@ 0x80000
20000524:	4b5e      	ldr	r3, [pc, #376]	@ (200006a0 <dcd_rp2040_irq+0x304>)
20000526:	651a      	str	r2, [r3, #80]	@ 0x50
20000528:	046a      	lsls	r2, r5, #17
2000052a:	d5e1      	bpl.n	200004f0 <dcd_rp2040_irq+0x154>
2000052c:	f44f 6380 	mov.w	r3, #1024	@ 0x400
20000530:	2101      	movs	r1, #1
20000532:	a801      	add	r0, sp, #4
20000534:	f8ad 3004 	strh.w	r3, [sp, #4]
20000538:	f000 fb38 	bl	20000bac <dcd_event_handler>
2000053c:	2210      	movs	r2, #16
2000053e:	4b58      	ldr	r3, [pc, #352]	@ (200006a0 <dcd_rp2040_irq+0x304>)
20000540:	f446 4680 	orr.w	r6, r6, #16384	@ 0x4000
20000544:	651a      	str	r2, [r3, #80]	@ 0x50
20000546:	042b      	lsls	r3, r5, #16
20000548:	d5d4      	bpl.n	200004f4 <dcd_rp2040_irq+0x158>
2000054a:	f44f 63a0 	mov.w	r3, #1280	@ 0x500
2000054e:	2101      	movs	r1, #1
20000550:	a801      	add	r0, sp, #4
20000552:	f8ad 3004 	strh.w	r3, [sp, #4]
20000556:	f000 fb29 	bl	20000bac <dcd_event_handler>
2000055a:	f44f 6200 	mov.w	r2, #2048	@ 0x800
2000055e:	4b50      	ldr	r3, [pc, #320]	@ (200006a0 <dcd_rp2040_irq+0x304>)
20000560:	f446 4600 	orr.w	r6, r6, #32768	@ 0x8000
20000564:	651a      	str	r2, [r3, #80]	@ 0x50
20000566:	e7c5      	b.n	200004f4 <dcd_rp2040_irq+0x158>
20000568:	f894 603a 	ldrb.w	r6, [r4, #58]	@ 0x3a
2000056c:	2e00      	cmp	r6, #0
2000056e:	f43f af28 	beq.w	200003c2 <dcd_rp2040_irq+0x26>
20000572:	f894 303c 	ldrb.w	r3, [r4, #60]	@ 0x3c
20000576:	2b00      	cmp	r3, #0
20000578:	f43f af23 	beq.w	200003c2 <dcd_rp2040_irq+0x26>
2000057c:	2300      	movs	r3, #0
2000057e:	f104 0020 	add.w	r0, r4, #32
20000582:	f884 303c 	strb.w	r3, [r4, #60]	@ 0x3c
20000586:	f000 fac1 	bl	20000b0c <hw_endpoint_start_next_buffer>
2000058a:	e71a      	b.n	200003c2 <dcd_rp2040_irq+0x26>
2000058c:	f894 737a 	ldrb.w	r7, [r4, #890]	@ 0x37a
20000590:	2f00      	cmp	r7, #0
20000592:	f43f af57 	beq.w	20000444 <dcd_rp2040_irq+0xa8>
20000596:	f894 337c 	ldrb.w	r3, [r4, #892]	@ 0x37c
2000059a:	2b00      	cmp	r3, #0
2000059c:	f040 8164 	bne.w	20000868 <dcd_rp2040_irq+0x4cc>
200005a0:	f894 33bb 	ldrb.w	r3, [r4, #955]	@ 0x3bb
200005a4:	2b02      	cmp	r3, #2
200005a6:	f040 80f4 	bne.w	20000792 <dcd_rp2040_irq+0x3f6>
200005aa:	f894 33ba 	ldrb.w	r3, [r4, #954]	@ 0x3ba
200005ae:	2b00      	cmp	r3, #0
200005b0:	f040 80eb 	bne.w	2000078a <dcd_rp2040_irq+0x3ee>
200005b4:	f894 33fb 	ldrb.w	r3, [r4, #1019]	@ 0x3fb
200005b8:	2b02      	cmp	r3, #2
200005ba:	f47f af56 	bne.w	2000046a <dcd_rp2040_irq+0xce>
200005be:	463e      	mov	r6, r7
200005c0:	f894 33fa 	ldrb.w	r3, [r4, #1018]	@ 0x3fa
200005c4:	2b00      	cmp	r3, #0
200005c6:	f43f af47 	beq.w	20000458 <dcd_rp2040_irq+0xbc>
200005ca:	f894 33fc 	ldrb.w	r3, [r4, #1020]	@ 0x3fc
200005ce:	2b00      	cmp	r3, #0
200005d0:	f43f af4b 	beq.w	2000046a <dcd_rp2040_irq+0xce>
200005d4:	2300      	movs	r3, #0
200005d6:	4835      	ldr	r0, [pc, #212]	@ (200006ac <dcd_rp2040_irq+0x310>)
200005d8:	f884 33fc 	strb.w	r3, [r4, #1020]	@ 0x3fc
200005dc:	f000 fa96 	bl	20000b0c <hw_endpoint_start_next_buffer>
200005e0:	e743      	b.n	2000046a <dcd_rp2040_irq+0xce>
200005e2:	2102      	movs	r1, #2
200005e4:	4b32      	ldr	r3, [pc, #200]	@ (200006b0 <dcd_rp2040_irq+0x314>)
200005e6:	4a29      	ldr	r2, [pc, #164]	@ (2000068c <dcd_rp2040_irq+0x2f0>)
200005e8:	6619      	str	r1, [r3, #96]	@ 0x60
200005ea:	6e53      	ldr	r3, [r2, #100]	@ 0x64
200005ec:	079f      	lsls	r7, r3, #30
200005ee:	d5fc      	bpl.n	200005ea <dcd_rp2040_irq+0x24e>
200005f0:	f44f 5240 	mov.w	r2, #12288	@ 0x3000
200005f4:	2100      	movs	r1, #0
200005f6:	4827      	ldr	r0, [pc, #156]	@ (20000694 <dcd_rp2040_irq+0x2f8>)
200005f8:	f000 fa66 	bl	20000ac8 <_hw_endpoint_buffer_control_update32>
200005fc:	4825      	ldr	r0, [pc, #148]	@ (20000694 <dcd_rp2040_irq+0x2f8>)
200005fe:	f000 fa5d 	bl	20000abc <hw_endpoint_reset_transfer>
20000602:	2202      	movs	r2, #2
20000604:	4b26      	ldr	r3, [pc, #152]	@ (200006a0 <dcd_rp2040_irq+0x304>)
20000606:	665a      	str	r2, [r3, #100]	@ 0x64
20000608:	661a      	str	r2, [r3, #96]	@ 0x60
2000060a:	2301      	movs	r3, #1
2000060c:	f894 203a 	ldrb.w	r2, [r4, #58]	@ 0x3a
20000610:	70e3      	strb	r3, [r4, #3]
20000612:	2a00      	cmp	r2, #0
20000614:	f43f af53 	beq.w	200004be <dcd_rp2040_irq+0x122>
20000618:	4a25      	ldr	r2, [pc, #148]	@ (200006b0 <dcd_rp2040_irq+0x314>)
2000061a:	6613      	str	r3, [r2, #96]	@ 0x60
2000061c:	f5a2 5200 	sub.w	r2, r2, #8192	@ 0x2000
20000620:	6e53      	ldr	r3, [r2, #100]	@ 0x64
20000622:	07d8      	lsls	r0, r3, #31
20000624:	d5fc      	bpl.n	20000620 <dcd_rp2040_irq+0x284>
20000626:	f44f 5240 	mov.w	r2, #12288	@ 0x3000
2000062a:	2100      	movs	r1, #0
2000062c:	4821      	ldr	r0, [pc, #132]	@ (200006b4 <dcd_rp2040_irq+0x318>)
2000062e:	f000 fa4b 	bl	20000ac8 <_hw_endpoint_buffer_control_update32>
20000632:	4820      	ldr	r0, [pc, #128]	@ (200006b4 <dcd_rp2040_irq+0x318>)
20000634:	f000 fa42 	bl	20000abc <hw_endpoint_reset_transfer>
20000638:	2201      	movs	r2, #1
2000063a:	4b19      	ldr	r3, [pc, #100]	@ (200006a0 <dcd_rp2040_irq+0x304>)
2000063c:	665a      	str	r2, [r3, #100]	@ 0x64
2000063e:	661a      	str	r2, [r3, #96]	@ 0x60
20000640:	e73d      	b.n	200004be <dcd_rp2040_irq+0x122>
20000642:	f894 707a 	ldrb.w	r7, [r4, #122]	@ 0x7a
20000646:	2f00      	cmp	r7, #0
20000648:	f43f aec0 	beq.w	200003cc <dcd_rp2040_irq+0x30>
2000064c:	f894 307c 	ldrb.w	r3, [r4, #124]	@ 0x7c
20000650:	2b00      	cmp	r3, #0
20000652:	f040 8101 	bne.w	20000858 <dcd_rp2040_irq+0x4bc>
20000656:	463e      	mov	r6, r7
20000658:	e6b8      	b.n	200003cc <dcd_rp2040_irq+0x30>
2000065a:	f894 717a 	ldrb.w	r7, [r4, #378]	@ 0x17a
2000065e:	2f00      	cmp	r7, #0
20000660:	f43f aec8 	beq.w	200003f4 <dcd_rp2040_irq+0x58>
20000664:	f894 317c 	ldrb.w	r3, [r4, #380]	@ 0x17c
20000668:	2b00      	cmp	r3, #0
2000066a:	f040 80ed 	bne.w	20000848 <dcd_rp2040_irq+0x4ac>
2000066e:	463e      	mov	r6, r7
20000670:	e6c0      	b.n	200003f4 <dcd_rp2040_irq+0x58>
20000672:	f894 713a 	ldrb.w	r7, [r4, #314]	@ 0x13a
20000676:	2f00      	cmp	r7, #0
20000678:	f43f aeb7 	beq.w	200003ea <dcd_rp2040_irq+0x4e>
2000067c:	f894 313c 	ldrb.w	r3, [r4, #316]	@ 0x13c
20000680:	2b00      	cmp	r3, #0
20000682:	f040 80d9 	bne.w	20000838 <dcd_rp2040_irq+0x49c>
20000686:	463e      	mov	r6, r7
20000688:	e6af      	b.n	200003ea <dcd_rp2040_irq+0x4e>
2000068a:	bf00      	nop
2000068c:	50110000 	.word	0x50110000
20000690:	400b0000 	.word	0x400b0000
20000694:	20001a08 	.word	0x20001a08
20000698:	20001a00 	.word	0x20001a00
2000069c:	20001eae 	.word	0x20001eae
200006a0:	50113000 	.word	0x50113000
200006a4:	00020010 	.word	0x00020010
200006a8:	50100000 	.word	0x50100000
200006ac:	20001de8 	.word	0x20001de8
200006b0:	50112000 	.word	0x50112000
200006b4:	20001a28 	.word	0x20001a28
200006b8:	f894 70fa 	ldrb.w	r7, [r4, #250]	@ 0xfa
200006bc:	2f00      	cmp	r7, #0
200006be:	f43f ae8f 	beq.w	200003e0 <dcd_rp2040_irq+0x44>
200006c2:	f894 30fc 	ldrb.w	r3, [r4, #252]	@ 0xfc
200006c6:	2b00      	cmp	r3, #0
200006c8:	f040 808e 	bne.w	200007e8 <dcd_rp2040_irq+0x44c>
200006cc:	463e      	mov	r6, r7
200006ce:	e687      	b.n	200003e0 <dcd_rp2040_irq+0x44>
200006d0:	f894 70ba 	ldrb.w	r7, [r4, #186]	@ 0xba
200006d4:	2f00      	cmp	r7, #0
200006d6:	f43f ae7e 	beq.w	200003d6 <dcd_rp2040_irq+0x3a>
200006da:	f894 30bc 	ldrb.w	r3, [r4, #188]	@ 0xbc
200006de:	2b00      	cmp	r3, #0
200006e0:	d17a      	bne.n	200007d8 <dcd_rp2040_irq+0x43c>
200006e2:	463e      	mov	r6, r7
200006e4:	e677      	b.n	200003d6 <dcd_rp2040_irq+0x3a>
200006e6:	f894 733a 	ldrb.w	r7, [r4, #826]	@ 0x33a
200006ea:	2f00      	cmp	r7, #0
200006ec:	f43f aea5 	beq.w	2000043a <dcd_rp2040_irq+0x9e>
200006f0:	f894 333c 	ldrb.w	r3, [r4, #828]	@ 0x33c
200006f4:	2b00      	cmp	r3, #0
200006f6:	d157      	bne.n	200007a8 <dcd_rp2040_irq+0x40c>
200006f8:	463e      	mov	r6, r7
200006fa:	e69e      	b.n	2000043a <dcd_rp2040_irq+0x9e>
200006fc:	f894 72fa 	ldrb.w	r7, [r4, #762]	@ 0x2fa
20000700:	2f00      	cmp	r7, #0
20000702:	f43f ae95 	beq.w	20000430 <dcd_rp2040_irq+0x94>
20000706:	f894 32fc 	ldrb.w	r3, [r4, #764]	@ 0x2fc
2000070a:	2b00      	cmp	r3, #0
2000070c:	d15c      	bne.n	200007c8 <dcd_rp2040_irq+0x42c>
2000070e:	463e      	mov	r6, r7
20000710:	e68e      	b.n	20000430 <dcd_rp2040_irq+0x94>
20000712:	f894 72ba 	ldrb.w	r7, [r4, #698]	@ 0x2ba
20000716:	2f00      	cmp	r7, #0
20000718:	f43f ae85 	beq.w	20000426 <dcd_rp2040_irq+0x8a>
2000071c:	f894 32bc 	ldrb.w	r3, [r4, #700]	@ 0x2bc
20000720:	2b00      	cmp	r3, #0
20000722:	d149      	bne.n	200007b8 <dcd_rp2040_irq+0x41c>
20000724:	463e      	mov	r6, r7
20000726:	e67e      	b.n	20000426 <dcd_rp2040_irq+0x8a>
20000728:	f894 727a 	ldrb.w	r7, [r4, #634]	@ 0x27a
2000072c:	2f00      	cmp	r7, #0
2000072e:	f43f ae75 	beq.w	2000041c <dcd_rp2040_irq+0x80>
20000732:	f894 327c 	ldrb.w	r3, [r4, #636]	@ 0x27c
20000736:	2b00      	cmp	r3, #0
20000738:	d176      	bne.n	20000828 <dcd_rp2040_irq+0x48c>
2000073a:	463e      	mov	r6, r7
2000073c:	e66e      	b.n	2000041c <dcd_rp2040_irq+0x80>
2000073e:	f894 723a 	ldrb.w	r7, [r4, #570]	@ 0x23a
20000742:	2f00      	cmp	r7, #0
20000744:	f43f ae65 	beq.w	20000412 <dcd_rp2040_irq+0x76>
20000748:	f894 323c 	ldrb.w	r3, [r4, #572]	@ 0x23c
2000074c:	2b00      	cmp	r3, #0
2000074e:	d163      	bne.n	20000818 <dcd_rp2040_irq+0x47c>
20000750:	463e      	mov	r6, r7
20000752:	e65e      	b.n	20000412 <dcd_rp2040_irq+0x76>
20000754:	f894 71fa 	ldrb.w	r7, [r4, #506]	@ 0x1fa
20000758:	2f00      	cmp	r7, #0
2000075a:	f43f ae55 	beq.w	20000408 <dcd_rp2040_irq+0x6c>
2000075e:	f894 31fc 	ldrb.w	r3, [r4, #508]	@ 0x1fc
20000762:	2b00      	cmp	r3, #0
20000764:	d150      	bne.n	20000808 <dcd_rp2040_irq+0x46c>
20000766:	463e      	mov	r6, r7
20000768:	e64e      	b.n	20000408 <dcd_rp2040_irq+0x6c>
2000076a:	f894 71ba 	ldrb.w	r7, [r4, #442]	@ 0x1ba
2000076e:	2f00      	cmp	r7, #0
20000770:	f43f ae45 	beq.w	200003fe <dcd_rp2040_irq+0x62>
20000774:	f894 31bc 	ldrb.w	r3, [r4, #444]	@ 0x1bc
20000778:	2b00      	cmp	r3, #0
2000077a:	d13d      	bne.n	200007f8 <dcd_rp2040_irq+0x45c>
2000077c:	463e      	mov	r6, r7
2000077e:	e63e      	b.n	200003fe <dcd_rp2040_irq+0x62>
20000780:	f894 33ba 	ldrb.w	r3, [r4, #954]	@ 0x3ba
20000784:	2b00      	cmp	r3, #0
20000786:	f43f ae62 	beq.w	2000044e <dcd_rp2040_irq+0xb2>
2000078a:	f894 33bc 	ldrb.w	r3, [r4, #956]	@ 0x3bc
2000078e:	2b00      	cmp	r3, #0
20000790:	d171      	bne.n	20000876 <dcd_rp2040_irq+0x4da>
20000792:	f894 33fb 	ldrb.w	r3, [r4, #1019]	@ 0x3fb
20000796:	2b02      	cmp	r3, #2
20000798:	f47f ae67 	bne.w	2000046a <dcd_rp2040_irq+0xce>
2000079c:	f894 33fa 	ldrb.w	r3, [r4, #1018]	@ 0x3fa
200007a0:	2b00      	cmp	r3, #0
200007a2:	f43f ae62 	beq.w	2000046a <dcd_rp2040_irq+0xce>
200007a6:	e710      	b.n	200005ca <dcd_rp2040_irq+0x22e>
200007a8:	2300      	movs	r3, #0
200007aa:	4839      	ldr	r0, [pc, #228]	@ (20000890 <dcd_rp2040_irq+0x4f4>)
200007ac:	f884 333c 	strb.w	r3, [r4, #828]	@ 0x33c
200007b0:	463e      	mov	r6, r7
200007b2:	f000 f9ab 	bl	20000b0c <hw_endpoint_start_next_buffer>
200007b6:	e640      	b.n	2000043a <dcd_rp2040_irq+0x9e>
200007b8:	2300      	movs	r3, #0
200007ba:	4836      	ldr	r0, [pc, #216]	@ (20000894 <dcd_rp2040_irq+0x4f8>)
200007bc:	f884 32bc 	strb.w	r3, [r4, #700]	@ 0x2bc
200007c0:	463e      	mov	r6, r7
200007c2:	f000 f9a3 	bl	20000b0c <hw_endpoint_start_next_buffer>
200007c6:	e62e      	b.n	20000426 <dcd_rp2040_irq+0x8a>
200007c8:	2300      	movs	r3, #0
200007ca:	4833      	ldr	r0, [pc, #204]	@ (20000898 <dcd_rp2040_irq+0x4fc>)
200007cc:	f884 32fc 	strb.w	r3, [r4, #764]	@ 0x2fc
200007d0:	463e      	mov	r6, r7
200007d2:	f000 f99b 	bl	20000b0c <hw_endpoint_start_next_buffer>
200007d6:	e62b      	b.n	20000430 <dcd_rp2040_irq+0x94>
200007d8:	2300      	movs	r3, #0
200007da:	4830      	ldr	r0, [pc, #192]	@ (2000089c <dcd_rp2040_irq+0x500>)
200007dc:	f884 30bc 	strb.w	r3, [r4, #188]	@ 0xbc
200007e0:	463e      	mov	r6, r7
200007e2:	f000 f993 	bl	20000b0c <hw_endpoint_start_next_buffer>
200007e6:	e5f6      	b.n	200003d6 <dcd_rp2040_irq+0x3a>
200007e8:	2300      	movs	r3, #0
200007ea:	482d      	ldr	r0, [pc, #180]	@ (200008a0 <dcd_rp2040_irq+0x504>)
200007ec:	f884 30fc 	strb.w	r3, [r4, #252]	@ 0xfc
200007f0:	463e      	mov	r6, r7
200007f2:	f000 f98b 	bl	20000b0c <hw_endpoint_start_next_buffer>
200007f6:	e5f3      	b.n	200003e0 <dcd_rp2040_irq+0x44>
200007f8:	2300      	movs	r3, #0
200007fa:	482a      	ldr	r0, [pc, #168]	@ (200008a4 <dcd_rp2040_irq+0x508>)
200007fc:	f884 31bc 	strb.w	r3, [r4, #444]	@ 0x1bc
20000800:	463e      	mov	r6, r7
20000802:	f000 f983 	bl	20000b0c <hw_endpoint_start_next_buffer>
20000806:	e5fa      	b.n	200003fe <dcd_rp2040_irq+0x62>
20000808:	2300      	movs	r3, #0
2000080a:	4827      	ldr	r0, [pc, #156]	@ (200008a8 <dcd_rp2040_irq+0x50c>)
2000080c:	f884 31fc 	strb.w	r3, [r4, #508]	@ 0x1fc
20000810:	463e      	mov	r6, r7
20000812:	f000 f97b 	bl	20000b0c <hw_endpoint_start_next_buffer>
20000816:	e5f7      	b.n	20000408 <dcd_rp2040_irq+0x6c>
20000818:	2300      	movs	r3, #0
2000081a:	4824      	ldr	r0, [pc, #144]	@ (200008ac <dcd_rp2040_irq+0x510>)
2000081c:	f884 323c 	strb.w	r3, [r4, #572]	@ 0x23c
20000820:	463e      	mov	r6, r7
20000822:	f000 f973 	bl	20000b0c <hw_endpoint_start_next_buffer>
20000826:	e5f4      	b.n	20000412 <dcd_rp2040_irq+0x76>
20000828:	2300      	movs	r3, #0
2000082a:	4821      	ldr	r0, [pc, #132]	@ (200008b0 <dcd_rp2040_irq+0x514>)
2000082c:	f884 327c 	strb.w	r3, [r4, #636]	@ 0x27c
20000830:	463e      	mov	r6, r7
20000832:	f000 f96b 	bl	20000b0c <hw_endpoint_start_next_buffer>
20000836:	e5f1      	b.n	2000041c <dcd_rp2040_irq+0x80>
20000838:	2300      	movs	r3, #0
2000083a:	481e      	ldr	r0, [pc, #120]	@ (200008b4 <dcd_rp2040_irq+0x518>)
2000083c:	f884 313c 	strb.w	r3, [r4, #316]	@ 0x13c
20000840:	463e      	mov	r6, r7
20000842:	f000 f963 	bl	20000b0c <hw_endpoint_start_next_buffer>
20000846:	e5d0      	b.n	200003ea <dcd_rp2040_irq+0x4e>
20000848:	2300      	movs	r3, #0
2000084a:	481b      	ldr	r0, [pc, #108]	@ (200008b8 <dcd_rp2040_irq+0x51c>)
2000084c:	f884 317c 	strb.w	r3, [r4, #380]	@ 0x17c
20000850:	463e      	mov	r6, r7
20000852:	f000 f95b 	bl	20000b0c <hw_endpoint_start_next_buffer>
20000856:	e5cd      	b.n	200003f4 <dcd_rp2040_irq+0x58>
20000858:	2300      	movs	r3, #0
2000085a:	4818      	ldr	r0, [pc, #96]	@ (200008bc <dcd_rp2040_irq+0x520>)
2000085c:	f884 307c 	strb.w	r3, [r4, #124]	@ 0x7c
20000860:	463e      	mov	r6, r7
20000862:	f000 f953 	bl	20000b0c <hw_endpoint_start_next_buffer>
20000866:	e5b1      	b.n	200003cc <dcd_rp2040_irq+0x30>
20000868:	2300      	movs	r3, #0
2000086a:	4815      	ldr	r0, [pc, #84]	@ (200008c0 <dcd_rp2040_irq+0x524>)
2000086c:	f884 337c 	strb.w	r3, [r4, #892]	@ 0x37c
20000870:	f000 f94c 	bl	20000b0c <hw_endpoint_start_next_buffer>
20000874:	e694      	b.n	200005a0 <dcd_rp2040_irq+0x204>
20000876:	2300      	movs	r3, #0
20000878:	4812      	ldr	r0, [pc, #72]	@ (200008c4 <dcd_rp2040_irq+0x528>)
2000087a:	f884 33bc 	strb.w	r3, [r4, #956]	@ 0x3bc
2000087e:	f000 f945 	bl	20000b0c <hw_endpoint_start_next_buffer>
20000882:	e786      	b.n	20000792 <dcd_rp2040_irq+0x3f6>
20000884:	4810      	ldr	r0, [pc, #64]	@ (200008c8 <dcd_rp2040_irq+0x52c>)
20000886:	ea86 0105 	eor.w	r1, r6, r5
2000088a:	f000 fc6d 	bl	20001168 <__panic_veneer>
2000088e:	bf00      	nop
20000890:	20001d28 	.word	0x20001d28
20000894:	20001ca8 	.word	0x20001ca8
20000898:	20001ce8 	.word	0x20001ce8
2000089c:	20001aa8 	.word	0x20001aa8
200008a0:	20001ae8 	.word	0x20001ae8
200008a4:	20001ba8 	.word	0x20001ba8
200008a8:	20001be8 	.word	0x20001be8
200008ac:	20001c28 	.word	0x20001c28
200008b0:	20001c68 	.word	0x20001c68
200008b4:	20001b28 	.word	0x20001b28
200008b8:	20001b68 	.word	0x20001b68
200008bc:	20001a68 	.word	0x20001a68
200008c0:	20001d68 	.word	0x20001d68
200008c4:	20001da8 	.word	0x20001da8
200008c8:	10006ab0 	.word	0x10006ab0

200008cc <prepare_ep_buffer>:
200008cc:	e92d 47f0 	stmdb	sp!, {r4, r5, r6, r7, r8, r9, sl, lr}
200008d0:	8a84      	ldrh	r4, [r0, #20]
200008d2:	8b05      	ldrh	r5, [r0, #24]
200008d4:	78c2      	ldrb	r2, [r0, #3]
200008d6:	42a5      	cmp	r5, r4
200008d8:	bf28      	it	cs
200008da:	4625      	movcs	r5, r4
200008dc:	1e17      	subs	r7, r2, #0
200008de:	bf18      	it	ne
200008e0:	2701      	movne	r7, #1
200008e2:	1b64      	subs	r4, r4, r5
200008e4:	7846      	ldrb	r6, [r0, #1]
200008e6:	f082 0201 	eor.w	r2, r2, #1
200008ea:	b2a4      	uxth	r4, r4
200008ec:	4603      	mov	r3, r0
200008ee:	70c2      	strb	r2, [r0, #3]
200008f0:	8284      	strh	r4, [r0, #20]
200008f2:	f445 6080 	orr.w	r0, r5, #1024	@ 0x400
200008f6:	ea40 3047 	orr.w	r0, r0, r7, lsl #13
200008fa:	bba6      	cbnz	r6, 20000966 <prepare_ep_buffer+0x9a>
200008fc:	e9d3 2603 	ldrd	r2, r6, [r3, #12]
20000900:	1e6f      	subs	r7, r5, #1
20000902:	eb02 1e81 	add.w	lr, r2, r1, lsl #6
20000906:	b355      	cbz	r5, 2000095e <prepare_ep_buffer+0x92>
20000908:	2f05      	cmp	r7, #5
2000090a:	bf98      	it	ls
2000090c:	1c72      	addls	r2, r6, #1
2000090e:	d931      	bls.n	20000974 <prepare_ep_buffer+0xa8>
20000910:	eb02 1c81 	add.w	ip, r2, r1, lsl #6
20000914:	1c72      	adds	r2, r6, #1
20000916:	ebac 0402 	sub.w	r4, ip, r2
2000091a:	2c02      	cmp	r4, #2
2000091c:	d92a      	bls.n	20000974 <prepare_ep_buffer+0xa8>
2000091e:	4632      	mov	r2, r6
20000920:	ea4f 0995 	mov.w	r9, r5, lsr #2
20000924:	ea4f 0a89 	mov.w	sl, r9, lsl #2
20000928:	eb06 0889 	add.w	r8, r6, r9, lsl #2
2000092c:	f852 4b04 	ldr.w	r4, [r2], #4
20000930:	4542      	cmp	r2, r8
20000932:	f84c 4b04 	str.w	r4, [ip], #4
20000936:	d1f9      	bne.n	2000092c <prepare_ep_buffer+0x60>
20000938:	4555      	cmp	r5, sl
2000093a:	eba7 070a 	sub.w	r7, r7, sl
2000093e:	eb0e 040a 	add.w	r4, lr, sl
20000942:	d00a      	beq.n	2000095a <prepare_ep_buffer+0x8e>
20000944:	f816 6029 	ldrb.w	r6, [r6, r9, lsl #2]
20000948:	f80e 6029 	strb.w	r6, [lr, r9, lsl #2]
2000094c:	b12f      	cbz	r7, 2000095a <prepare_ep_buffer+0x8e>
2000094e:	7856      	ldrb	r6, [r2, #1]
20000950:	2f01      	cmp	r7, #1
20000952:	7066      	strb	r6, [r4, #1]
20000954:	d001      	beq.n	2000095a <prepare_ep_buffer+0x8e>
20000956:	7892      	ldrb	r2, [r2, #2]
20000958:	70a2      	strb	r2, [r4, #2]
2000095a:	691e      	ldr	r6, [r3, #16]
2000095c:	8a9c      	ldrh	r4, [r3, #20]
2000095e:	442e      	add	r6, r5
20000960:	611e      	str	r6, [r3, #16]
20000962:	f440 4000 	orr.w	r0, r0, #32768	@ 0x8000
20000966:	b90c      	cbnz	r4, 2000096c <prepare_ep_buffer+0xa0>
20000968:	f440 4080 	orr.w	r0, r0, #16384	@ 0x4000
2000096c:	b101      	cbz	r1, 20000970 <prepare_ep_buffer+0xa4>
2000096e:	0400      	lsls	r0, r0, #16
20000970:	e8bd 87f0 	ldmia.w	sp!, {r4, r5, r6, r7, r8, r9, sl, pc}
20000974:	f10e 3eff 	add.w	lr, lr, #4294967295	@ 0xffffffff
20000978:	442e      	add	r6, r5
2000097a:	e000      	b.n	2000097e <prepare_ep_buffer+0xb2>
2000097c:	3201      	adds	r2, #1
2000097e:	f812 4c01 	ldrb.w	r4, [r2, #-1]
20000982:	42b2      	cmp	r2, r6
20000984:	f80e 4f01 	strb.w	r4, [lr, #1]!
20000988:	d1f8      	bne.n	2000097c <prepare_ep_buffer+0xb0>
2000098a:	e7e6      	b.n	2000095a <prepare_ep_buffer+0x8e>

2000098c <sync_ep_buffer>:
2000098c:	6883      	ldr	r3, [r0, #8]
2000098e:	4602      	mov	r2, r0
20000990:	6818      	ldr	r0, [r3, #0]
20000992:	b101      	cbz	r1, 20000996 <sync_ep_buffer+0xa>
20000994:	0c00      	lsrs	r0, r0, #16
20000996:	7853      	ldrb	r3, [r2, #1]
20000998:	f3c0 0009 	ubfx	r0, r0, #0, #10
2000099c:	2b00      	cmp	r3, #0
2000099e:	d03c      	beq.n	20000a1a <sync_ep_buffer+0x8e>
200009a0:	e92d 41f0 	stmdb	sp!, {r4, r5, r6, r7, r8, lr}
200009a4:	e9d2 3403 	ldrd	r3, r4, [r2, #12]
200009a8:	1e46      	subs	r6, r0, #1
200009aa:	eb03 1e81 	add.w	lr, r3, r1, lsl #6
200009ae:	b340      	cbz	r0, 20000a02 <sync_ep_buffer+0x76>
200009b0:	2e05      	cmp	r6, #5
200009b2:	d93b      	bls.n	20000a2c <sync_ep_buffer+0xa0>
200009b4:	0189      	lsls	r1, r1, #6
200009b6:	1c4d      	adds	r5, r1, #1
200009b8:	441d      	add	r5, r3
200009ba:	1b65      	subs	r5, r4, r5
200009bc:	2d02      	cmp	r5, #2
200009be:	d935      	bls.n	20000a2c <sync_ep_buffer+0xa0>
200009c0:	4673      	mov	r3, lr
200009c2:	4621      	mov	r1, r4
200009c4:	f400 777f 	and.w	r7, r0, #1020	@ 0x3fc
200009c8:	ea4f 0890 	mov.w	r8, r0, lsr #2
200009cc:	18fd      	adds	r5, r7, r3
200009ce:	f853 cb04 	ldr.w	ip, [r3], #4
200009d2:	42ab      	cmp	r3, r5
200009d4:	f841 cb04 	str.w	ip, [r1], #4
200009d8:	d1f9      	bne.n	200009ce <sync_ep_buffer+0x42>
200009da:	42b8      	cmp	r0, r7
200009dc:	eba6 0607 	sub.w	r6, r6, r7
200009e0:	eb04 0307 	add.w	r3, r4, r7
200009e4:	eb0e 0107 	add.w	r1, lr, r7
200009e8:	d00a      	beq.n	20000a00 <sync_ep_buffer+0x74>
200009ea:	f81e 5028 	ldrb.w	r5, [lr, r8, lsl #2]
200009ee:	f804 5028 	strb.w	r5, [r4, r8, lsl #2]
200009f2:	b12e      	cbz	r6, 20000a00 <sync_ep_buffer+0x74>
200009f4:	784c      	ldrb	r4, [r1, #1]
200009f6:	2e01      	cmp	r6, #1
200009f8:	705c      	strb	r4, [r3, #1]
200009fa:	d001      	beq.n	20000a00 <sync_ep_buffer+0x74>
200009fc:	7889      	ldrb	r1, [r1, #2]
200009fe:	7099      	strb	r1, [r3, #2]
20000a00:	6914      	ldr	r4, [r2, #16]
20000a02:	8ad3      	ldrh	r3, [r2, #22]
20000a04:	4404      	add	r4, r0
20000a06:	4403      	add	r3, r0
20000a08:	82d3      	strh	r3, [r2, #22]
20000a0a:	8b13      	ldrh	r3, [r2, #24]
20000a0c:	6114      	str	r4, [r2, #16]
20000a0e:	4283      	cmp	r3, r0
20000a10:	bf84      	itt	hi
20000a12:	2300      	movhi	r3, #0
20000a14:	8293      	strhhi	r3, [r2, #20]
20000a16:	e8bd 81f0 	ldmia.w	sp!, {r4, r5, r6, r7, r8, pc}
20000a1a:	8ad3      	ldrh	r3, [r2, #22]
20000a1c:	4403      	add	r3, r0
20000a1e:	82d3      	strh	r3, [r2, #22]
20000a20:	8b13      	ldrh	r3, [r2, #24]
20000a22:	4283      	cmp	r3, r0
20000a24:	bf84      	itt	hi
20000a26:	2300      	movhi	r3, #0
20000a28:	8293      	strhhi	r3, [r2, #20]
20000a2a:	4770      	bx	lr
20000a2c:	3c01      	subs	r4, #1
20000a2e:	eb0e 0100 	add.w	r1, lr, r0
20000a32:	f81e 3b01 	ldrb.w	r3, [lr], #1
20000a36:	4571      	cmp	r1, lr
20000a38:	f804 3f01 	strb.w	r3, [r4, #1]!
20000a3c:	d1f9      	bne.n	20000a32 <sync_ep_buffer+0xa6>
20000a3e:	e7df      	b.n	20000a00 <sync_ep_buffer+0x74>

20000a40 <_hw_endpoint_xfer_sync>:
20000a40:	b510      	push	{r4, lr}
20000a42:	4604      	mov	r4, r0
20000a44:	6883      	ldr	r3, [r0, #8]
20000a46:	2100      	movs	r1, #0
20000a48:	681b      	ldr	r3, [r3, #0]
20000a4a:	f7ff ff9f 	bl	2000098c <sync_ep_buffer>
20000a4e:	6863      	ldr	r3, [r4, #4]
20000a50:	681b      	ldr	r3, [r3, #0]
20000a52:	005b      	lsls	r3, r3, #1
20000a54:	d502      	bpl.n	20000a5c <_hw_endpoint_xfer_sync+0x1c>
20000a56:	8b23      	ldrh	r3, [r4, #24]
20000a58:	4283      	cmp	r3, r0
20000a5a:	d000      	beq.n	20000a5e <_hw_endpoint_xfer_sync+0x1e>
20000a5c:	bd10      	pop	{r4, pc}
20000a5e:	4620      	mov	r0, r4
20000a60:	e8bd 4010 	ldmia.w	sp!, {r4, lr}
20000a64:	2101      	movs	r1, #1
20000a66:	f7ff bf91 	b.w	2000098c <sync_ep_buffer>
20000a6a:	bf00      	nop

20000a6c <e15_is_bulkin_ep>:
20000a6c:	4b08      	ldr	r3, [pc, #32]	@ (20000a90 <e15_is_bulkin_ep+0x24>)
20000a6e:	6c1b      	ldr	r3, [r3, #64]	@ 0x40
20000a70:	f013 0302 	ands.w	r3, r3, #2
20000a74:	d102      	bne.n	20000a7c <e15_is_bulkin_ep+0x10>
20000a76:	7882      	ldrb	r2, [r0, #2]
20000a78:	09d2      	lsrs	r2, r2, #7
20000a7a:	d101      	bne.n	20000a80 <e15_is_bulkin_ep+0x14>
20000a7c:	2000      	movs	r0, #0
20000a7e:	4770      	bx	lr
20000a80:	7ec0      	ldrb	r0, [r0, #27]
20000a82:	f1a0 0002 	sub.w	r0, r0, #2
20000a86:	fab0 f080 	clz	r0, r0
20000a8a:	0940      	lsrs	r0, r0, #5
20000a8c:	4770      	bx	lr
20000a8e:	bf00      	nop
20000a90:	50110000 	.word	0x50110000

20000a94 <e15_is_critical_frame_period>:
20000a94:	b508      	push	{r3, lr}
20000a96:	f7ff ffe9 	bl	20000a6c <e15_is_bulkin_ep>
20000a9a:	b150      	cbz	r0, 20000ab2 <e15_is_critical_frame_period+0x1e>
20000a9c:	4a05      	ldr	r2, [pc, #20]	@ (20000ab4 <e15_is_critical_frame_period+0x20>)
20000a9e:	4b06      	ldr	r3, [pc, #24]	@ (20000ab8 <e15_is_critical_frame_period+0x24>)
20000aa0:	6a90      	ldr	r0, [r2, #40]	@ 0x28
20000aa2:	681b      	ldr	r3, [r3, #0]
20000aa4:	f5a0 7048 	sub.w	r0, r0, #800	@ 0x320
20000aa8:	1ac0      	subs	r0, r0, r3
20000aaa:	28c6      	cmp	r0, #198	@ 0xc6
20000aac:	bf8c      	ite	hi
20000aae:	2000      	movhi	r0, #0
20000ab0:	2001      	movls	r0, #1
20000ab2:	bd08      	pop	{r3, pc}
20000ab4:	400b0000 	.word	0x400b0000
20000ab8:	20001a00 	.word	0x20001a00

20000abc <hw_endpoint_reset_transfer>:
20000abc:	2300      	movs	r3, #0
20000abe:	e9c0 3304 	strd	r3, r3, [r0, #16]
20000ac2:	7683      	strb	r3, [r0, #26]
20000ac4:	4770      	bx	lr
20000ac6:	bf00      	nop

20000ac8 <_hw_endpoint_buffer_control_update32>:
20000ac8:	b510      	push	{r4, lr}
20000aca:	6883      	ldr	r3, [r0, #8]
20000acc:	b109      	cbz	r1, 20000ad2 <_hw_endpoint_buffer_control_update32+0xa>
20000ace:	681c      	ldr	r4, [r3, #0]
20000ad0:	4021      	ands	r1, r4
20000ad2:	b182      	cbz	r2, 20000af6 <_hw_endpoint_buffer_control_update32+0x2e>
20000ad4:	4311      	orrs	r1, r2
20000ad6:	0552      	lsls	r2, r2, #21
20000ad8:	d50d      	bpl.n	20000af6 <_hw_endpoint_buffer_control_update32+0x2e>
20000ada:	681a      	ldr	r2, [r3, #0]
20000adc:	0554      	lsls	r4, r2, #21
20000ade:	d40c      	bmi.n	20000afa <_hw_endpoint_buffer_control_update32+0x32>
20000ae0:	4a08      	ldr	r2, [pc, #32]	@ (20000b04 <_hw_endpoint_buffer_control_update32+0x3c>)
20000ae2:	f421 6480 	bic.w	r4, r1, #1024	@ 0x400
20000ae6:	601c      	str	r4, [r3, #0]
20000ae8:	6c12      	ldr	r2, [r2, #64]	@ 0x40
20000aea:	0792      	lsls	r2, r2, #30
20000aec:	d403      	bmi.n	20000af6 <_hw_endpoint_buffer_control_update32+0x2e>
20000aee:	230c      	movs	r3, #12
20000af0:	3b03      	subs	r3, #3
20000af2:	d2fd      	bcs.n	20000af0 <_hw_endpoint_buffer_control_update32+0x28>
20000af4:	6883      	ldr	r3, [r0, #8]
20000af6:	6019      	str	r1, [r3, #0]
20000af8:	bd10      	pop	{r4, pc}
20000afa:	7881      	ldrb	r1, [r0, #2]
20000afc:	4802      	ldr	r0, [pc, #8]	@ (20000b08 <_hw_endpoint_buffer_control_update32+0x40>)
20000afe:	f000 fb33 	bl	20001168 <__panic_veneer>
20000b02:	bf00      	nop
20000b04:	50110000 	.word	0x50110000
20000b08:	10006ac4 	.word	0x10006ac4

20000b0c <hw_endpoint_start_next_buffer>:
20000b0c:	b530      	push	{r4, r5, lr}
20000b0e:	6843      	ldr	r3, [r0, #4]
20000b10:	2100      	movs	r1, #0
20000b12:	b083      	sub	sp, #12
20000b14:	4604      	mov	r4, r0
20000b16:	681d      	ldr	r5, [r3, #0]
20000b18:	f7ff fed8 	bl	200008cc <prepare_ep_buffer>
20000b1c:	4b13      	ldr	r3, [pc, #76]	@ (20000b6c <hw_endpoint_start_next_buffer+0x60>)
20000b1e:	f440 5280 	orr.w	r2, r0, #4096	@ 0x1000
20000b22:	6c19      	ldr	r1, [r3, #64]	@ 0x40
20000b24:	78a3      	ldrb	r3, [r4, #2]
20000b26:	0789      	lsls	r1, r1, #30
20000b28:	d50e      	bpl.n	20000b48 <hw_endpoint_start_next_buffer+0x3c>
20000b2a:	065b      	lsls	r3, r3, #25
20000b2c:	d00e      	beq.n	20000b4c <hw_endpoint_start_next_buffer+0x40>
20000b2e:	f025 45a0 	bic.w	r5, r5, #1342177280	@ 0x50000000
20000b32:	f045 5500 	orr.w	r5, r5, #536870912	@ 0x20000000
20000b36:	2100      	movs	r1, #0
20000b38:	4620      	mov	r0, r4
20000b3a:	6863      	ldr	r3, [r4, #4]
20000b3c:	601d      	str	r5, [r3, #0]
20000b3e:	b003      	add	sp, #12
20000b40:	e8bd 4030 	ldmia.w	sp!, {r4, r5, lr}
20000b44:	f7ff bfc0 	b.w	20000ac8 <_hw_endpoint_buffer_control_update32>
20000b48:	09db      	lsrs	r3, r3, #7
20000b4a:	d0f0      	beq.n	20000b2e <hw_endpoint_start_next_buffer+0x22>
20000b4c:	8aa3      	ldrh	r3, [r4, #20]
20000b4e:	2b00      	cmp	r3, #0
20000b50:	d0ed      	beq.n	20000b2e <hw_endpoint_start_next_buffer+0x22>
20000b52:	2101      	movs	r1, #1
20000b54:	4620      	mov	r0, r4
20000b56:	9201      	str	r2, [sp, #4]
20000b58:	f7ff feb8 	bl	200008cc <prepare_ep_buffer>
20000b5c:	9a01      	ldr	r2, [sp, #4]
20000b5e:	f025 5500 	bic.w	r5, r5, #536870912	@ 0x20000000
20000b62:	4302      	orrs	r2, r0
20000b64:	f045 45a0 	orr.w	r5, r5, #1342177280	@ 0x50000000
20000b68:	e7e5      	b.n	20000b36 <hw_endpoint_start_next_buffer+0x2a>
20000b6a:	bf00      	nop
20000b6c:	50110000 	.word	0x50110000

20000b70 <hw_endpoint_xfer_continue>:
20000b70:	b538      	push	{r3, r4, r5, lr}
20000b72:	7e85      	ldrb	r5, [r0, #26]
20000b74:	4604      	mov	r4, r0
20000b76:	b195      	cbz	r5, 20000b9e <hw_endpoint_xfer_continue+0x2e>
20000b78:	f7ff ff62 	bl	20000a40 <_hw_endpoint_xfer_sync>
20000b7c:	8aa3      	ldrh	r3, [r4, #20]
20000b7e:	b90b      	cbnz	r3, 20000b84 <hw_endpoint_xfer_continue+0x14>
20000b80:	4628      	mov	r0, r5
20000b82:	bd38      	pop	{r3, r4, r5, pc}
20000b84:	4620      	mov	r0, r4
20000b86:	f7ff ff85 	bl	20000a94 <e15_is_critical_frame_period>
20000b8a:	b120      	cbz	r0, 20000b96 <hw_endpoint_xfer_continue+0x26>
20000b8c:	2301      	movs	r3, #1
20000b8e:	7723      	strb	r3, [r4, #28]
20000b90:	2500      	movs	r5, #0
20000b92:	4628      	mov	r0, r5
20000b94:	bd38      	pop	{r3, r4, r5, pc}
20000b96:	4620      	mov	r0, r4
20000b98:	f7ff ffb8 	bl	20000b0c <hw_endpoint_start_next_buffer>
20000b9c:	e7f8      	b.n	20000b90 <hw_endpoint_xfer_continue+0x20>
20000b9e:	7881      	ldrb	r1, [r0, #2]
20000ba0:	4801      	ldr	r0, [pc, #4]	@ (20000ba8 <hw_endpoint_xfer_continue+0x38>)
20000ba2:	f000 fae1 	bl	20001168 <__panic_veneer>
20000ba6:	bf00      	nop
20000ba8:	10006ae4 	.word	0x10006ae4

20000bac <dcd_event_handler>:
20000bac:	e92d 43f0 	stmdb	sp!, {r4, r5, r6, r7, r8, r9, lr}
20000bb0:	7843      	ldrb	r3, [r0, #1]
20000bb2:	4681      	mov	r9, r0
20000bb4:	3b02      	subs	r3, #2
20000bb6:	460d      	mov	r5, r1
20000bb8:	b085      	sub	sp, #20
20000bba:	2b04      	cmp	r3, #4
20000bbc:	d813      	bhi.n	20000be6 <dcd_event_handler+0x3a>
20000bbe:	e8df f003 	tbb	[pc, r3]
20000bc2:	4a03      	.short	0x4a03
20000bc4:	736a      	.short	0x736a
20000bc6:	44          	.byte	0x44
20000bc7:	00          	.byte	0x00
20000bc8:	2100      	movs	r1, #0
20000bca:	4b7b      	ldr	r3, [pc, #492]	@ (20000db8 <dcd_event_handler+0x20c>)
20000bcc:	781a      	ldrb	r2, [r3, #0]
20000bce:	f022 0201 	bic.w	r2, r2, #1
20000bd2:	701a      	strb	r2, [r3, #0]
20000bd4:	781a      	ldrb	r2, [r3, #0]
20000bd6:	f022 0202 	bic.w	r2, r2, #2
20000bda:	701a      	strb	r2, [r3, #0]
20000bdc:	7059      	strb	r1, [r3, #1]
20000bde:	781a      	ldrb	r2, [r3, #0]
20000be0:	f361 0282 	bfi	r2, r1, #2, #1
20000be4:	701a      	strb	r2, [r3, #0]
20000be6:	4b75      	ldr	r3, [pc, #468]	@ (20000dbc <dcd_event_handler+0x210>)
20000be8:	681c      	ldr	r4, [r3, #0]
20000bea:	6963      	ldr	r3, [r4, #20]
20000bec:	f3ef 8210 	mrs	r2, PRIMASK
20000bf0:	b672      	cpsid	i
20000bf2:	e8d3 0fcf 	ldaexb	r0, [r3]
20000bf6:	2101      	movs	r1, #1
20000bf8:	2800      	cmp	r0, #0
20000bfa:	d1fa      	bne.n	20000bf2 <dcd_event_handler+0x46>
20000bfc:	e8c3 1f40 	strexb	r0, r1, [r3]
20000c00:	2800      	cmp	r0, #0
20000c02:	d1f6      	bne.n	20000bf2 <dcd_event_handler+0x46>
20000c04:	f3bf 8f5f 	dmb	sy
20000c08:	61a2      	str	r2, [r4, #24]
20000c0a:	4649      	mov	r1, r9
20000c0c:	4620      	mov	r0, r4
20000c0e:	f000 fa9f 	bl	20001150 <__tu_fifo_write_veneer>
20000c12:	2300      	movs	r3, #0
20000c14:	6962      	ldr	r2, [r4, #20]
20000c16:	e8c2 3f8f 	stlb	r3, [r2]
20000c1a:	69a3      	ldr	r3, [r4, #24]
20000c1c:	f383 8810 	msr	PRIMASK, r3
20000c20:	b948      	cbnz	r0, 20000c36 <dcd_event_handler+0x8a>
20000c22:	f04f 23e0 	mov.w	r3, #3758153728	@ 0xe000e000
20000c26:	f8d3 3df0 	ldr.w	r3, [r3, #3568]	@ 0xdf0
20000c2a:	07db      	lsls	r3, r3, #31
20000c2c:	d50a      	bpl.n	20000c44 <dcd_event_handler+0x98>
20000c2e:	be00      	bkpt	0x0000
20000c30:	b005      	add	sp, #20
20000c32:	e8bd 83f0 	ldmia.w	sp!, {r4, r5, r6, r7, r8, r9, pc}
20000c36:	462a      	mov	r2, r5
20000c38:	f899 1001 	ldrb.w	r1, [r9, #1]
20000c3c:	f899 0000 	ldrb.w	r0, [r9]
20000c40:	f000 fa9a 	bl	20001178 <__tud_event_hook_cb_veneer>
20000c44:	b005      	add	sp, #20
20000c46:	e8bd 83f0 	ldmia.w	sp!, {r4, r5, r6, r7, r8, r9, pc}
20000c4a:	4a5d      	ldr	r2, [pc, #372]	@ (20000dc0 <dcd_event_handler+0x214>)
20000c4c:	7813      	ldrb	r3, [r2, #0]
20000c4e:	3301      	adds	r3, #1
20000c50:	b2db      	uxtb	r3, r3
20000c52:	7013      	strb	r3, [r2, #0]
20000c54:	e7c7      	b.n	20000be6 <dcd_event_handler+0x3a>
20000c56:	2400      	movs	r4, #0
20000c58:	4e5a      	ldr	r6, [pc, #360]	@ (20000dc4 <dcd_event_handler+0x218>)
20000c5a:	4623      	mov	r3, r4
20000c5c:	7831      	ldrb	r1, [r6, #0]
20000c5e:	f8df 816c 	ldr.w	r8, [pc, #364]	@ 20000dcc <dcd_event_handler+0x220>
20000c62:	4f59      	ldr	r7, [pc, #356]	@ (20000dc8 <dcd_event_handler+0x21c>)
20000c64:	e011      	b.n	20000c8a <dcd_event_handler+0xde>
20000c66:	683b      	ldr	r3, [r7, #0]
20000c68:	eb13 1344 	adds.w	r3, r3, r4, lsl #5
20000c6c:	d007      	beq.n	20000c7e <dcd_event_handler+0xd2>
20000c6e:	69db      	ldr	r3, [r3, #28]
20000c70:	b12b      	cbz	r3, 20000c7e <dcd_event_handler+0xd2>
20000c72:	f8d9 1004 	ldr.w	r1, [r9, #4]
20000c76:	f899 0000 	ldrb.w	r0, [r9]
20000c7a:	4798      	blx	r3
20000c7c:	7831      	ldrb	r1, [r6, #0]
20000c7e:	3401      	adds	r4, #1
20000c80:	b2e4      	uxtb	r4, r4
20000c82:	1c4a      	adds	r2, r1, #1
20000c84:	42a2      	cmp	r2, r4
20000c86:	4623      	mov	r3, r4
20000c88:	db17      	blt.n	20000cba <dcd_event_handler+0x10e>
20000c8a:	42a1      	cmp	r1, r4
20000c8c:	d8eb      	bhi.n	20000c66 <dcd_event_handler+0xba>
20000c8e:	1a5b      	subs	r3, r3, r1
20000c90:	eb08 1343 	add.w	r3, r8, r3, lsl #5
20000c94:	e7eb      	b.n	20000c6e <dcd_event_handler+0xc2>
20000c96:	4b48      	ldr	r3, [pc, #288]	@ (20000db8 <dcd_event_handler+0x20c>)
20000c98:	781a      	ldrb	r2, [r3, #0]
20000c9a:	07d6      	lsls	r6, r2, #31
20000c9c:	d5d2      	bpl.n	20000c44 <dcd_event_handler+0x98>
20000c9e:	781a      	ldrb	r2, [r3, #0]
20000ca0:	f042 0204 	orr.w	r2, r2, #4
20000ca4:	701a      	strb	r2, [r3, #0]
20000ca6:	e79e      	b.n	20000be6 <dcd_event_handler+0x3a>
20000ca8:	4b43      	ldr	r3, [pc, #268]	@ (20000db8 <dcd_event_handler+0x20c>)
20000caa:	781a      	ldrb	r2, [r3, #0]
20000cac:	07d4      	lsls	r4, r2, #31
20000cae:	d5c9      	bpl.n	20000c44 <dcd_event_handler+0x98>
20000cb0:	781a      	ldrb	r2, [r3, #0]
20000cb2:	f022 0204 	bic.w	r2, r2, #4
20000cb6:	701a      	strb	r2, [r3, #0]
20000cb8:	e795      	b.n	20000be6 <dcd_event_handler+0x3a>
20000cba:	4c3f      	ldr	r4, [pc, #252]	@ (20000db8 <dcd_event_handler+0x20c>)
20000cbc:	7823      	ldrb	r3, [r4, #0]
20000cbe:	0758      	lsls	r0, r3, #29
20000cc0:	d43a      	bmi.n	20000d38 <dcd_event_handler+0x18c>
20000cc2:	78e3      	ldrb	r3, [r4, #3]
20000cc4:	07da      	lsls	r2, r3, #31
20000cc6:	d5bd      	bpl.n	20000c44 <dcd_event_handler+0x98>
20000cc8:	2303      	movs	r3, #3
20000cca:	2600      	movs	r6, #0
20000ccc:	4a3b      	ldr	r2, [pc, #236]	@ (20000dbc <dcd_event_handler+0x210>)
20000cce:	f899 1000 	ldrb.w	r1, [r9]
20000cd2:	6814      	ldr	r4, [r2, #0]
20000cd4:	f8d9 2004 	ldr.w	r2, [r9, #4]
20000cd8:	f88d 1004 	strb.w	r1, [sp, #4]
20000cdc:	f88d 3005 	strb.w	r3, [sp, #5]
20000ce0:	6963      	ldr	r3, [r4, #20]
20000ce2:	f8cd 6006 	str.w	r6, [sp, #6]
20000ce6:	f8cd 600a 	str.w	r6, [sp, #10]
20000cea:	f8ad 600e 	strh.w	r6, [sp, #14]
20000cee:	9202      	str	r2, [sp, #8]
20000cf0:	f3ef 8210 	mrs	r2, PRIMASK
20000cf4:	b672      	cpsid	i
20000cf6:	e8d3 0fcf 	ldaexb	r0, [r3]
20000cfa:	2101      	movs	r1, #1
20000cfc:	2800      	cmp	r0, #0
20000cfe:	d1fa      	bne.n	20000cf6 <dcd_event_handler+0x14a>
20000d00:	e8c3 1f40 	strexb	r0, r1, [r3]
20000d04:	2800      	cmp	r0, #0
20000d06:	d1f6      	bne.n	20000cf6 <dcd_event_handler+0x14a>
20000d08:	f3bf 8f5f 	dmb	sy
20000d0c:	4620      	mov	r0, r4
20000d0e:	61a2      	str	r2, [r4, #24]
20000d10:	a901      	add	r1, sp, #4
20000d12:	f000 fa1d 	bl	20001150 <__tu_fifo_write_veneer>
20000d16:	6963      	ldr	r3, [r4, #20]
20000d18:	e8c3 6f8f 	stlb	r6, [r3]
20000d1c:	69a3      	ldr	r3, [r4, #24]
20000d1e:	f383 8810 	msr	PRIMASK, r3
20000d22:	2800      	cmp	r0, #0
20000d24:	f43f af7d 	beq.w	20000c22 <dcd_event_handler+0x76>
20000d28:	462a      	mov	r2, r5
20000d2a:	f89d 1005 	ldrb.w	r1, [sp, #5]
20000d2e:	f89d 0004 	ldrb.w	r0, [sp, #4]
20000d32:	f000 fa21 	bl	20001178 <__tud_event_hook_cb_veneer>
20000d36:	e785      	b.n	20000c44 <dcd_event_handler+0x98>
20000d38:	7823      	ldrb	r3, [r4, #0]
20000d3a:	2700      	movs	r7, #0
20000d3c:	f023 0304 	bic.w	r3, r3, #4
20000d40:	7023      	strb	r3, [r4, #0]
20000d42:	2305      	movs	r3, #5
20000d44:	4a1d      	ldr	r2, [pc, #116]	@ (20000dbc <dcd_event_handler+0x210>)
20000d46:	f88d 3005 	strb.w	r3, [sp, #5]
20000d4a:	6816      	ldr	r6, [r2, #0]
20000d4c:	f899 2000 	ldrb.w	r2, [r9]
20000d50:	f8ad 700e 	strh.w	r7, [sp, #14]
20000d54:	f88d 2004 	strb.w	r2, [sp, #4]
20000d58:	6973      	ldr	r3, [r6, #20]
20000d5a:	f8cd 7006 	str.w	r7, [sp, #6]
20000d5e:	f8cd 700a 	str.w	r7, [sp, #10]
20000d62:	f3ef 8210 	mrs	r2, PRIMASK
20000d66:	b672      	cpsid	i
20000d68:	e8d3 0fcf 	ldaexb	r0, [r3]
20000d6c:	2101      	movs	r1, #1
20000d6e:	2800      	cmp	r0, #0
20000d70:	d1fa      	bne.n	20000d68 <dcd_event_handler+0x1bc>
20000d72:	e8c3 1f40 	strexb	r0, r1, [r3]
20000d76:	2800      	cmp	r0, #0
20000d78:	d1f6      	bne.n	20000d68 <dcd_event_handler+0x1bc>
20000d7a:	f3bf 8f5f 	dmb	sy
20000d7e:	4630      	mov	r0, r6
20000d80:	61b2      	str	r2, [r6, #24]
20000d82:	a901      	add	r1, sp, #4
20000d84:	f000 f9e4 	bl	20001150 <__tu_fifo_write_veneer>
20000d88:	6973      	ldr	r3, [r6, #20]
20000d8a:	e8c3 7f8f 	stlb	r7, [r3]
20000d8e:	69b3      	ldr	r3, [r6, #24]
20000d90:	f383 8810 	msr	PRIMASK, r3
20000d94:	b938      	cbnz	r0, 20000da6 <dcd_event_handler+0x1fa>
20000d96:	f04f 23e0 	mov.w	r3, #3758153728	@ 0xe000e000
20000d9a:	f8d3 3df0 	ldr.w	r3, [r3, #3568]	@ 0xdf0
20000d9e:	07d9      	lsls	r1, r3, #31
20000da0:	d58f      	bpl.n	20000cc2 <dcd_event_handler+0x116>
20000da2:	be00      	bkpt	0x0000
20000da4:	e78d      	b.n	20000cc2 <dcd_event_handler+0x116>
20000da6:	462a      	mov	r2, r5
20000da8:	f89d 1005 	ldrb.w	r1, [sp, #5]
20000dac:	f89d 0004 	ldrb.w	r0, [sp, #4]
20000db0:	f000 f9e2 	bl	20001178 <__tud_event_hook_cb_veneer>
20000db4:	e785      	b.n	20000cc2 <dcd_event_handler+0x116>
20000db6:	bf00      	nop
20000db8:	200015a4 	.word	0x200015a4
20000dbc:	200015fc 	.word	0x200015fc
20000dc0:	20001eaf 	.word	0x20001eaf
20000dc4:	20001ead 	.word	0x20001ead
20000dc8:	200013d4 	.word	0x200013d4
20000dcc:	10006d78 	.word	0x10006d78

20000dd0 <__aeabi_uldivmod>:
20000dd0:	b953      	cbnz	r3, 20000de8 <__aeabi_uldivmod+0x18>
20000dd2:	b94a      	cbnz	r2, 20000de8 <__aeabi_uldivmod+0x18>
20000dd4:	2900      	cmp	r1, #0
20000dd6:	bf08      	it	eq
20000dd8:	2800      	cmpeq	r0, #0
20000dda:	bf1c      	itt	ne
20000ddc:	f04f 31ff 	movne.w	r1, #4294967295	@ 0xffffffff
20000de0:	f04f 30ff 	movne.w	r0, #4294967295	@ 0xffffffff
20000de4:	f000 b9b2 	b.w	2000114c <__aeabi_idiv0>
20000de8:	f1ad 0c08 	sub.w	ip, sp, #8
20000dec:	e96d ce04 	strd	ip, lr, [sp, #-16]!
20000df0:	f000 f806 	bl	20000e00 <__udivmoddi4>
20000df4:	f8dd e004 	ldr.w	lr, [sp, #4]
20000df8:	e9dd 2302 	ldrd	r2, r3, [sp, #8]
20000dfc:	b004      	add	sp, #16
20000dfe:	4770      	bx	lr

20000e00 <__udivmoddi4>:
20000e00:	e92d 4ff0 	stmdb	sp!, {r4, r5, r6, r7, r8, r9, sl, fp, lr}
20000e04:	468c      	mov	ip, r1
20000e06:	9e09      	ldr	r6, [sp, #36]	@ 0x24
20000e08:	4604      	mov	r4, r0
20000e0a:	460f      	mov	r7, r1
20000e0c:	2b00      	cmp	r3, #0
20000e0e:	d148      	bne.n	20000ea2 <__udivmoddi4+0xa2>
20000e10:	428a      	cmp	r2, r1
20000e12:	4615      	mov	r5, r2
20000e14:	d95e      	bls.n	20000ed4 <__udivmoddi4+0xd4>
20000e16:	fab2 f382 	clz	r3, r2
20000e1a:	b13b      	cbz	r3, 20000e2c <__udivmoddi4+0x2c>
20000e1c:	f1c3 0220 	rsb	r2, r3, #32
20000e20:	409f      	lsls	r7, r3
20000e22:	409d      	lsls	r5, r3
20000e24:	409c      	lsls	r4, r3
20000e26:	fa20 f202 	lsr.w	r2, r0, r2
20000e2a:	4317      	orrs	r7, r2
20000e2c:	ea4f 4e15 	mov.w	lr, r5, lsr #16
20000e30:	fa1f fc85 	uxth.w	ip, r5
20000e34:	0c22      	lsrs	r2, r4, #16
20000e36:	fbb7 f1fe 	udiv	r1, r7, lr
20000e3a:	fb0e 7711 	mls	r7, lr, r1, r7
20000e3e:	fb01 f00c 	mul.w	r0, r1, ip
20000e42:	ea42 4207 	orr.w	r2, r2, r7, lsl #16
20000e46:	4290      	cmp	r0, r2
20000e48:	d907      	bls.n	20000e5a <__udivmoddi4+0x5a>
20000e4a:	18aa      	adds	r2, r5, r2
20000e4c:	f101 37ff 	add.w	r7, r1, #4294967295	@ 0xffffffff
20000e50:	d202      	bcs.n	20000e58 <__udivmoddi4+0x58>
20000e52:	4290      	cmp	r0, r2
20000e54:	f200 8158 	bhi.w	20001108 <__udivmoddi4+0x308>
20000e58:	4639      	mov	r1, r7
20000e5a:	1a12      	subs	r2, r2, r0
20000e5c:	b2a4      	uxth	r4, r4
20000e5e:	fbb2 f0fe 	udiv	r0, r2, lr
20000e62:	fb0e 2210 	mls	r2, lr, r0, r2
20000e66:	fb00 fc0c 	mul.w	ip, r0, ip
20000e6a:	ea44 4402 	orr.w	r4, r4, r2, lsl #16
20000e6e:	45a4      	cmp	ip, r4
20000e70:	d90b      	bls.n	20000e8a <__udivmoddi4+0x8a>
20000e72:	192c      	adds	r4, r5, r4
20000e74:	f100 32ff 	add.w	r2, r0, #4294967295	@ 0xffffffff
20000e78:	bf2c      	ite	cs
20000e7a:	2701      	movcs	r7, #1
20000e7c:	2700      	movcc	r7, #0
20000e7e:	45a4      	cmp	ip, r4
20000e80:	d902      	bls.n	20000e88 <__udivmoddi4+0x88>
20000e82:	2f00      	cmp	r7, #0
20000e84:	f000 8143 	beq.w	2000110e <__udivmoddi4+0x30e>
20000e88:	4610      	mov	r0, r2
20000e8a:	ea40 4001 	orr.w	r0, r0, r1, lsl #16
20000e8e:	eba4 040c 	sub.w	r4, r4, ip
20000e92:	2100      	movs	r1, #0
20000e94:	b11e      	cbz	r6, 20000e9e <__udivmoddi4+0x9e>
20000e96:	40dc      	lsrs	r4, r3
20000e98:	2300      	movs	r3, #0
20000e9a:	e9c6 4300 	strd	r4, r3, [r6]
20000e9e:	e8bd 8ff0 	ldmia.w	sp!, {r4, r5, r6, r7, r8, r9, sl, fp, pc}
20000ea2:	428b      	cmp	r3, r1
20000ea4:	d906      	bls.n	20000eb4 <__udivmoddi4+0xb4>
20000ea6:	b10e      	cbz	r6, 20000eac <__udivmoddi4+0xac>
20000ea8:	e9c6 0100 	strd	r0, r1, [r6]
20000eac:	2100      	movs	r1, #0
20000eae:	4608      	mov	r0, r1
20000eb0:	e8bd 8ff0 	ldmia.w	sp!, {r4, r5, r6, r7, r8, r9, sl, fp, pc}
20000eb4:	fab3 f183 	clz	r1, r3
20000eb8:	2900      	cmp	r1, #0
20000eba:	d151      	bne.n	20000f60 <__udivmoddi4+0x160>
20000ebc:	4563      	cmp	r3, ip
20000ebe:	f0c0 8116 	bcc.w	200010ee <__udivmoddi4+0x2ee>
20000ec2:	4282      	cmp	r2, r0
20000ec4:	f240 8113 	bls.w	200010ee <__udivmoddi4+0x2ee>
20000ec8:	4608      	mov	r0, r1
20000eca:	2e00      	cmp	r6, #0
20000ecc:	d0e7      	beq.n	20000e9e <__udivmoddi4+0x9e>
20000ece:	e9c6 4700 	strd	r4, r7, [r6]
20000ed2:	e7e4      	b.n	20000e9e <__udivmoddi4+0x9e>
20000ed4:	2a00      	cmp	r2, #0
20000ed6:	f000 80af 	beq.w	20001038 <__udivmoddi4+0x238>
20000eda:	fab2 f382 	clz	r3, r2
20000ede:	2b00      	cmp	r3, #0
20000ee0:	f040 80c2 	bne.w	20001068 <__udivmoddi4+0x268>
20000ee4:	1a8a      	subs	r2, r1, r2
20000ee6:	ea4f 4e15 	mov.w	lr, r5, lsr #16
20000eea:	b2af      	uxth	r7, r5
20000eec:	2101      	movs	r1, #1
20000eee:	0c20      	lsrs	r0, r4, #16
20000ef0:	fbb2 fcfe 	udiv	ip, r2, lr
20000ef4:	fb0e 221c 	mls	r2, lr, ip, r2
20000ef8:	ea40 4202 	orr.w	r2, r0, r2, lsl #16
20000efc:	fb07 f00c 	mul.w	r0, r7, ip
20000f00:	4290      	cmp	r0, r2
20000f02:	d90e      	bls.n	20000f22 <__udivmoddi4+0x122>
20000f04:	18aa      	adds	r2, r5, r2
20000f06:	f10c 38ff 	add.w	r8, ip, #4294967295	@ 0xffffffff
20000f0a:	bf2c      	ite	cs
20000f0c:	f04f 0901 	movcs.w	r9, #1
20000f10:	f04f 0900 	movcc.w	r9, #0
20000f14:	4290      	cmp	r0, r2
20000f16:	d903      	bls.n	20000f20 <__udivmoddi4+0x120>
20000f18:	f1b9 0f00 	cmp.w	r9, #0
20000f1c:	f000 80f0 	beq.w	20001100 <__udivmoddi4+0x300>
20000f20:	46c4      	mov	ip, r8
20000f22:	1a12      	subs	r2, r2, r0
20000f24:	b2a4      	uxth	r4, r4
20000f26:	fbb2 f0fe 	udiv	r0, r2, lr
20000f2a:	fb0e 2210 	mls	r2, lr, r0, r2
20000f2e:	fb00 f707 	mul.w	r7, r0, r7
20000f32:	ea44 4402 	orr.w	r4, r4, r2, lsl #16
20000f36:	42a7      	cmp	r7, r4
20000f38:	d90e      	bls.n	20000f58 <__udivmoddi4+0x158>
20000f3a:	192c      	adds	r4, r5, r4
20000f3c:	f100 32ff 	add.w	r2, r0, #4294967295	@ 0xffffffff
20000f40:	bf2c      	ite	cs
20000f42:	f04f 0e01 	movcs.w	lr, #1
20000f46:	f04f 0e00 	movcc.w	lr, #0
20000f4a:	42a7      	cmp	r7, r4
20000f4c:	d903      	bls.n	20000f56 <__udivmoddi4+0x156>
20000f4e:	f1be 0f00 	cmp.w	lr, #0
20000f52:	f000 80d2 	beq.w	200010fa <__udivmoddi4+0x2fa>
20000f56:	4610      	mov	r0, r2
20000f58:	1be4      	subs	r4, r4, r7
20000f5a:	ea40 400c 	orr.w	r0, r0, ip, lsl #16
20000f5e:	e799      	b.n	20000e94 <__udivmoddi4+0x94>
20000f60:	f1c1 0520 	rsb	r5, r1, #32
20000f64:	408b      	lsls	r3, r1
20000f66:	fa0c f401 	lsl.w	r4, ip, r1
20000f6a:	fa00 f901 	lsl.w	r9, r0, r1
20000f6e:	fa22 f705 	lsr.w	r7, r2, r5
20000f72:	fa2c fc05 	lsr.w	ip, ip, r5
20000f76:	408a      	lsls	r2, r1
20000f78:	431f      	orrs	r7, r3
20000f7a:	fa20 f305 	lsr.w	r3, r0, r5
20000f7e:	0c38      	lsrs	r0, r7, #16
20000f80:	4323      	orrs	r3, r4
20000f82:	fa1f fe87 	uxth.w	lr, r7
20000f86:	0c1c      	lsrs	r4, r3, #16
20000f88:	fbbc f8f0 	udiv	r8, ip, r0
20000f8c:	fb00 cc18 	mls	ip, r0, r8, ip
20000f90:	ea44 440c 	orr.w	r4, r4, ip, lsl #16
20000f94:	fb08 fc0e 	mul.w	ip, r8, lr
20000f98:	45a4      	cmp	ip, r4
20000f9a:	d90e      	bls.n	20000fba <__udivmoddi4+0x1ba>
20000f9c:	193c      	adds	r4, r7, r4
20000f9e:	f108 3aff 	add.w	sl, r8, #4294967295	@ 0xffffffff
20000fa2:	bf2c      	ite	cs
20000fa4:	f04f 0b01 	movcs.w	fp, #1
20000fa8:	f04f 0b00 	movcc.w	fp, #0
20000fac:	45a4      	cmp	ip, r4
20000fae:	d903      	bls.n	20000fb8 <__udivmoddi4+0x1b8>
20000fb0:	f1bb 0f00 	cmp.w	fp, #0
20000fb4:	f000 80b8 	beq.w	20001128 <__udivmoddi4+0x328>
20000fb8:	46d0      	mov	r8, sl
20000fba:	eba4 040c 	sub.w	r4, r4, ip
20000fbe:	fa1f fc83 	uxth.w	ip, r3
20000fc2:	fbb4 f3f0 	udiv	r3, r4, r0
20000fc6:	fb00 4413 	mls	r4, r0, r3, r4
20000fca:	fb03 fe0e 	mul.w	lr, r3, lr
20000fce:	ea4c 4404 	orr.w	r4, ip, r4, lsl #16
20000fd2:	45a6      	cmp	lr, r4
20000fd4:	d90e      	bls.n	20000ff4 <__udivmoddi4+0x1f4>
20000fd6:	193c      	adds	r4, r7, r4
20000fd8:	f103 30ff 	add.w	r0, r3, #4294967295	@ 0xffffffff
20000fdc:	bf2c      	ite	cs
20000fde:	f04f 0c01 	movcs.w	ip, #1
20000fe2:	f04f 0c00 	movcc.w	ip, #0
20000fe6:	45a6      	cmp	lr, r4
20000fe8:	d903      	bls.n	20000ff2 <__udivmoddi4+0x1f2>
20000fea:	f1bc 0f00 	cmp.w	ip, #0
20000fee:	f000 809f 	beq.w	20001130 <__udivmoddi4+0x330>
20000ff2:	4603      	mov	r3, r0
20000ff4:	ea43 4008 	orr.w	r0, r3, r8, lsl #16
20000ff8:	eba4 040e 	sub.w	r4, r4, lr
20000ffc:	fba0 ec02 	umull	lr, ip, r0, r2
20001000:	4564      	cmp	r4, ip
20001002:	4673      	mov	r3, lr
20001004:	46e0      	mov	r8, ip
20001006:	d302      	bcc.n	2000100e <__udivmoddi4+0x20e>
20001008:	d107      	bne.n	2000101a <__udivmoddi4+0x21a>
2000100a:	45f1      	cmp	r9, lr
2000100c:	d205      	bcs.n	2000101a <__udivmoddi4+0x21a>
2000100e:	ebbe 0302 	subs.w	r3, lr, r2
20001012:	eb6c 0c07 	sbc.w	ip, ip, r7
20001016:	3801      	subs	r0, #1
20001018:	46e0      	mov	r8, ip
2000101a:	b15e      	cbz	r6, 20001034 <__udivmoddi4+0x234>
2000101c:	ebb9 0203 	subs.w	r2, r9, r3
20001020:	eb64 0408 	sbc.w	r4, r4, r8
20001024:	fa04 f505 	lsl.w	r5, r4, r5
20001028:	fa22 f301 	lsr.w	r3, r2, r1
2000102c:	40cc      	lsrs	r4, r1
2000102e:	431d      	orrs	r5, r3
20001030:	e9c6 5400 	strd	r5, r4, [r6]
20001034:	2100      	movs	r1, #0
20001036:	e732      	b.n	20000e9e <__udivmoddi4+0x9e>
20001038:	0842      	lsrs	r2, r0, #1
2000103a:	462f      	mov	r7, r5
2000103c:	084b      	lsrs	r3, r1, #1
2000103e:	46ac      	mov	ip, r5
20001040:	ea42 72c1 	orr.w	r2, r2, r1, lsl #31
20001044:	46ae      	mov	lr, r5
20001046:	07c4      	lsls	r4, r0, #31
20001048:	0c11      	lsrs	r1, r2, #16
2000104a:	b292      	uxth	r2, r2
2000104c:	ea41 4103 	orr.w	r1, r1, r3, lsl #16
20001050:	ea42 4201 	orr.w	r2, r2, r1, lsl #16
20001054:	fbb1 f1f5 	udiv	r1, r1, r5
20001058:	fbb3 f0f5 	udiv	r0, r3, r5
2000105c:	231f      	movs	r3, #31
2000105e:	eba2 020c 	sub.w	r2, r2, ip
20001062:	ea41 4100 	orr.w	r1, r1, r0, lsl #16
20001066:	e742      	b.n	20000eee <__udivmoddi4+0xee>
20001068:	409d      	lsls	r5, r3
2000106a:	f1c3 0220 	rsb	r2, r3, #32
2000106e:	4099      	lsls	r1, r3
20001070:	409c      	lsls	r4, r3
20001072:	fa2c fc02 	lsr.w	ip, ip, r2
20001076:	ea4f 4e15 	mov.w	lr, r5, lsr #16
2000107a:	fa20 f202 	lsr.w	r2, r0, r2
2000107e:	b2af      	uxth	r7, r5
20001080:	fbbc f8fe 	udiv	r8, ip, lr
20001084:	430a      	orrs	r2, r1
20001086:	fb0e cc18 	mls	ip, lr, r8, ip
2000108a:	0c11      	lsrs	r1, r2, #16
2000108c:	ea41 410c 	orr.w	r1, r1, ip, lsl #16
20001090:	fb08 fc07 	mul.w	ip, r8, r7
20001094:	458c      	cmp	ip, r1
20001096:	d950      	bls.n	2000113a <__udivmoddi4+0x33a>
20001098:	1869      	adds	r1, r5, r1
2000109a:	f108 30ff 	add.w	r0, r8, #4294967295	@ 0xffffffff
2000109e:	bf2c      	ite	cs
200010a0:	f04f 0901 	movcs.w	r9, #1
200010a4:	f04f 0900 	movcc.w	r9, #0
200010a8:	458c      	cmp	ip, r1
200010aa:	d902      	bls.n	200010b2 <__udivmoddi4+0x2b2>
200010ac:	f1b9 0f00 	cmp.w	r9, #0
200010b0:	d030      	beq.n	20001114 <__udivmoddi4+0x314>
200010b2:	eba1 010c 	sub.w	r1, r1, ip
200010b6:	fbb1 f8fe 	udiv	r8, r1, lr
200010ba:	fb08 fc07 	mul.w	ip, r8, r7
200010be:	fb0e 1118 	mls	r1, lr, r8, r1
200010c2:	b292      	uxth	r2, r2
200010c4:	ea42 4201 	orr.w	r2, r2, r1, lsl #16
200010c8:	4562      	cmp	r2, ip
200010ca:	d234      	bcs.n	20001136 <__udivmoddi4+0x336>
200010cc:	18aa      	adds	r2, r5, r2
200010ce:	f108 31ff 	add.w	r1, r8, #4294967295	@ 0xffffffff
200010d2:	bf2c      	ite	cs
200010d4:	f04f 0901 	movcs.w	r9, #1
200010d8:	f04f 0900 	movcc.w	r9, #0
200010dc:	4562      	cmp	r2, ip
200010de:	d2be      	bcs.n	2000105e <__udivmoddi4+0x25e>
200010e0:	f1b9 0f00 	cmp.w	r9, #0
200010e4:	d1bb      	bne.n	2000105e <__udivmoddi4+0x25e>
200010e6:	f1a8 0102 	sub.w	r1, r8, #2
200010ea:	442a      	add	r2, r5
200010ec:	e7b7      	b.n	2000105e <__udivmoddi4+0x25e>
200010ee:	1a84      	subs	r4, r0, r2
200010f0:	eb6c 0203 	sbc.w	r2, ip, r3
200010f4:	2001      	movs	r0, #1
200010f6:	4617      	mov	r7, r2
200010f8:	e6e7      	b.n	20000eca <__udivmoddi4+0xca>
200010fa:	442c      	add	r4, r5
200010fc:	3802      	subs	r0, #2
200010fe:	e72b      	b.n	20000f58 <__udivmoddi4+0x158>
20001100:	f1ac 0c02 	sub.w	ip, ip, #2
20001104:	442a      	add	r2, r5
20001106:	e70c      	b.n	20000f22 <__udivmoddi4+0x122>
20001108:	3902      	subs	r1, #2
2000110a:	442a      	add	r2, r5
2000110c:	e6a5      	b.n	20000e5a <__udivmoddi4+0x5a>
2000110e:	442c      	add	r4, r5
20001110:	3802      	subs	r0, #2
20001112:	e6ba      	b.n	20000e8a <__udivmoddi4+0x8a>
20001114:	eba5 0c0c 	sub.w	ip, r5, ip
20001118:	f1a8 0002 	sub.w	r0, r8, #2
2000111c:	4461      	add	r1, ip
2000111e:	fbb1 f8fe 	udiv	r8, r1, lr
20001122:	fb08 fc07 	mul.w	ip, r8, r7
20001126:	e7ca      	b.n	200010be <__udivmoddi4+0x2be>
20001128:	f1a8 0802 	sub.w	r8, r8, #2
2000112c:	443c      	add	r4, r7
2000112e:	e744      	b.n	20000fba <__udivmoddi4+0x1ba>
20001130:	3b02      	subs	r3, #2
20001132:	443c      	add	r4, r7
20001134:	e75e      	b.n	20000ff4 <__udivmoddi4+0x1f4>
20001136:	4641      	mov	r1, r8
20001138:	e791      	b.n	2000105e <__udivmoddi4+0x25e>
2000113a:	eba1 010c 	sub.w	r1, r1, ip
2000113e:	4640      	mov	r0, r8
20001140:	fbb1 f8fe 	udiv	r8, r1, lr
20001144:	fb08 fc07 	mul.w	ip, r8, r7
20001148:	e7b9      	b.n	200010be <__udivmoddi4+0x2be>
2000114a:	bf00      	nop

2000114c <__aeabi_idiv0>:
2000114c:	4770      	bx	lr
2000114e:	bf00      	nop

20001150 <__tu_fifo_write_veneer>:
20001150:	f85f f000 	ldr.w	pc, [pc]	@ 20001154 <__tu_fifo_write_veneer+0x4>
20001154:	100063f5 	.word	0x100063f5

20001158 <__time_us_64_veneer>:
20001158:	f85f f000 	ldr.w	pc, [pc]	@ 2000115c <__time_us_64_veneer+0x4>
2000115c:	10001915 	.word	0x10001915

20001160 <__memset_veneer>:
20001160:	f85f f000 	ldr.w	pc, [pc]	@ 20001164 <__memset_veneer+0x4>
20001164:	10006669 	.word	0x10006669

20001168 <__panic_veneer>:
20001168:	f85f f000 	ldr.w	pc, [pc]	@ 2000116c <__panic_veneer+0x4>
2000116c:	100008e5 	.word	0x100008e5

20001170 <__best_effort_wfe_or_timeout_veneer>:
20001170:	f85f f000 	ldr.w	pc, [pc]	@ 20001174 <__best_effort_wfe_or_timeout_veneer+0x4>
20001174:	1000180d 	.word	0x1000180d

20001178 <__tud_event_hook_cb_veneer>:
20001178:	f85f f000 	ldr.w	pc, [pc]	@ 2000117c <__tud_event_hook_cb_veneer+0x4>
2000117c:	10004a1d 	.word	0x10004a1d

20001180 <_ZL18activeInterruptPin>:
20001180:	0000000f                                ....

20001184 <_ZL15activeSyncWidth>:
20001184:	00000fa0                                ....

20001188 <_ZL18activeChannelCount>:
20001188:	                                         .

20001189 <striped_spin_lock_num>:
20001189:	                                         ...

2000118c <irq_handler_chain_slots>:
2000118c:	00000000 	.word	0x00000000
20001190:	00010000 	.word	0x00010000
	...
2000119c:	00020000 	.word	0x00020000
	...
200011a8:	00030000 	.word	0x00030000
	...
200011b4:	00ff0000 	.word	0x00ff0000
200011b8:	00000000 	.word	0x00000000

200011bc <irq_handler_chain_first_slot>:
200011bc:	b501      	push	{r0, lr}
200011be:	6848      	ldr	r0, [r1, #4]
200011c0:	3101      	adds	r1, #1
200011c2:	468e      	mov	lr, r1
200011c4:	4700      	bx	r0

200011c6 <irq_handler_chain_remove_tail>:
200011c6:	4670      	mov	r0, lr
200011c8:	3809      	subs	r0, #9
200011ca:	4901      	ldr	r1, [pc, #4]	@ (200011d0 <irq_handler_chain_remove_tail+0xa>)
200011cc:	4788      	blx	r1
200011ce:	bd01      	pop	{r0, pc}
200011d0:	10000f4d 	.word	0x10000f4d

200011d4 <default_alarm_pool>:
	...
200011e8:	20001248                                H.. 

200011ec <stdio_uart>:
200011ec:	10003d85 10003e8d 10003dd5 10003e9d     .=...>...=...>..
200011fc:	00000000 00000100                       ........

20001204 <stdio_usb>:
20001204:	100041c9 10004175 100040ed 1000405d     .A..uA...@..]@..
20001214:	00000000 00000100                       ........

2000121c <_usbd_qdef>:
2000121c:	20001600 000c0010 00000000 00000000     ... ............
	...

20001238 <_usbd_rhport>:
20001238:	000000ff                                ....

2000123c <print_mutex>:
	...
